;L, μμ;hn58,naco3-11,53, 800 .csv;Result;fail;Predict
0;3,533333333;14,02;7,116836121;47,65367153;6,732767322
1;4,416666667;14,08;7,140182986;48,16106019;6,758491468
2;5,3;13,99;7,163529851;46,6006947;6,784215614
3;6,183333333;13,87;7,186876715;44,66413684;6,80993976
4;7,066666667;13,82;7,21022358;43,68914433;6,835663905
5;7,95;13,98;7,233570444;45,51431175;6,861388051
6;8,833333333;13,99;7,256917309;45,33440253;6,887112197
7;9,716666667;14,27;7,280264173;48,85640693;6,912836343
8;10,6;14,57;7,303611038;52,80040855;6,938560489
9;11,48333333;14,6;7,326957903;52,89714135;6,964284634
10;12,36666667;14,54;7,350304767;51,69171754;6,99000878
11;13,25;14,73;7,373651632;54,11586132;7,015732926
12;14,13333333;14,81;7,396998496;54,9525913;7,041457072
13;15,01666667;14,91;7,420345361;56,09492661;7,067181218
14;15,9;15,17;7,443692225;59,69583183;7,092905363
15;16,78333333;15,4;7,46703909;62,9318688;7,118629509
16;17,66666667;15,72;7,490385954;67,72654734;7,144353655
17;18,55;15,61;7,513732819;65,54954227;7,170077801
18;19,43333333;15,61;7,537079684;65,17204243;7,195801947
19;20,31666667;15,69;7,560426548;66,08996451;7,221526092
20;21,2;15,77;7,583773413;67,01430574;7,247250238
21;22,08333333;15,62;7,607120277;64,20624145;7,272974384
22;22,96666667;15,64;7,630467142;64,15261661;7,29869853
23;23,85;15,62;7,653814006;63,46011928;7,324422676
24;24,73333333;15,65;7,677160871;63,56616378;7,350146821
25;25,61666667;15,67;7,700507736;63,51280695;7,375870967
26;26,5;15,68;7,7238546;63,30024962;7,401595113
27;27,38333333;15,91;7,747201465;66,63127993;7,427319259
28;28,26666667;16,07;7,770548329;68,88089804;7,453043404
29;29,15;16,18;7,793895194;70,32675382;7,47876755
30;30,03333333;16,11;7,817242058;68,76983428;7,504491696
31;30,91666667;16,09;7,840588923;68,05278312;7,530215842
32;31,8;16,04;7,863935787;66,84802601;7,555939988
33;32,68333333;16,09;7,887282652;67,28457189;7,581664133
34;33,56666667;15,72;7,910629517;60,98626735;7,607388279
35;34,45;15,73;7,933976381;60,77798427;7,633112425
36;35,33333333;15,74;7,957323246;60,57005746;7,658836571
37;36,21666667;15,72;7,98067011;59,89722714;7,684560717
38;37,1;15,53;8,004016975;56,64042049;7,710284862
39;37,98333333;15,54;8,027363839;56,43970208;7,736009008
40;38,86666667;15,42;8,050710704;54,30642473;7,761733154
41;39,75;15,51;8,074057569;55,29323984;7,7874573
42;40,63333333;15,5;8,097404433;54,79842113;7,813181446
43;41,51666667;15,51;8,120751298;54,60099638;7,838905591
44;42,4;15,68;8,144098162;56,78981651;7,864629737
45;43,28333333;15,73;8,167445027;57,19223772;7,890353883
46;44,16666667;15,72;8,190791891;56,68897474;7,916078029
47;45,05;15,56;8,214138756;53,96167742;7,941802174
48;45,93333333;15,55;8,237485621;53,47286655;7,96752632
49;46,81666667;15,61;8,260832485;54,01026316;7,993250466
50;47,7;15,61;8,28417935;53,6676482;8,018974612
51;48,58333333;15,57;8,307526214;52,74352549;8,044698758
52;49,46666667;15,65;8,330873079;53,56961889;8,070422903
53;50,35;15,56;8,354219943;51,92326623;8,096147049
54;51,23333333;15,54;8,377566808;51,30044923;8,121871195
55;52,11666667;15,53;8,400913672;50,82387187;8,147595341
56;53;15,49;8,424260537;49,92467416;8,173319487
57;53,88333333;15,34;8,447607402;47,50507573;8,199043632
58;54,76666667;15,38;8,470954266;47,73491295;8,224767778
59;55,65;15,38;8,494301131;47,41284892;8,250491924
60;56,53333333;15,59;8,517647995;50,01816288;8,27621607
61;57,41666667;15,56;8,54099486;49,26643316;8,301940216
62;58,3;15,66;8,564341724;50,34836636;8,327664361
63;59,18333333;15,78;8,587688589;51,72934343;8,353388507
64;60,06666667;15,73;8,611035454;50,67965621;8,379112653
65;60,95;15,52;8,634382318;47,41173086;8,404836799
66;61,83333333;15,58;8,657729183;47,91783327;8,430560945
67;62,71666667;15,58;8,681076047;47,59515171;8,45628509
68;63,6;15,5;8,704422912;46,17986796;8,482009236
69;64,48333333;15,57;8,727769776;46,81611443;8,507733382
70;65,36666667;15,57;8,751116641;46,49717027;8,533457528
71;66,25;15,37;8,774463505;43,50110165;8,559181673
72;67,13333333;15,16;8,79781037;40,47745689;8,584905819
73;68,01666667;14,96;8,821157235;37,6853905;8,610629965
74;68,9;14,73;8,844504099;34,639062;8,636354111
75;69,78333333;14,49;8,867850964;31,60855979;8,662078257
76;70,66666667;14,45;8,891197828;30,90028158;8,687802402
77;71,55;14,43;8,914544693;30,42024725;8,713526548
78;72,43333333;14,25;8,937891557;28,21849611;8,739250694
79;73,31666667;13,89;8,961238422;24,29269069;8,76497484
80;74,2;14,03;8,984585287;25,45620963;8,790698986
81;75,08333333;14,21;9,007932151;27,0615099;8,816423131
82;75,96666667;14,2;9,031279016;26,71567661;8,842147277
83;76,85;14,31;9,05462588;27,61895714;8,867871423
84;77,73333333;14,45;9,077972745;28,85867683;8,893595569
85;78,61666667;14,29;9,101319609;26,9224042;8,919319715
86;79,5;14,05;9,124666474;24,25891034;8,94504386
87;80,38333333;14,06;9,148013338;24,12761296;8,970768006
88;81,26666667;14,24;9,171360203;25,69110939;8,996492152
89;82,15;14,27;9,194707068;25,75859835;9,022216298
90;83,03333333;14,2;9,218053932;24,81978662;9,047940444
91;83,91666667;14,27;9,241400797;25,28680995;9,073664589
92;84,8;14,22;9,264747661;24,55452574;9,099388735
93;85,68333333;13,98;9,288094526;22,01397698;9,125112881
94;86,56666667;14,12;9,31144139;23,1222359;9,150837027
95;87,45;14,13;9,334788255;22,99405568;9,176561172
96;88,33333333;14,15;9,35813512;22,96196903;9,202285318
97;89,21666667;14,13;9,381481984;22,54842335;9,228009464
98;90,1;14,18;9,404828849;22,80225952;9,25373361
99;90,98333333;14,1;9,428175713;21,82594217;9,279457756
100;91,86666667;14,21;9,451522578;22,64310738;9,305181901
101;92,75;14,07;9,474869442;21,11522484;9,330906047
102;93,63333333;14,24;9,498216307;22,48451259;9,356630193
103;94,51666667;14,27;9,521563171;22,54765231;9,382354339
104;95,4;14,31;9,544910036;22,70608236;9,408078485
105;96,28333333;14,3;9,568256901;22,38939276;9,43380263
106;97,16666667;14,32;9,591603765;22,35773095;9,459526776
107;98,05;14,19;9,61495063;20,93107674;9,485250922
108;98,93333333;14,13;9,638297494;20,1753914;9,510975068
109;99,81666667;14,14;9,661644359;20,05566925;9,536699214
110;100,7;14,13;9,684991223;19,75810302;9,562423359
111;101,5833333;14,19;9,708338088;20,08529349;9,588147505
112;102,4666667;14,4;9,731684953;21,79316538;9,613871651
113;103,35;14,59;9,755031817;23,37691733;9,639595797
114;104,2333333;14,4;9,778378682;21,35938361;9,665319942
115;105,1166667;14,49;9,801725546;21,97991735;9,691044088
116;106;14,52;9,825072411;22,04234507;9,716768234
117;106,8833333;14,42;9,848419275;20,89935032;9,74249238
118;107,7666667;14,42;9,87176614;20,68643125;9,768216526
119;108,65;14,51;9,895113005;21,29718198;9,793940671
120;109,5333333;14,48;9,918459869;20,80764837;9,819664817
121;110,4166667;14,62;9,941806734;21,88549224;9,845388963
122;111,3;14,57;9,965153598;21,20461038;9,871113109
123;112,1833333;14,54;9,988500463;20,71614804;9,896837255
124;113,0666667;14,66;10,01184733;21,60532327;9,9225614
125;113,95;14,63;10,03519419;21,11224041;9,948285546
126;114,8333333;14,57;10,05854106;20,3532618;9,974009692
127;115,7166667;14,68;10,08188792;21,14263469;9,999733838
128;116,6;14,67;10,10523479;20,83708146;10,02545798
129;117,4833333;14,72;10,12858165;21,08112246;10,05118213
130;118,3666667;14,83;10,15192851;21,88435282;10,07690628
131;119,25;14,7;10,17527538;20,47313289;10,10263042
132;120,1333333;14,82;10,19862224;21,35713237;10,12835457
133;121,0166667;14,8;10,22196911;20,95836684;10,15407871
134;121,9;14,84;10,24531597;21,11112131;10,17980286
135;122,7833333;14,78;10,26866284;20,35216299;10,205527
136;123,6666667;14,83;10,2920097;20,59335594;10,23125115
137;124,55;14,72;10,31535657;19,40088377;10,2569753
138;125,4333333;14,77;10,33870343;19,63638928;10,28269944
139;126,3166667;14,63;10,3620503;18,21539468;10,30842359
140;127,2;14,71;10,38539716;18,70218972;10,33414773
141;128,0833333;14,76;10,40874402;18,93342856;10,35987188
142;128,9666667;14,67;10,43209089;17,95987363;10,38559602
143;129,85;14,67;10,45543775;17,76253493;10,41132017
144;130,7333333;14,68;10,47878462;17,65021068;10,43704432
145;131,6166667;14,65;10,50213148;17,20481323;10,46276846
146;132,5;14,73;10,52547835;17,67800232;10,48849261
147;133,3833333;14,8;10,54882521;18,07248708;10,51421675
148;134,2666667;14,84;10,57217208;18,21435518;10,5399409
149;135,15;14,95;10,59551894;18,96150529;10,56566505
150;136,0333333;14,81;10,61886581;17,56560583;10,59138919
151;136,9166667;14,71;10,64221267;16,54689376;10,61711334
152;137,8;14,6;10,66555954;15,47982177;10,64283748
153;138,6833333;14,6;10,6889064;15,29665315;10,66856163
154;139,5666667;14,54;10,71225326;14,65164507;10,69428577
155;140,45;14,59;10,73560013;14,85639837;10,72000992
156;141,3333333;14,7;10,75894699;15,5318988;10,74573407
157;142,2166667;14,97;10,78229386;17,53688273;10,77145821
158;143,1;14,93;10,80564072;17,01033945;10,79718236
159;143,9833333;14,9;10,82898759;16,57314207;10,8229065
160;144,8666667;14,82;10,85233445;15,7423699;10,84863065
161;145,75;14,59;10,87568132;13,79616329;10,87435479
162;146,6333333;14,09;10,89902818;10,18230115;10,90007894
163;159,8833333;14,21;11,24923115;8,766152188;11,28594113
164;160,7666667;14,4;11,27257801;9,78076828;11,31166527
165;161,65;14,64;11,29592488;11,18283842;11,33738942
166;162,5333333;15;11,31927174;13,5477605;11,36311356
167;163,4166667;15,35;11,34261861;16,05910563;11,38883771
168;164,3;15,22;11,36596547;14,85358214;11,41456186
169;165,1833333;15,04;11,38931234;13,32752042;11,440286
170;166,0666667;14,8;11,4126592;11,47407769;11,46601015
171;166,95;14,64;11,43600607;10,26557713;11,49173429
172;167,8333333;14,7;11,45935293;10,50179343;11,51745844
173;168,7166667;14,7;11,48269979;10,35102061;11,54318259
174;169,6;14,78;11,50604666;10,71877048;11,56890673
175;170,4833333;14,88;11,52939352;11,22656376;11,59463088
176;171,3666667;14,83;11,55274039;10,74043056;11,62035502
177;172,25;14,81;11,57608725;10,45819165;11,64607917
178;173,1333333;14,85;11,59943412;10,56617856;11,67180331
179;174,0166667;14,86;11,62278098;10,47958697;11,69752746
180;174,9;14,82;11,64612785;10,07346445;11,72325161
181;175,7833333;14,89;11,66947471;10,37178313;11,74897575
182;176,6666667;14,86;11,69282158;10,03101917;11,7746999
183;177,55;14,83;11,71616844;9,695946981;11,80042404
184;178,4333333;14,77;11,73951531;9,183837487;11,82614819
185;179,3166667;14,84;11,76286217;9,468777227;11,85187233
186;180,2;14,86;11,78620903;9,448190902;11,87759648
187;181,0833333;14,83;11,8095559;9,123082569;11,90332063
188;181,9666667;14,79;11,83290276;8,744424067;11,92904477
189;182,85;14,95;11,85624963;9,571291365;11,95476892
190;183,7333333;14,94;11,87959649;9,366069629;11,98049306
191;184,6166667;14,9;11,90294336;8,982348522;12,00621721
192;185,5;14,96;11,92629022;9,20339502;12,03194136
193;186,3833333;14,95;11,94963709;9,002177615;12,0576655
194;187,2666667;14,69;11,97298395;7,382176212;12,08338965
195;188,15;14,63;11,99633082;6,936213375;12,10911379
196;189,0333333;14,64;12,01967768;6,866089062;12,13483794
197;189,9166667;14,47;12,04302454;5,890209862;12,16056208
198;190,8;14,44;12,06637141;5,634112688;12,18628623
199;191,6833333;14,6;12,08971827;6,301514347;12,21201038
200;192,5666667;14,63;12,11306514;6,334961099;12,23773452
201;193,45;14,69;12,136412;6,52081166;12,26345867
202;194,3333333;14,72;12,15975887;6,554834658;12,28918281
203;195,2166667;14,77;12,18310573;6,692021955;12,31490696
204;196,1;14,6;12,2064526;5,729069174;12,3406311
205;196,9833333;14,59;12,22979946;5,570546585;12,36635525
206;197,8666667;14,42;12,25314633;4,695254847;12,3920794
207;198,75;14,57;12,27649319;5,260173488;12,41780354
208;199,6333333;14,61;12,29984005;5,336838974;12,44352769
209;200,5166667;14,78;12,32318692;6,035930514;12,46925183
210;201,4;14,83;12,34653378;6,167604448;12,49497598
211;202,2833333;14,84;12,36988065;6,101489612;12,52070013
212;203,1666667;14,73;12,39322751;5,460505657;12,54642427
213;204,05;14,62;12,41657438;4,855084475;12,57214842
214;204,9333333;14,57;12,43992124;4,537235516;12,59787256
215;205,8166667;14,6;12,46326811;4,565623185;12,62359671
216;206,7;14,72;12,48661497;4,988008688;12,64932085
217;207,5833333;14,79;12,50996184;5,198574031;12,675045
218;208,4666667;14,94;12,5333087;5,792163013;12,70076915
219;209,35;14,84;12,55665556;5,21366181;12,72649329
220;210,2333333;14,89;12,58000243;5,336088777;12,75221744
221;211,1166667;14,77;12,60334929;4,694375282;12,77794158
222;212;14,86;12,62669616;4,987646049;12,80366573
223;212,8833333;14,92;12,65004302;5,152704677;12,82938987
224;213,7666667;15,03;12,67338989;5,553611222;12,85511402
225;214,65;14,95;12,69673675;5,077195264;12,88083817
226;215,5333333;14,96;12,72008362;5,017225404;12,90656231
227;216,4166667;14,91;12,74343048;4,69402348;12,93228646
228;217,3;14,83;12,76677735;4,256887721;12,9580106
229;218,1833333;14,85;12,79012421;4,243088269;12,98373475
230;219,0666667;14,77;12,81347107;3,828005435;13,0094589
231;219,95;14,87;12,83681794;4,133829291;13,03518304
232;220,8333333;14,82;12,8601648;3,840953995;13,06090719
233;221,7166667;14,85;12,88351167;3,867076357;13,08663133
234;222,6;14,89;12,90685853;3,932850077;13,11235548
235;223,4833333;14,95;12,9302054;4,079570235;13,13807962
236;224,3666667;14,99;12,95355226;4,147119388;13,16380377
237;225,25;15,03;12,97689913;4,215223195;13,18952792
238;226,1333333;14,97;13,00024599;3,879930854;13,21525206
239;227,0166667;14,91;13,02359286;3,558531913;13,24097621
240;227,9;14,98;13,04693972;3,736722044;13,26670035
241;228,7833333;14,93;13,07028659;3,458533985;13,2924245
242;229,6666667;14,94;13,09363345;3,409069438;13,31814864
243;230,55;14,94;13,11698031;3,323400775;13,34387279
244;231,4333333;14,76;13,14032718;2,623340048;13,36959694
245;232,3166667;14,56;13,16367404;1,949726177;13,39532108
246;233,2;14,52;13,18702091;1,77683326;13,42104523
247;234,0833333;14,68;13,21036777;2,159818884;13,44676937
248;234,9666667;14,97;13,23371464;3,014686862;13,47249352
249;235,85;15,39;13,2570615;4,549426638;13,49821767
250;236,7333333;15,68;13,28040837;5,758040009;13,52394181
251;237,6166667;15,72;13,30375523;5,838238785;13,54966596
252;238,5;15,49;13,3271021;4,678127346;13,5753901
253;239,3833333;15,31;13,35044896;3,839840279;13,60111425
254;240,2666667;15,14;13,37379582;3,11947719;13,62683839
255;241,15;15,09;13,39714269;2,865765875;13,65256254
256;242,0333333;15,02;13,42048955;2,558433668;13,67828669
257;242,9166667;15,02;13,44383642;2,484291637;13,70401083
258;243,8;14,93;13,46718328;2,139832748;13,72973498
259;244,6833333;14,86;13,49053015;1,875447678;13,75545912
260;245,5666667;14,9;13,51387701;1,921336938;13,78118327
261;246,45;15,02;13,53722388;2,198625033;13,80690741
262;247,3333333;15,08;13,56057074;2,308665273;13,83263156
263;248,2166667;15,08;13,58391761;2,238262531;13,85835571
264;249,1;15,01;13,60726447;1,967666967;13,88407985
265;249,9833333;14,81;13,63061133;1,390957624;13,909804
266;250,8666667;14,79;13,6539582;1,290590973;13,93552814
267;251,75;14,76;13,67730506;1,172228325;13,96125229
268;252,6333333;14,8;13,70065193;1,208566183;13,98697644
269;253,5166667;14,87;13,72399879;1,313318767;14,01270058
270;254,4;14,98;13,74734566;1,519436728;14,03842473
271;255,2833333;14,9;13,77069252;1,27533538;14,06414887
272;256,1666667;14,89;13,79403939;1,201129666;14,08987302
273;257,05;14,9;13,81738625;1,172052529;14,11559716
274;257,9333333;14,93;13,84073312;1,186502345;14,14132131
275;258,8166667;15,01;13,86407998;1,313132692;14,16704546
276;259,7;15,09;13,88742684;1,446182193;14,1927696
277;260,5833333;15,05;13,91077371;1,297836541;14,21849375
278;261,4666667;15,12;13,93412057;1,406310013;14,24421789
279;262,35;15,2;13,95746744;1,543887166;14,26994204
280;263,2333333;15,12;13,9808143;1,297744052;14,29566618
281;264,1166667;15,1;14,00416117;1,200862746;14,32139033
282;265;15,14;14,02750803;1,237638378;14,34711448
283;265,8833333;15,03;14,0508549;0,958725133;14,37283862
284;266,7666667;15;14,07420176;0,857102379;14,39856277
285;267,65;15,06;14,09754863;0,926312647;14,42428691
286;268,5333333;15,2;14,12089549;1,164466542;14,45001106
287;269,4166667;15,19;14,14424236;1,093609052;14,47573521
288;270,3;15,25;14,16758922;1,171613097;14,50145935
289;271,1833333;15,22;14,19093608;1,058972543;14,5271835
290;272,0666667;15,15;14,21428295;0,8755664;14,55290764
291;272,95;15,17;14,23762981;0,869314165;14,57863179
292;273,8333333;15,22;14,26097668;0,919725732;14,60435593
293;274,7166667;15,15;14,28432354;0,749395729;14,63008008
294;275,6;15,14;14,30767041;0,692772551;14,65580423
295;276,4833333;15,24;14,33101727;0,826249601;14,68152837
296;277,3666667;15,24;14,35436414;0,784350883;14,70725252
297;278,25;15,26;14,377711;0,778433878;14,73297666
298;279,1333333;15,29;14,40105787;0,790218119;14,75870081
299;280,0166667;15,22;14,42440473;0,632971834;14,78442495
300;280,9;15,22;14,44775159;0,5963676;14,8101491
301;281,7833333;15,18;14,47109846;0,502541395;14,83587325
302;282,6666667;15,11;14,49444532;0,37890756;14,86159739
303;283,55;15,08;14,51779219;0,316077624;14,88732154
304;284,4333333;15,17;14,54113905;0,395466091;14,91304568
305;285,3166667;15,27;14,56448592;0,497750121;14,93876983
306;286,2;15,3;14,58783278;0,507182147;14,96449398
307;287,0833333;15,31;14,61117965;0,488349887;14,99021812
308;287,9666667;15,36;14,63452651;0,526311783;15,01594227
309;288,85;15,39;14,65787338;0,536009394;15,04166641
310;289,7333333;15,32;14,68122024;0,408039582;15,06739056
311;290,6166667;15,23;14,7045671;0,276079728;15,0931147
312;291,5;15,28;14,72791397;0,304798985;15,11883885
313;292,3833333;15,38;14,75126083;0,395312939;15,144563
314;293,2666667;15,35;14,7746077;0,331076301;15,17028714
315;294,15;15,35;14,79795456;0,304754165;15,19601129
316;295,0333333;15,47;14,82130143;0,420809838;15,22173543
317;295,9166667;15,55;14,84464829;0,497521032;15,24745958
318;296,8;15,51;14,86799516;0,412170219;15,27318372
319;297,6833333;15,53;14,89134202;0,407884014;15,29890787
320;298,5666667;15,49;14,91468889;0,330982878;15,32463202
321;299,45;15,47;14,93803575;0,282985963;15,35035616
322;300,3333333;15,49;14,96138261;0,27943634;15,37608031
323;301,2166667;15,46;14,98472948;0,225882068;15,40180445
324;302,1;15,42;15,00807634;0,169681098;15,4275286
325;302,9833333;15,44;15,03142321;0,166934995;15,45325275
326;303,8666667;15,4;15,05477007;0,119183702;15,47897689
327;304,75;15,26;15,07811694;0,033081448;15,50470104
328;305,6333333;15,42;15,1014638;0,101465309;15,53042518
329;306,5166667;15,16;15,12481067;0,001238289;15,55614933
330;307,4;15,07;15,14815753;0,0061086;15,58187347
331;308,2833333;15,38;15,1715044;0,043470417;15,60759762
332;309,1666667;15,74;15,19485126;0,297187148;15,63332177
333;310,05;15,86;15,21819812;0,411909647;15,65904591
334;310,9333333;16,25;15,24154499;1,016981508;15,68477006
335;311,8166667;16,39;15,26489185;1,26586834;15,7104942
336;312,7;16,15;15,28823872;0,742632506;15,73621835
337;313,5833333;15,87;15,31158558;0,311826661;15,76194249
338;314,4666667;15,65;15,33493245;0,099267562;15,78766664
339;315,35;15,62;15,35827931;0,068497718;15,81339079
340;316,2333333;15,6;15,38162618;0,047687127;15,83911493
341;317,1166667;15,55;15,40497304;0,021032819;15,86483908
342;318;15,55;15,42831991;0,014806045;15,89056322
343;318,8833333;15,53;15,45166677;0,006136095;15,91628737
344;319,7666667;15,49;15,47501364;0,000224591;15,94201152
345;320,65;15,39;15,4983605;0,011741998;15,96773566
346;321,5333333;15,34;15,52170736;0,033017566;15,99345981
347;322,4166667;15,36;15,54505423;0,034245068;16,01918395
348;323,3;15,33;15,56840109;0,056835081;16,0449081
349;324,1833333;15,37;15,59174796;0,049172157;16,07063224
350;325,0666667;15,35;15,61509482;0,070275265;16,09635639
351;325,95;15,2;15,63844169;0,192231113;16,12208054
352;326,8333333;15,18;15,66178855;0,232120209;16,14780468
353;327,7166667;15,18;15,68513542;0,255161789;16,17352883
354;328,6;15,25;15,70848228;0,210206002;16,19925297
355;329,4833333;15,32;15,73182915;0,169603245;16,22497712
356;330,3666667;15,48;15,75517601;0,075721836;16,25070127
357;331,25;15,39;15,77852287;0,150950024;16,27642541
358;332,1333333;15,47;15,80186974;0,110137524;16,30214956
359;333,0166667;15,28;15,8252166;0,297261145;16,3278737
360;333,9;15,26;15,84856347;0,346406956;16,35359785
361;334,7833333;15,28;15,87191033;0,350357842;16,37932199
362;335,6666667;15,43;15,8952572;0,21646426;16,40504614
363;336,55;15,28;15,91860406;0,407815148;16,43077029
364;337,4333333;15,32;15,94195093;0,386822955;16,45649443
365;338,3166667;15,31;15,96529779;0,429415195;16,48221858
366;339,2;15,28;15,98864466;0,502177248;16,50794272
367;340,0833333;15,19;16,01199152;0,675670059;16,53366687
368;340,9666667;15,31;16,03533838;0,526115772;16,55939101
369;341,85;15,31;16,05868525;0,560529602;16,58511516
370;342,7333333;15,33;16,08203211;0,5655523;16,61083931
371;343,6166667;15,41;16,10537898;0,483551924;16,63656345
372;344,5;15,38;16,12872584;0,560590388;16,6622876
373;345,3833333;15,21;16,15207271;0,887500986;16,68801174
374;346,2666667;15,21;16,17541957;0,93203495;16,71373589
375;347,15;15,16;16,19876644;1,07903571;16,73946004
376;348,0333333;15,12;16,2221133;1,214653729;16,76518418
377;348,9166667;15,16;16,24546017;1,178223771;16,79090833
378;349,8;15,32;16,26880703;0,900234781;16,81663247
379;350,6833333;15,36;16,29215389;0,868910884;16,84235662
380;351,5666667;15,48;16,31550076;0,698061519;16,86808076
381;352,45;15,37;16,33884762;0,938665719;16,89380491
382;353,3333333;15,35;16,36219449;1,024537683;16,91952906
383;354,2166667;15,25;16,38554135;1,289454165;16,9452532
384;355,1;15,2;16,40888822;1,461410723;16,97097735
385;355,9833333;15,17;16,43223508;1,593237403;16,99670149
386;356,8666667;15,22;16,45558195;1,526662747;17,02242564
387;357,75;15,24;16,47892881;1,5349446;17,04814978
388;358,6333333;15,38;16,50227568;1,259502693;17,07387393
389;359,5166667;15,59;16,52562254;0,875389538;17,09959808
390;360,4;15,6;16,54896941;0,900542932;17,12532222
391;361,2833333;15,59;16,57231627;0,964945254;17,15104637
392;362,1666667;15,53;16,59566313;1,135637916;17,17677051
393;363,05;15,45;16,61901;1,366584377;17,20249466
394;363,9333333;15,32;16,64235686;1,748627674;17,22821881
395;364,8166667;15,27;16,66570373;1,947988896;17,25394295
396;365,7;15,21;16,68905059;2,187590655;17,2796671
397;366,5833333;15,26;16,71239746;2,109458373;17,30539124
398;367,4666667;15,33;16,73574432;1,976117098;17,33111539
399;368,35;15,31;16,75909119;2,099865266;17,35683953
400;369,2333333;15,3;16,78243805;2,197622574;17,38256368
401;370,1166667;15,35;16,80578492;2,11930972;17,40828783
402;371;15,4;16,82913178;2,042417644;17,43401197
403;371,8833333;15,46;16,85247864;1,938996775;17,45973612
404;372,7666667;15,53;16,87582551;1,811246301;17,48546026
405;373,65;15,61;16,89917237;1,661965409;17,51118441
406;374,5333333;15,73;16,92251924;1,422102133;17,53690855
407;375,4166667;15,86;16,9458661;1,179105193;17,5626327
408;376,3;15,82;16,96921297;1,320690444;17,58835685
409;377,1833333;15,79;16,99255983;1,446150149;17,61408099
410;378,0666667;15,81;17,0159067;1,45421096;17,63980514
411;378,95;15,65;17,03925356;1,930025457;17,66552928
412;379,8333333;15,4;17,06260043;2,764240175;17,69125343
413;380,7166667;15,23;17,08594729;3,444540343;17,71697758
414;381,6;14,54;17,10929415;6,601272453;17,74270172
415;382,4833333;13,85;17,13264102;10,77573206;17,76842587
416;383,3666667;13,37;17,15598788;14,33370426;17,79415001
417;384,25;12,79;17,17933475;19,26625953;17,81987416
418;385,1333333;12,35;17,20268161;23,54851884;17,8455983
419;386,0166667;12,35;17,22602848;23,77565371;17,87132245
420;386,9;12,42;17,24937534;23,32286619;17,8970466
421;388,6666667;13,23;17,29606907;16,53291769;17,94849489
422;389,55;14,71;17,31941594;6,809051525;17,97421903
423;390,4333333;16,04;17,3427628;1,697190914;17,99994318
424;391,3166667;17,47;17,36610966;0,010793202;18,02566732
425;392,2;18,63;17,38945653;1,538948103;18,05139147
426;393,0833333;18,95;17,41280339;2,362973406;18,07711562
427;393,9666667;18,68;17,43615026;1,547162179;18,10283976
428;394,85;18,46;17,45949712;1,001006007;18,12856391
429;395,7333333;18,28;17,48284399;0,635457708;18,15428805
430;396,6166667;18,25;17,50619085;0,553252048;18,1800122
431;397,5;18,23;17,52953772;0,49064741;18,20573635
432;398,3833333;18,22;17,55288458;0,445042982;18,23146049
433;399,2666667;18,16;17,57623145;0,340785725;18,25718464
434;400,15;18,09;17,59957831;0,240513434;18,28290878
435;401,0333333;17,94;17,62292517;0,100536445;18,30863293
436;401,9166667;17,84;17,64627204;0,037530523;18,33435707
437;402,8;17,7;17,6696189;0,000923011;18,36008122
438;403,6833333;17,61;17,69296577;0,006883319;18,38580537
439;404,5666667;17,48;17,71631263;0,055843661;18,41152951
440;405,45;17,49;17,7396595;0,062329865;18,43725366
441;406,3333333;17,51;17,76300636;0,064012219;18,4629778
442;407,2166667;17,48;17,78635323;0,0938523;18,48870195
443;408,1;17,46;17,80970009;0,122290154;18,51442609
444;408,9833333;17,49;17,83304696;0,117681214;18,54015024
445;409,8666667;17,47;17,85639382;0,149300185;18,56587439
446;410,75;17,42;17,87974069;0,211361498;18,59159853
447;411,6333333;17,47;17,90308755;0,187564826;18,61732268
448;412,5166667;17,51;17,92643441;0,173417621;18,64304682
449;413,4;17,4;17,94978128;0,302259455;18,66877097
450;414,2833333;17,3;17,97312814;0,453101498;18,69449512
451;415,1666667;17,26;17,99647501;0,542395437;18,72021926
452;416,05;17,32;18,01982187;0,489750653;18,74594341
453;416,9333333;17,26;18,04316874;0,613353271;18,77166755
454;417,8166667;17,29;18,0665156;0,60297648;18,7973917
455;418,7;17,34;18,08986247;0,562293718;18,82311584
456;419,5833333;17,36;18,11320933;0,567324296;18,84883999
457;420,4666667;17,29;18,1365562;0,716657392;18,87456414
458;421,35;17,24;18,15990306;0,84622164;18,90028828
459;422,2333333;17,26;18,18324992;0,852390423;18,92601243
460;423,1166667;17,33;18,20659679;0,768421931;18,95173657
461;424;17,34;18,22994365;0,791999707;18,97746072
462;424,8833333;17,33;18,25329052;0,852465381;19,00318486
463;425,7666667;17,41;18,27663738;0,751060353;19,02890901
464;426,65;17,46;18,29998425;0,705573536;19,05463316
465;427,5333333;17,46;18,32333111;0,745340609;19,0803573
466;428,4166667;17,39;18,34667798;0,915232751;19,10608145
467;429,3;17,42;18,37002484;0,902547199;19,13180559
468;430,1833333;17,41;18,39337171;0,967019911;19,15752974
469;431,0666667;17,45;18,41671857;0,934544794;19,18325389
470;431,95;17,43;18,44006543;1,020232182;19,20897803
471;432,8333333;17,39;18,4634123;1,152213964;19,23470218
472;433,7166667;17,45;18,48675916;1,074869564;19,26042632
473;434,6;17,46;18,51010603;1,102722671;19,28615047
474;435,4833333;17,33;18,53345289;1,448298866;19,31187461
475;436,3666667;17,33;18,55679976;1,505037645;19,33759876
476;437,25;17,4;18,58014662;1,39274605;19,36332291
477;438,1333333;17,36;18,60349349;1,546276051;19,38904705
478;439,0166667;17,37;18,62684035;1,579647668;19,4147712
479;439,9;17,31;18,65018722;1,796101773;19,44049534
480;440,7833333;17,28;18,67353408;1,941937233;19,46621949
481;441,6666667;17,3;18,69688094;1,951276374;19,49194363
482;442,55;17,37;18,72022781;1,823115137;19,51766778
483;443,4333333;17,34;18,74357467;1,970021866;19,54339193
484;444,3166667;17,46;18,76692154;1,708043908;19,56911607
485;445,2;17,48;18,7902684;1,716803288;19,59484022
486;446,0833333;17,59;18,81361527;1,497234323;19,62056436
487;446,9666667;17,54;18,83696213;1,682110773;19,64628851
488;447,85;17,55;18,860309;1,716909667;19,67201266
489;448,7333333;17,61;18,88365586;1,622199253;19,6977368
490;449,6166667;17,7;18,90700273;1,456855581;19,72346095
491;450,5;17,8;18,93034959;1,277690197;19,74918509
492;451,3833333;17,85;18,95369646;1,218145865;19,77490924
493;452,2666667;17,96;18,97704332;1,034377114;19,80063338
494;453,15;18,09;19,00039018;0,828810288;19,82635753
495;454,0333333;18,27;19,02373705;0,568119539;19,85208168
496;454,9166667;18,22;19,04708391;0,6840678;19,87780582
497;455,8;18,28;19,07043078;0,624780815;19,90352997
498;456,6833333;18,29;19,09377764;0,646058499;19,92925411
499;457,5666667;18,18;19,11712451;0,878202342;19,95497826
500;458,45;18,19;19,14047137;0,903395828;19,9807024
501;459,3333333;18,25;19,16381824;0,835063769;20,00642655
502;460,2166667;18,09;19,1871651;1,203771258;20,0321507
503;461,1;17,77;19,21051197;2,075074722;20,05787484
504;461,9833333;17,22;19,23385883;4,055627387;20,08359899
505;462,8666667;16,16;19,25720569;9,592683114;20,10932313
506;463,75;15,7;19,28055256;12,82035663;20,13504728
507;464,6333333;15,91;19,30389942;11,5185533;20,16077143
508;465,5166667;16,45;19,32724629;8,278546203;20,18649557
509;466,4;17,09;19,35059315;5,110281402;20,21221972
510;467,2833333;17,86;19,37394002;2,292014376;20,23794386
511;468,1666667;17,95;19,39728688;2,094639318;20,26366801
512;469,05;17,66;19,42063375;3,099831189;20,28939215
513;469,9333333;17,22;19,44398061;4,946089758;20,3151163
514;470,8166667;16,89;19,46732748;6,642616916;20,34084045
515;471,7;16,86;19,49067434;6,920447484;20,36656459
516;472,5833333;16,79;19,5140212;7,420291523;20,39228874
517;473,4666667;16,71;19,53736807;7,994010199;20,41801288
518;474,35;16,61;19,56071493;8,70671862;20,44373703
519;475,2333333;16,52;19,5840618;9,388474704;20,46946117
520;476,1166667;16,39;19,60740866;10,3517185;20,49518532
521;477;16,44;19,63075553;10,18092084;20,52090947
522;477,8833333;16,42;19,65410239;10,45941828;20,54663361
523;478,7666667;16,46;19,67744926;10,35197972;20,57235776
524;479,65;16,46;19,70079612;10,5027595;20,5980819
525;480,5333333;16,44;19,72414299;10,78559515;20,62380605
526;481,4166667;16,28;19,74748985;12,02348586;20,6495302
527;482,3;16,16;19,77083671;13,03814178;20,67525434
528;483,1833333;16,05;19,79418358;14,01891068;20,70097849
529;484,0666667;15,99;19,81753044;14,6499893;20,72670263
530;484,95;15,94;19,84087731;15,21684378;20,75242678
531;485,8333333;16;19,86422417;14,93222846;20,77815092
532;486,7166667;15,96;19,88757104;15,42581426;20,80387507
533;487,6;15,96;19,9109179;15,60975227;20,82959922
534;488,4833333;16,01;19,93426477;15,39985396;20,85532336
535;489,3666667;15,97;19,95761163;15,90104652;20,88104751
536;490,25;15,91;19,9809585;16,57270308;20,90677165
537;491,1333333;15,95;20,00430536;16,43739196;20,9324958
538;492,0166667;16,01;20,02765223;16,1415294;20,95821994
539;492,9;15,95;20,05099909;16,81819353;20,98394409
540;493,7833333;16,01;20,07434595;16,51890804;21,00966824
541;494,6666667;16,03;20,09769282;16,54612487;21,03539238
542;495,55;16,01;20,12103968;16,90064728;21,06111653
543;496,4333333;15,91;20,14438655;17,93002944;21,08684067
544;497,3166667;15,77;20,16773341;19,34005917;21,11256482
545;498,2;15,64;20,19108028;20,71233169;21,13828897
546;499,0833333;15,6;20,21442714;21,29293784;21,16401311
547;499,9666667;15,65;20,23777401;21,04767033;21,18973726
548;500,85;15,71;20,26112087;20,71270118;21,2154614
549;501,7333333;15,78;20,28446774;20,29022958;21,24118555
550;502,6166667;15,85;20,3078146;19,87211101;21,26690969
551;503,5;15,82;20,33116146;20,35057776;21,29263384
552;504,3833333;15,76;20,35450833;21,10950678;21,31835799
553;505,2666667;15,8;20,37785519;20,95675817;21,34408213
554;506,15;15,75;20,40120206;21,63368058;21,36980628
555;507,0333333;15,75;20,42454892;21,85140763;21,39553042
556;507,9166667;15,8;20,44789579;21,60293525;21,42125457
557;508,8;15,79;20,47124265;21,91403276;21,44697871
558;509,6833333;15,72;20,49458952;22,79670505;21,47270286
559;510,5666667;15,76;20,51793638;22,6379586;21,49842701
560;511,45;15,71;20,54128325;23,3412978;21,52415115
561;512,3333333;15,75;20,56463011;23,1806631;21,5498753
562;513,2166667;15,81;20,58797697;22,82906397;21,57559944
563;514,1;15,76;20,61132384;23,53534299;21,60132359
564;514,9833333;15,82;20,6346707;23,18105398;21,62704774
565;515,8666667;15,89;20,65801757;22,73399153;21,65277188
566;516,75;15,86;20,68136443;23,24555499;21,67849603
567;517,6333333;15,91;20,7047113;22,98925643;21,70422017
568;518,5166667;15,97;20,72805816;22,63911747;21,72994432
569;519,4;15,92;20,75140503;23,34247453;21,75566846
570;520,2833333;16,02;20,77475189;22,60766555;21,78139261
571;521,1666667;16,06;20,79809876;22,44957982;21,80711676
572;522,05;16;20,82144562;23,24633787;21,8328409
573;522,9333333;16,13;20,84479248;22,22926817;21,85856505
574;523,8166667;16,3;20,86813935;20,86789711;21,88428919
575;524,7;16,31;20,89148621;20,99001593;21,91001334
576;525,5833333;16,42;20,91483308;20,2035244;21,93573748
577;526,4666667;16,53;20,93817994;19,43205041;21,96146163
578;527,35;16,58;20,96152681;19,19777717;21,98718578
579;528,2333333;16,65;20,98487367;18,79112975;22,01290992
580;529,1166667;16,71;21,00822054;18,47469978;22,03863407
581;530;16,79;21,0315674;17,99089402;22,06435821
582;530,8833333;16,93;21,05491427;17,0149177;22,09008236
583;531,7666667;17,02;21,07826113;16,4694834;22,11580651
584;532,65;17,14;21,10160799;15,69433791;22,14153065
585;533,5333333;17,17;21,12495486;15,64166794;22,1672548
586;534,4166667;17,18;21,14830172;15,74741857;22,19297894
587;535,3;16,88;21,17164859;18,41824761;22,21870309
588;536,1833333;16,44;21,19499545;22,60998176;22,24442723
589;537,0666667;16;21,21834232;27,23109655;22,27015138
590;537,95;16,6;21,24168918;21,54527847;22,29587553
591;538,8333333;16,98;21,26503605;18,36153392;22,32159967
592;539,7166667;17,5;21,28838291;14,35184508;22,34732382
593;540,6;18,05;21,31172978;10,63888113;22,37304796
594;541,4833333;18,61;21,33507664;7,426042697;22,39877211
595;542,3666667;18,18;21,35842351;10,10237598;22,42449625
596;543,25;17,84;21,38177037;12,54413735;22,4502204
597;544,1333333;17,6;21,40511723;14,47891717;22,47594455
598;545,0166667;17,51;21,4284641;15,35436089;22,50166869
599;545,9;17,42;21,45181096;16,25549964;22,52739284
600;546,7833333;17,31;21,47515783;17,34853973;22,55311698
601;547,6666667;17,39;21,49850469;16,87981081;22,57884113
602;548,55;17,41;21,52185156;16,90732323;22,60456528
603;549,4333333;17,36;21,54519842;17,51588583;22,63028942
604;550,3166667;17,26;21,56854529;18,56356248;22,65601357
605;551,2;17,19;21,59189215;19,37665451;22,68173771
606;552,0833333;17,05;21,61523902;20,84140727;22,70746186
607;552,9666667;16,93;21,63858588;22,17078099;22,733186
608;553,85;16,92;21,66193274;22,48592615;22,75891015
609;554,7333333;16,83;21,68527961;23,57374008;22,7846343
610;555,6166667;16,71;21,70862647;24,98626662;22,81035844
611;556,5;16,66;21,73197334;25,72491354;22,83608259
612;557,3833333;16,62;21,7553202;26,37151358;22,86180673
613;558,2666667;16,52;21,77866707;27,65357932;22,88753088
614;559,15;16,47;21,80201393;28,43037257;22,91325502
615;560,0333333;16,41;21,8253608;29,32613256;22,93897917
616;560,9166667;16,39;21,84870766;29,79748933;22,96470332
617;561,8;16,36;21,87205453;30,38274509;22,99042746
618;562,6833333;16,43;21,89540139;29,87061235;23,01615161
619;563,5666667;16,38;21,91874825;30,67773223;23,04187575
620;564,45;16,54;21,94209512;29,18263168;23,0675999
621;565,3333333;16,52;21,96544198;29,6528384;23,09332405
622;566,2166667;16,5;21,98878885;30,12680302;23,11904819
623;567,1;16,38;22,01213571;31,72095269;23,14477234
624;567,9833333;16,46;22,03548258;31,08600597;23,17049648
625;568,8666667;16,35;22,05882944;32,5907336;23,19622063
626;569,75;16,28;22,08217631;33,66524989;23,22194477
627;570,6333333;16,28;22,10552317;33,93672022;23,24766892
628;571,5166667;16,28;22,12887004;34,20928069;23,27339307
629;572,4;16,32;22,1522169;34,01475397;23,29911721
630;573,2833333;16,35;22,17556376;33,93719318;23,32484136
631;574,1666667;16,44;22,19891063;33,16505164;23,3505655
632;575,05;16,44;22,22225749;33,43450173;23,37628965
633;575,9333333;16,41;22,24560436;34,05427823;23,40201379
634;576,8166667;16,37;22,26895122;34,79762553;23,42773794
635;577,7;16,32;22,29229809;35,66834445;23,45346209
636;578,5833333;16,3;22,31564495;36,18798419;23,47918623
637;579,4666667;16,28;22,33899182;36,71138184;23,50491038
638;580,35;16,33;22,36233868;36,38910997;23,53063452
639;581,2333333;16,28;22,38568555;37,27939599;23,55635867
640;582,1166667;16,33;22,40903241;36,95463505;23,58208282
641;583;16,39;22,43237928;36,5103473;23,60780696
642;583,8833333;16,44;22,45572614;36,18896099;23,63353111
643;584,7666667;16,53;22,479073;35,39146961;23,65925525
644;585,65;16,64;22,50241987;34,36796672;23,6849794
645;586,5333333;16,7;22,52576673;33,93955803;23,71070354
646;587,4166667;16,66;22,5491136;34,68165897;23,73642769
647;588,3;16,72;22,57246046;34,25129346;23,76215184
648;589,1833333;16,67;22,59580733;35,11519248;23,78787598
649;590,0666667;16,64;22,61915419;35,75028485;23,81360013
650;590,95;16,62;22,64250106;36,27051897;23,83932427
651;591,8333333;16,78;22,66584792;34,64320575;23,86504842
652;592,7166667;16,89;22,68919479;33,63066016;23,89077256
653;593,6;16,96;22,71254165;33,09173543;23,91649671
654;594,4833333;16,98;22,73588851;33,13025259;23,94222086
655;595,3666667;17,05;22,75923538;32,59536861;23,967945
656;596,25;17,06;22,78258224;32,74794753;23,99366915
657;597,1333333;17,11;22,80592911;32,4436084;24,01939329
658;598,0166667;17,24;22,82927597;31,2400059;24,04511744
659;598,9;17,26;22,85262284;31,2774302;24,07084159
660;599,7833333;17,35;22,8759697;30,53634114;24,09656573
661;600,6666667;17,41;22,89931657;30,13259637;24,12228988
662;601,55;17,52;22,92266343;29,18877215;24,14801402
663;602,4333333;17,55;22,9460103;29,11692711;24,17373817
664;603,3166667;17,69;22,96935716;27,87161202;24,19946231
665;604,2;17,86;22,99270402;26,3446506;24,22518646
666;605,0833333;17,92;23,01605089;25,96973466;24,25091061
667;605,9666667;17,93;23,03939775;26,10594541;24,27663475
668;606,85;17,96;23,06274462;26,03800264;24,3023589
669;607,7333333;17,98;23,08609148;26,07217023;24,32808304
670;608,6166667;17,6;23,10943835;30,3539109;24,35380719
671;609,5;17,03;23,13278521;37,24398734;24,37953133
672;610,3833333;16,34;23,15613208;46,45965648;24,40525548
673;611,2666667;16,1;23,17947894;50,11902208;24,43097963
674;612,15;16,47;23,20282581;45,33094333;24,45670377
675;613,0333333;16,97;23,22617267;39,13969648;24,48242792
676;613,9166667;17,5;23,24951953;33,05697488;24,50815206
677;614,8;18,17;23,2728664;26,03924549;24,53387621
678;615,6833333;18,47;23,29621326;23,29233447;24,55960036
679;616,5666667;18,15;23,31956013;26,72435192;24,5853245
680;617,45;17,98;23,34290699;28,76077142;24,61104865
681;618,3333333;18,07;23,36625386;28,05030492;24,63677279
682;619,2166667;18,14;23,38960072;27,55830774;24,66249694
683;620,1;18,16;23,41294759;27,59345835;24,68822108
684;620,9833333;18,29;23,43629445;26,48434658;24,71394523
685;621,8666667;18,3;23,45964132;26,62189851;24,73966938
686;622,75;18,2;23,48298818;27,90996411;24,76539352
687;623,6333333;18,2;23,50633504;28,15719161;24,79111767
688;624,5166667;18,26;23,52968191;27,76954743;24,81684181
689;625,4;18,14;23,55302877;29,30088051;24,84256596
690;626,2833333;18,15;23,57637564;29,44555257;24,86829011
691;627,1666667;18,32;23,5997225;27,87546971;24,89401425
692;628,05;18,33;23,62306937;28,01658333;24,9197384
693;628,9333333;18,2;23,64641623;29,66344978;24,94546254
694;629,8166667;18,1;23,6697631;31,02226096;24,97118669
695;630,7;18,07;23,69310996;31,61936564;24,99691083
696;631,5833333;17,9;23,71645683;33,83117001;25,02263498
697;632,4666667;17,75;23,73980369;35,87774825;25,04835913
698;633,35;17,71;23,76315056;36,64063164;25,07408327
699;634,2333333;17,73;23,78649742;36,681161;25,09980742
700;635,1166667;17,6;23,80984428;38,56216604;25,12553156
701;636;17,68;23,83319115;37,86176131;25,15125571
702;636,8833333;17,64;23,85653801;38,64534487;25,17697985
703;637,7666667;17,49;23,87988488;40,83062875;25,202704
704;638,65;17,35;23,90323174;42,94484627;25,22842815
705;639,5333333;17,31;23,92657861;43,77911246;25,25415229
706;640,4166667;17,17;23,94992547;45,9673894;25,27987644
707;641,3;17,06;23,97327234;47,7933344;25,30560058
708;642,1833333;17,03;23,9966192;48,53378309;25,33132473
709;643,0666667;16,97;24,01996607;49,70202152;25,35704888
710;643,95;16,93;24,04331293;50,59922084;25,38277302
711;644,8333333;16,9;24,06665979;51,36101261;25,40849717
712;645,7166667;16,92;24,09000666;51,40899549;25,43422131
713;646,6;16,96;24,11335352;51,17046663;25,45994546
714;647,4833333;17,03;24,13670039;50,50519041;25,4856696
715;648,3666667;17,12;24,16004725;49,56226532;25,51139375
716;649,25;17,17;24,18339412;49,18769704;25,5371179
717;650,1333333;17,17;24,20674098;49,51572365;25,56284204
718;651,0166667;17,25;24,23008785;48,72162634;25,58856619
719;651,9;17,37;24,25343471;47,38167342;25,61429033
720;652,7833333;17,4;24,27678158;47,29012484;25,64001448
721;653,6666667;17,49;24,30012844;46,37784937;25,66573862
722;654,55;17,65;24,3234753;44,53527264;25,69146277
723;655,4333333;17,7;24,34682217;44,18024495;25,71718692
724;656,3166667;17,71;24,37016903;44,35785156;25,74291106
725;657,2;17,74;24,3935159;44,26927381;25,76863521
726;658,0833333;17,82;24,41686276;43,51859831;25,79435935
727;658,9666667;17,77;24,44020963;44,49169648;25,8200835
728;659,85;17,74;24,46355649;45,2062119;25,84580765
729;660,7333333;17,69;24,48690336;46,19789524;25,87153179
730;661,6166667;17,62;24,51025022;47,47554811;25,89725594
731;662,5;17,49;24,53359709;49,61225991;25,92298008
732;663,3833333;17,49;24,55694395;49,9416968;25,94870423
733;664,2666667;17,6;24,58029081;48,72445986;25,97442837
734;665,15;17,65;24,60363768;48,35307698;26,00015252
735;666,0333333;17,69;24,62698454;48,12175456;26,02587667
736;666,9166667;17,7;24,65033141;48,30710669;26,05160081
737;667,8;17,77;24,67367827;47,6607737;26,07732496
738;668,6833333;17,69;24,69702514;49,09840128;26,1030491
739;669,5666667;17,77;24,720372;48,30767097;26,12877325
740;670,45;18,09;24,74371887;44,27197476;26,15449739
741;671,3333333;18,4;24,76706573;40,53952603;26,18022154
742;672,2166667;18,47;24,7904126;39,94761538;26,20594569
743;673,1;18,78;24,81375946;36,40625323;26,23166983
744;673,9833333;18,91;24,83710633;35,13058939;26,25739398
745;674,8666667;18,97;24,86045319;34,69743878;26,28311812
746;675,75;18,89;24,88380005;35,92563909;26,30884227
747;676,6333333;19,05;24,90714692;34,30617003;26,33456642
748;677,5166667;19,01;24,93049378;35,05224664;26,36029056
749;678,4;19,2;24,95384065;33,1066822;26,38601471
750;679,2833333;19,14;24,97718751;34,07275806;26,41173885
751;680,1666667;19,42;25,00053438;31,14236393;26,437463
752;681,05;19,55;25,02388124;29,96337585;26,46318714
753;681,9333333;19,66;25,04722811;29,02222667;26,48891129
754;682,8166667;19,26;25,07057497;33,76278149;26,51463544
755;683,7;18,63;25,09392184;41,78228549;26,54035958
756;684,5833333;17,51;25,1172687;57,87053707;26,56608373
757;685,4666667;16,52;25,14061556;74,31501271;26,59180787
758;686,35;15,51;25,16396243;93,19899058;26,61753202
759;687,2333333;14,89;25,18730929;106,0345787;26,64325616
760;688,1166667;14,74;25,21065616;109,6346404;26,66898031
761;689;14,75;25,23400302;109,9143194;26,69470446
762;689,8833333;14,81;25,25734989;109,1471197;26,7204286
763;690,7666667;14,95;25,28069675;106,7232954;26,74615275
764;691,65;14,96;25,30404362;106,9992383;26,77187689
765;693,4166667;14,8;25,35073735;111,3180585;26,82332519
766;694,3;15,67;25,37408421;94,16925036;26,84904933
767;695,1833333;17,34;25,39743107;64,92219552;26,87477348
768;696,0666667;18,95;25,42077794;41,87096714;26,90049762
769;696,95;20,9;25,4441248;20,64907023;26,92622177
770;697,8333333;23,08;25,46747167;5,700020967;26,95194591
771;698,7166667;24,37;25,49081853;1,256234184;26,97767006
772;699,6;24,96;25,5141654;0,307099288;27,00339421
773;700,4833333;25,48;25,53751226;0,00330766;27,02911835
774;701,3666667;25,77;25,56085913;0,043739905;27,0548425
775;702,25;25,92;25,58420599;0,112757616;27,08056664
776;703,1333333;26,23;25,60755286;0,387440447;27,10629079
777;704,0166667;26,05;25,63089972;0,175645044;27,13201493
778;704,9;25,98;25,65424658;0,106115288;27,15773908
779;705,7833333;25,92;25,67759345;0,058760936;27,18346323
780;706,6666667;25,88;25,70094031;0,032062371;27,20918737
781;707,55;25,53;25,72428718;0,037747508;27,23491152
782;708,4333333;25,66;25,74763404;0,007679726;27,26063566
783;709,3166667;25,74;25,77098091;0,000959817;27,28635981
784;710,2;25,82;25,79432777;0,000659063;27,31208396
785;711,0833333;25,77;25,81767464;0,002272871;27,3378081
786;711,9666667;25,91;25,8410215;0,004758033;27,36353225
787;712,85;25,76;25,86436837;0,010892756;27,38925639
788;713,7333333;25,51;25,88771523;0,142668795;27,41498054
789;714,6166667;25,23;25,9110621;0,463845577;27,44070468
790;715,5;25,15;25,93440896;0,615297416;27,46642883
791;716,3833333;24,84;25,95775582;1,249378082;27,49215298
792;717,2666667;24,87;25,98110269;1,234549185;27,51787712
793;718,15;24,77;26,00444955;1,5238657;27,54360127
794;719,0333333;24,72;26,02779642;1,71033147;27,56932541
795;719,9166667;24,61;26,05114328;2,07689396;27,59504956
796;720,8;24,62;26,07449015;2,115541588;27,6207737
797;721,6833333;24,39;26,09783701;2,916707258;27,64649785
798;722,5666667;24,21;26,12118388;3,652623808;27,672222
799;723,45;24,05;26,14453074;4,387059024;27,69794614
800;724,3333333;23,94;26,16787761;4,963438624;27,72367029
801;725,2166667;23,86;26,19122447;5,434607528;27,74939443
802;726,1;23,9;26,21457133;5,357240462;27,77511858
803;726,9833333;24,03;26,2379182;4,874902773;27,80084273
804;727,8666667;24,13;26,26126506;4,542290771;27,82656687
805;728,75;24,07;26,28461193;4,904505992;27,85229102
806;729,6333333;24,12;26,30795879;4,787163678;27,87801516
807;730,5166667;23,97;26,33130566;5,575764407;27,90373931
808;731,4;24,21;26,35465252;4,599534439;27,92946345
809;732,2833333;24,18;26,37799939;4,831201302;27,9551876
810;733,1666667;24,1;26,40134625;5,296194566;27,98091175
811;734,05;23,91;26,42469312;6,323681465;28,00663589
812;734,9333333;24,11;26,44803998;5,466430948;28,03236004
813;735,8166667;23,87;26,47138684;6,767213515;28,05808418
814;736,7;23,93;26,49473371;6,577858999;28,08380833
815;737,5833333;24,08;26,51808057;5,944236884;28,10953247
816;738,4666667;24,35;26,54142744;4,802354217;28,13525662
817;739,35;24,49;26,5647743;4,304688408;28,16098077
818;740,2333333;24,7;26,58812117;3,565001543;28,18670491
819;741,1166667;24,8;26,61146803;3,281416431;28,21242906
820;742;24,93;26,6348149;2,906393831;28,2381532
821;742,8833333;24,75;26,65816176;3,641081306;28,26387735
822;743,7666667;24,48;26,68150863;4,846640229;28,2896015
823;744,65;24,37;26,70485549;5,45155016;28,31532564
824;745,5333333;24,27;26,72820235;6,042758817;28,34104979
825;746,4166667;24,25;26,75154922;6,257748497;28,36677393
826;747,3;24,32;26,77489608;6,026514783;28,39249808
827;748,1833333;24,5;26,79824295;5,28192065;28,41822222
828;749,0666667;24,5;26,82158981;5,38977926;28,44394637
829;749,95;24,54;26,84493668;5,312733088;28,46967052
830;750,8333333;24,6;26,86828354;5,145110227;28,49539466
831;751,7166667;24,81;26,89163041;4,33318515;28,52111881
832;752,6;24,89;26,91497727;4,100532949;28,54684295
833;753,4833333;25,26;26,93832414;2,816771905;28,5725671
834;754,3666667;25,54;26,961671;2,021148433;28,59829124
835;755,25;25,83;26,98501786;1,334066268;28,62401539
836;756,1333333;25,91;27,00836473;1,206405079;28,64973954
837;757,0166667;26,2;27,03171159;0,691744176;28,67546368
838;757,9;26,16;27,05505846;0,801129644;28,70118783
839;758,7833333;26,21;27,07840532;0,754127805;28,72691197
840;759,6666667;26,32;27,10175219;0,611136483;28,75263612
841;760,55;26,66;27,12509905;0,216317128;28,77836027
842;761,4333333;26,46;27,14844592;0,47395778;28,80408441
843;762,3166667;26,57;27,17179278;0,362154552;28,82980856
844;763,2;26,73;27,19513965;0,21635489;28,8555327
845;764,0833333;26,7;27,21848651;0,268828262;28,88125685
846;764,9666667;26,47;27,24183338;0,595726759;28,90698099
847;765,85;26;27,26518024;1,600681039;28,93270514
848;766,7333333;24,75;27,2885271;6,444119859;28,95842929
849;767,6166667;23,04;27,31187397;18,24890721;28,98415343
850;768,5;20,92;27,33522083;41,15505834;29,00987758
851;769,3833333;18,54;27,3585677;77,76713624;29,03560172
852;770,2666667;17,03;27,38191456;107,1621351;29,06132587
853;771,15;16,37;27,40526143;121,7769948;29,08705001
854;772,0333333;16,39;27,42860829;121,850873;29,11277416
855;772,9166667;16,44;27,45195516;121,2631564;29,13849831
856;773,8;16,95;27,47530202;110,7819826;29,16422245
857;774,6833333;17,22;27,49864889;105,6506229;29,1899466
858;775,5666667;16,95;27,52199575;111,7670941;29,21567074
859;776,45;16,58;27,54534261;120,2387387;29,24139489
860;777,3333333;16,66;27,56868948;118,9995061;29,26711904
861;778,2166667;17,01;27,59203634;111,9794932;29,29284318
862;779,1;16,75;27,61538321;118,0565523;29,31856733
863;779,9833333;16,76;27,63873007;118,346768;29,34429147
864;780,8666667;16,66;27,66207694;121,0456969;29,37001562
865;781,75;16,42;27,6854238;126,9097734;29,39573976
866;782,6333333;16,02;27,70877067;136,6273597;29,42146391
867;783,5166667;16,03;27,73211753;136,9395547;29,44718806
868;784,4;16,02;27,7554644;137,7211246;29,4729122
869;785,2833333;15,67;27,77881126;146,6233101;29,49863635
870;786,1666667;15,62;27,80215812;148,4049766;29,52436049
871;787,05;15,71;27,82550499;146,7854611;29,55008464
872;787,9333333;15,77;27,84885185;145,8986621;29,57580878
873;788,8166667;15,73;27,87219872;147,4329897;29,60153293
874;789,7;16,02;27,89554558;141,0285829;29,62725708
875;790,5833333;16,17;27,91889245;138,0364737;29,65298122
876;791,4666667;16,17;27,94223931;138,5856184;29,67870537
877;792,35;16,15;27,96558618;139,6080767;29,70442951
878;793,2333333;16,09;27,98893304;141,5846075;29,73015366
879;794,1166667;16,27;28,01227991;137,8811374;29,75587781
880;795;16,3;28,03562677;137,7249357;29,78160195
881;795,8833333;16,17;28,05897363;141,3476941;29,8073261
882;796,7666667;16,44;28,0823205;135,5436266;29,83305024
883;797,65;16,37;28,10566736;137,7258885;29,85877439
884;798,5333333;15,92;28,12901423;149,0600284;29,88449853
885;799,4166667;15,85;28,15236109;151,3480885;29,91022268
886;800,3;15,73;28,17570796;154,8956466;29,93594683
887;801,1833333;15,09;28,19905482;171,8473183;29,96167097
888;802,0666667;15,11;28,22240169;171,935078;29,98739512
889;802,95;14,96;28,24574855;176,5111146;30,01311926
890;803,8333333;14,82;28,26909542;180,8781675;30,03884341
891;804,7166667;14,68;28,29244228;185,2985848;30,06456755
892;805,6;15,14;28,31578915;173,6014196;30,0902917
893;806,4833333;15,19;28,33913601;172,8997778;30,11601585
894;807,3666667;15,77;28,36248287;158,5706249;30,14173999
895;808,25;15,74;28,38582974;159,9170098;30,16746414
896;809,1333333;15,87;28,4091766;157,2309499;30,19318828
897;810,0166667;15,75;28,43252347;160,8464015;30,21891243
898;810,9;15,79;28,45587033;160,4242713;30,24463658
899;811,7833333;15,37;28,4792172;171,8515755;30,27036072
900;812,6666667;15,36;28,50256406;172,7269901;30,29608487
901;813,55;15,24;28,52591093;176,5154291;30,32180901
902;814,4333333;14,92;28,54925779;185,7566679;30,34753316
903;815,3166667;14,69;28,57260466;192,726712;30,3732573
904;816,2;14,87;28,59595152;188,4017451;30,39898145
905;817,0833333;14,62;28,61929838;195,9803553;30,4247056
906;817,9666667;14,64;28,64264525;196,074074;30,45042974
907;818,85;14,6;28,66599211;197,8521341;30,47615389
908;819,7333333;14,75;28,68933898;194,3051711;30,50187803
909;820,6166667;14,58;28,71268584;199,7328091;30,52760218
910;821,5;14,8;28,73603271;194,2130076;30,55332632
911;822,3833333;14,63;28,75937957;199,6393671;30,57905047
912;823,2666667;14,68;28,78272644;198,8868929;30,60477462
913;824,15;14,44;28,8060733;206,3840621;30,63049876
914;825,0333333;14,44;28,82942017;207,0554127;30,65622291
915;825,9166667;14,34;28,85276703;210,6204069;30,68194705
916;826,8;14,32;28,87611389;211,8804517;30,7076712
917;827,6833333;14,13;28,89946076;218,1369711;30,73339535
918;828,5666667;14,07;28,92280762;220,6058943;30,75911949
919;829,45;13,81;28,94615449;229,1031727;30,78484364
920;830,3333333;13,66;28,96950135;234,3808317;30,81056778
921;831,2166667;13,47;28,99284822;240,9588168;30,83629193
922;832,1;13,59;29,01619508;237,9674947;30,86201607
923;832,9833333;13,77;29,03954195;233,1589113;30,88774022
924;833,8666667;13,86;29,06288881;231,1278282;30,91346437
925;834,75;13,77;29,08623568;234,5870753;30,93918851
926;835,6333333;13,86;29,10958254;232,5497677;30,96491266
927;836,5166667;13,78;29,1329294;235,7124413;30,9906368
928;837,4;13,64;29,15627627;240,7548293;31,01636095
929;838,2833333;13,72;29,17962313;238,9999474;31,04208509
930;839,1666667;13,83;29,20297;236,3282066;31,06780924
931;840,05;14,6;29,22631686;213,929145;31,09353339
932;840,9333333;16,83;29,24966373;154,2480471;31,11925753
933;841,8166667;19,78;29,27301059;90,1172501;31,14498168
934;842,7;22,99;29,29635746;39,77014437;31,17070582
935;843,5833333;26,67;29,31970432;7,02093299;31,19642997
936;844,4666667;29,69;29,34305119;0,12037348;31,22215412
937;845,35;31,34;29,36639805;3,895104655;31,24787826
938;846,2333333;32,08;29,38974491;7,237472423;31,27360241
939;847,1166667;32,7;29,41309178;10,80376565;31,29932655
940;848;32,73;29,43643864;10,84754641;31,3250507
941;848,8833333;33,07;29,45978551;13,03364867;31,35077484
942;849,7666667;32,87;29,48313237;11,47087232;31,37649899
943;850,65;33,03;29,50647924;12,41519856;31,40222314
944;851,5333333;32,92;29,5298261;11,49327906;31,42794728
945;852,4166667;33,21;29,55317297;13,37238395;31,45367143
946;853,3;32,95;29,57651983;11,38036845;31,47939557
947;854,1833333;33,36;29,5998667;14,13860246;31,50511972
948;855,0666667;33,29;29,62321356;13,44532279;31,53084386
949;855,95;33,75;29,64656043;16,83821634;31,55656801
950;856,8333333;33,51;29,66990729;14,74631202;31,58229216
951;857,7166667;33,66;29,69325415;15,7350726;31,6080163
952;858,6;33,43;29,71660102;13,78933199;31,63374045
953;859,4833333;33,92;29,73994788;17,4728357;31,65946459
954;860,3666667;33,45;29,76329475;13,59179562;31,68518874
955;861,25;33,84;29,78664161;16,42971422;31,71091289
956;862,1333333;33,5;29,80998848;13,61618504;31,73663703
957;863,0166667;33,88;29,83333534;16,37549486;31,76236118
958;863,9;33,67;29,85668221;14,5413926;31,78808532
959;864,7833333;34,24;29,88002907;19,0093465;31,81380947
960;865,6666667;34,04;29,90337594;17,11165865;31,83953361
961;866,55;34,39;29,9267228;19,92084336;31,86525776
962;867,4333333;34,12;29,95006966;17,388319;31,89098191
963;868,3166667;33,85;29,97341653;15,02789941;31,91670605
964;869,2;33,36;29,99676339;11,31136047;31,9424302
965;870,0833333;33,53;30,02011026;12,319326;31,96815434
966;870,9666667;33,82;30,04345712;14,2622761;31,99387849
967;871,85;33,92;30,06680399;14,84711951;32,01960263
968;872,7333333;34,27;30,09015085;17,4711389;32,04532678
969;873,6166667;34,46;30,11349772;18,8920821;32,07105093
970;874,5;34,67;30,13684458;20,54949805;32,09677507
971;875,3833333;34,32;30,16019145;17,30400721;32,12249922
972;876,2666667;34,46;30,18353831;18,28812459;32,14822336
973;877,15;34,28;30,20688517;16,59026438;32,17394751
974;878,0333333;34,58;30,23023204;18,92048131;32,19967166
975;878,9166667;34,17;30,2535789;15,3383542;32,2253958
976;879,8;34,43;30,27692577;17,24802557;32,25111995
977;880,6833333;34,54;30,30027263;17,97528815;32,27684409
978;881,5666667;34,85;30,3236195;20,48812045;32,30256824
979;882,45;34,51;30,34696636;17,33084907;32,32829238
980;883,3333333;34,63;30,37031323;18,14493141;32,35401653
981;884,2166667;34,41;30,39366009;16,13098626;32,37974068
982;885,1;34,43;30,41700696;16,10411317;32,40546482
983;885,9833333;34,16;30,44035382;13,8357677;32,43118897
984;886,8666667;34,39;30,46370068;15,41582631;32,45691311
985;887,75;34,47;30,48704755;15,86391022;32,48263726
986;888,6333333;34,77;30,51039441;18,14423975;32,5083614
987;889,5166667;34,33;30,53374128;14,41158028;32,53408555
988;890,4;34,57;30,55708814;16,10346157;32,5598097
989;891,2833333;34,26;30,58043501;13,53919853;32,58553384
990;892,1666667;34,58;30,60378187;15,8103106;32,61125799
991;893,05;34,11;30,62712874;12,13039224;32,63698213
992;893,9333333;34,3;30,6504756;13,31902834;32,66270628
993;894,8166667;34,03;30,67382247;11,26392764;32,68843043
994;895,7;34,48;30,69716933;14,30980787;32,71415457
995;896,5833333;34,11;30,7205162;11,48860046;32,73987872
996;897,4666667;34,57;30,74386306;14,63932389;32,76560286
997;898,35;34,65;30,76720992;15,07605877;32,79132701
998;899,2333333;35,13;30,79055679;18,83076738;32,81705115
999;900,1166667;34,83;30,81390365;16,12902987;32,8427753
1000;901;34,91;30,83725052;16,58728834;32,86849945
1001;901,8833333;34,51;30,86059738;13,31813946;32,89422359
1002;902,7666667;34,64;30,88394425;14,10795482;32,91994774
1003;903,65;34,3;30,90729111;11,5104736;32,94567188
1004;904,5333333;34,33;30,93063798;11,55566217;32,97139603
1005;905,4166667;34,27;30,95398484;10,99595654;32,99712017
1006;906,3;34,63;30,97733171;13,34198567;33,02284432
1007;907,1833333;34,58;31,00067857;12,8115419;33,04856847
1008;908,0666667;34,68;31,02402543;13,36615002;33,07429261
1009;908,95;34,52;31,0473723;12,05914315;33,10001676
1010;909,8333333;34,55;31,07071916;12,10539514;33,1257409
1011;910,7166667;34,32;31,09406603;10,40664999;33,15146505
1012;911,6;33,57;31,11741289;6,015183519;33,1771892
1013;912,4833333;32,03;31,14075976;0,790748209;33,20291334
1014;913,3666667;30,03;31,16410662;1,28619783;33,22863749
1015;914,25;27,2;31,18745349;15,89978531;33,25436163
1016;915,1333333;23,93;31,21080035;53,01005375;33,28008578
1017;916,0166667;21,12;31,23414722;102,2959739;33,30580992
1018;916,9;20,41;31,25749408;117,6681278;33,33153407
1019;917,7833333;21,6;31,28084094;93,71868139;33,35725822
1020;918,6666667;23,95;31,30418781;54,08407833;33,38298236
1021;919,55;26,98;31,32753467;18,90105774;33,40870651
1022;920,4333333;31,01;31,35088154;0,116200223;33,43443065
1023;921,3166667;33,24;31,3742284;3,481103653;33,4601548
1024;922,2;34,18;31,39757527;7,741887392;33,48587895
1025;923,0833333;34,73;31,42092213;10,94999634;33,51160309
1026;923,9666667;35,22;31,444269;14,25614461;33,53732724
1027;924,85;34,98;31,46761586;12,33684234;33,56305138
1028;925,7333333;35,05;31,49096273;12,66674632;33,58877553
1029;926,6166667;35,02;31,51430959;12,28986525;33,61449967
1030;927,5;35,22;31,53765645;13,55965398;33,64022382
1031;928,3833333;35,15;31,56100332;12,88089717;33,66594797
1032;929,2666667;35,08;31,58435018;12,21956764;33,69167211
1033;930,15;34,98;31,60769705;11,3724272;33,71739626
1034;931,0333333;35,47;31,63104391;14,73758384;33,7431204
1035;931,9166667;35,21;31,65439078;12,64235694;33,76884455
1036;932,8;35,16;31,67773764;12,12615113;33,79456869
1037;933,6833333;35;31,70108451;10,88284343;33,82029284
1038;934,5666667;35,42;31,72443137;13,65722749;33,84601699
1039;935,45;34,87;31,74777824;9,748268744;33,87174113
1040;936,3333333;35;31,7711251;10,42563312;33,89746528
1041;937,2166667;35,07;31,79447196;10,72908391;33,92318942
1042;938,1;35,33;31,81781883;12,33541657;33,94891357
1043;938,9833333;35,06;31,84116569;10,36089429;33,97463772
1044;939,8666667;35,19;31,86451256;11,05886672;34,00036186
1045;940,75;35,43;31,88785942;12,54675987;34,02608601
1046;941,6333333;35,58;31,91120629;13,4600473;34,05181015
1047;942,5166667;35,57;31,93455315;13,21647378;34,0775343
1048;943,4;35,45;31,95790002;12,19476229;34,10325844
1049;944,2833333;35,95;31,98124688;15,75100132;34,12898259
1050;945,1666667;35,58;32,00459375;12,78352988;34,15470674
1051;946,05;35,42;32,02794061;11,5060669;34,18043088
1052;946,9333333;35,14;32,05128748;9,540145061;34,20615503
1053;947,8166667;35,37;32,07463434;10,85943483;34,23187917
1054;948,7;34,99;32,0979812;8,363772715;34,25760332
1055;949,5833333;34,96;32,12132807;8,058058333;34,28332746
1056;950,4666667;35,16;32,14467493;9,092185257;34,30905161
1057;951,35;35,28;32,1680218;9,68440833;34,33477576
1058;952,2333333;35,1;32,19136866;8,460136257;34,3604999
1059;953,1166667;34,97;32,21471553;7,591592526;34,38622405
1060;954;35,45;32,23806239;10,3165432;34,41194819
1061;954,8833333;35,08;32,26140926;7,944453781;34,43767234
1062;955,7666667;34,95;32,28475612;7,103524935;34,46339649
1063;956,65;34,97;32,30810299;7,085695716;34,48912063
1064;957,5333333;35,09;32,33144985;7,60959893;34,51484478
1065;958,4166667;34,77;32,35479671;5,83320691;34,54056892
1066;959,3;34,75;32,37814358;5,625702881;34,56629307
1067;960,1833333;35,23;32,40149044;8,00046631;34,59201721
1068;961,0666667;35,18;32,42483731;7,590921458;34,61774136
1069;961,95;35,04;32,44818417;6,717509282;34,64346551
1070;962,8333333;35,01;32,47153104;6,443824674;34,66918965
1071;963,7166667;35,25;32,4948779;7,590697775;34,6949138
1072;964,6;35,02;32,51822477;6,258879319;34,72063794
1073;965,4833333;34,99;32,54157163;5,994801478;34,74636209
1074;966,3666667;35,39;32,5649185;7,981085507;34,77208623
1075;967,25;35,55;32,58826536;8,771872077;34,79781038
1076;968,1333333;35,72;32,61161222;9,662074562;34,82353453
1077;969,0166667;35,68;32,63495909;9,272274148;34,84925867
1078;969,9;35,8;32,65830595;9,87024148;34,87498282
1079;970,7833333;35,84;32,68165282;9,97515692;34,90070696
1080;971,6666667;35,56;32,70499968;8,15102681;34,92643111
1081;972,55;35,78;32,72834655;9,312588794;34,95215526
1082;973,4333333;35,75;32,75169341;8,989842395;34,9778794
1083;974,3166667;35,78;32,77504028;9,029782939;35,00360355
1084;975,2;35,75;32,79838714;8,712018468;35,02932769
1085;976,0833333;35,77;32,82173401;8,692272373;35,05505184
1086;976,9666667;35,44;32,84508087;6,733605289;35,08077598
1087;977,85;35,34;32,86842773;6,108669462;35,10650013
1088;978,7333333;35,54;32,8917746;7,013097772;35,13222428
1089;979,6166667;35,24;32,91512146;5,405060207;35,15794842
1090;980,5;35,42;32,93846833;6,157999436;35,18367257
1091;981,3833333;35,68;32,96181519;7,388528644;35,20939671
1092;982,2666667;35,85;32,98516206;8,207296435;35,23512086
1093;983,15;35,86;33,00850892;8,131001366;35,260845
1094;984,0333333;35,83;33,03185579;7,829611038;35,28656915
1095;984,9166667;36,14;33,05520265;9,515974682;35,3122933
1096;985,8;35,76;33,07854952;7,190176698;35,33801744
1097;986,6833333;35,53;33,10189638;5,895687187;35,36374159
1098;987,5666667;35,06;33,12524325;3,743283701;35,38946573
1099;988,45;34,13;33,14859011;0,963165373;35,41518988
1100;989,3333333;31,75;33,17193697;2,021904759;35,44091403
1101;990,2166667;28,67;33,19528384;20,47819382;35,46663817
1102;991,1;24,87;33,2186307;69,69963462;35,49236232
1103;991,9833333;20,97;33,24197757;150,6014334;35,51808646
1104;992,8666667;18,28;33,26532443;224,5599483;35,54381061
1105;993,75;18,15;33,2886713;229,1793686;35,56953475
1106;994,6333333;19,74;33,31201816;184,199677;35,5952589
1107;995,5166667;22,95;33,33536503;107,8558067;35,62098305
1108;996,4;26,92;33,35871189;41,45701081;35,64670719
1109;997,2833333;30,96;33,38205876;5,866368614;35,67243134
1110;998,1666667;33,26;33,40540562;0,021142794;35,69815548
1111;999,05;34,79;33,42875248;1,852994799;35,72387963
1112;999,9333333;35,77;33,45209935;5,372663428;35,74960377
1113;1000,816667;35,98;33,47544621;6,272789669;35,77532792
1114;1001,7;35,98;33,49879308;6,156387789;35,80105207
1115;1002,583333;35,88;33,52213994;5,55950405;35,82677621
1116;1003,466667;36,19;33,54548681;6,993450027;35,85250036
1117;1004,35;36,11;33,56883367;6,457526308;35,8782245
1118;1005,233333;36,07;33,59218054;6,139589294;35,90394865
1119;1006,116667;36,18;33,6155274;6,576519711;35,9296728
1120;1007;36,27;33,63887427;6,922822631;35,95539694
1121;1007,883333;36,35;33,66222113;7,224155254;35,98112109
1122;1008,766667;36,18;33,68556799;6,222191029;36,00684523
1123;1009,65;36,64;33,70891486;8,591260103;36,03256938
1124;1010,533333;36,51;33,73226172;7,715829931;36,05829352
1125;1011,416667;36,57;33,75560859;7,920799018;36,08401767
1126;1012,3;36,58;33,77895545;7,845850555;36,10974182
1127;1013,183333;36,64;33,80230232;8,052528138;36,13546596
1128;1014,066667;36,42;33,82564918;6,730656167;36,16119011
1129;1014,95;36,35;33,84899605;6,255020775;36,18691425
1130;1015,833333;36,39;33,87234291;6,338597217;36,2126384
1131;1016,716667;36,2;33,89568978;5,30984561;36,23836254
1132;1017,6;36,02;33,91903664;4,414047039;36,26408669
1133;1018,483333;36,16;33,9423835;4,91782292;36,28981084
1134;1019,366667;36,15;33,96573037;4,771033819;36,31553498
1135;1020,25;35,84;33,98907723;3,425915086;36,34125913
1136;1021,133333;35,98;34,0124241;3,871354928;36,36698327
1137;1022,016667;36,17;34,03577096;4,554933582;36,39270742
1138;1022,9;35,9;34,05911783;3,388847172;36,41843157
1139;1023,783333;35,94;34,08246469;3,45043742;36,44415571
1140;1024,666667;36,26;34,10581156;4,640527849;36,46987986
1141;1025,55;35,93;34,12915842;3,243030391;36,495604
1142;1026,433333;35,9;34,15250529;3,053737776;36,52132815
1143;1027,316667;35,98;34,17585215;3,254949463;36,54705229
1144;1028,2;35,83;34,19919902;2,659511853;36,57277644
1145;1029,083333;35,47;34,22254588;1,556141783;36,59850059
1146;1029,966667;36,02;34,24589274;3,147456555;36,62422473
1147;1030,85;36;34,26923961;2,995531532;36,64994888
1148;1031,733333;35,87;34,29258647;2,488233434;36,67567302
1149;1032,616667;36,29;34,31593334;3,896939187;36,70139717
1150;1033,5;36,25;34,3392802;3,650850145;36,72712131
1151;1034,383333;35,7;34,36262707;1,788566362;36,75284546
1152;1035,266667;36,08;34,38597393;2,869724321;36,77856961
1153;1036,15;36,3;34,4093208;3,574667852;36,80429375
1154;1037,033333;35,87;34,43266766;2,065924254;36,8300179
1155;1037,916667;36,63;34,45601453;4,726212845;36,85574204
1156;1038,8;36,93;34,47936139;6,005629598;36,88146619
1157;1039,683333;36,44;34,50270825;3,753099308;36,90719034
1158;1040,566667;36,61;34,52605512;4,342826267;36,93291448
1159;1041,45;36,66;34,54940198;4,454623987;36,95863863
1160;1042,333333;36,33;34,57274885;3,087931611;36,98436277
1161;1043,216667;36,47;34,59609571;3,511517278;37,01008692
1162;1044,1;36,69;34,61944258;4,287208041;37,03581106
1163;1044,983333;36,44;34,64278944;3,229965791;37,06153521
1164;1045,866667;36,65;34,66613631;3,935715155;37,08725936
1165;1046,75;36,61;34,68948317;3,688384891;37,1129835
1166;1047,633333;36,35;34,71283004;2,680325493;37,13870765
1167;1048,516667;36,61;34,7361769;3,51121301;37,16443179
1168;1049,4;36,79;34,75952376;4,122833743;37,19015594
1169;1050,283333;36,69;34,78287063;3,637142437;37,21588008
1170;1051,166667;36,74;34,80621749;3,739514782;37,24160423
1171;1052,05;37,05;34,82956436;4,930334439;37,26732838
1172;1052,933333;36,84;34,85291122;3,948521808;37,29305252
1173;1053,816667;36,58;34,87625809;2,902736505;37,31877667
1174;1054,7;36,83;34,89960495;3,726425042;37,34450081
1175;1055,583333;36,84;34,92295182;3,675073738;37,37022496
1176;1056,466667;36,49;34,94629868;2,383013762;37,39594911
1177;1057,35;36,68;34,96964555;2,92531236;37,42167325
1178;1058,233333;36,68;34,99299241;2,845994608;37,4473974
1179;1059,116667;36,25;35,01633927;1,521918785;37,47312154
1180;1060;36,48;35,03968614;2,074504017;37,49884569
1181;1060,883333;36,4;35,063033;1,787480749;37,52456983
1182;1061,766667;36,01;35,08637987;0,853074147;37,55029398
1183;1062,65;36,38;35,10972673;1,613594173;37,57601813
1184;1063,533333;36,44;35,1330736;1,708056621;37,60174227
1185;1064,416667;35,95;35,15642046;0,629768483;37,62746642
1186;1065,3;34,77;35,17976733;0,167909262;37,65319056
1187;1066,183333;32,89;35,20311419;5,350497262;37,67891471
1188;1067,066667;29,72;35,22646106;30,32111336;37,70463885
1189;1067,95;27,29;35,24980792;63,35854213;37,730363
1190;1068,833333;25,72;35,27315478;91,26276635;37,75608715
1191;1069,716667;25,87;35,29650165;88,85893335;37,78181129
1192;1070,6;27,38;35,31984851;63,04119443;37,80753544
1193;1071,483333;30,36;35,34319538;24,83223618;37,83325958
1194;1072,366667;32,75;35,36654224;6,84629331;37,85898373
1195;1073,25;35,06;35,38988911;0,108826823;37,88470788
1196;1074,133333;36,64;35,41323597;1,50494998;37,91043202
1197;1075,016667;37,82;35,43658284;5,680677373;37,93615617
1198;1075,9;38,03;35,4599297;6,605261339;37,96188031
1199;1076,783333;38,64;35,48327657;9,964902839;37,98760446
1200;1077,666667;39,04;35,50662343;12,48474998;38,0133286
1201;1078,55;38,89;35,5299703;11,28979962;38,03905275
1202;1079,433333;38,69;35,55331716;9,838779241;38,0647769
1203;1080,316667;39,32;35,57666402;14,01256423;38,09050104
1204;1081,2;39,31;35,60001089;13,7640192;38,11622519
1205;1082,083333;38,86;35,62335775;10,47585303;38,14194933
1206;1082,966667;39,33;35,64670462;13,56666487;38,16767348
1207;1083,85;39,52;35,67005148;14,82210359;38,19339762
1208;1084,733333;39,08;35,69339835;11,46907076;38,21912177
1209;1085,616667;39,14;35,71674521;11,71867335;38,24484592
1210;1086,5;39,26;35,74009208;12,38975179;38,27057006
1211;1087,383333;38,83;35,76343894;9,40379673;38,29629421
1212;1088,266667;38,59;35,78678581;7,858009821;38,32201835
1213;1089,15;38,8;35,81013267;8,939306652;38,3477425
1214;1090,033333;38,53;35,83347953;7,271222621;38,37346665
1215;1090,916667;38,2;35,8568264;5,490462524;38,39919079
1216;1091,8;38,26;35,88017326;5,663575295;38,42491494
1217;1092,683333;38,3;35,90352013;5,743115776;38,45063908
1218;1093,566667;37,93;35,92686699;4,012541845;38,47636323
1219;1094,45;37,98;35,95021386;4,120031785;38,50208737
1220;1095,333333;38,12;35,97356072;4,607201575;38,52781152
1221;1096,216667;38,11;35,99690759;4,465159548;38,55353567
1222;1097,1;37,79;36,02025445;3,131999308;38,57925981
1223;1097,983333;38,25;36,04360132;4,868195155;38,60498396
1224;1098,866667;38,2;36,06694818;4,549910066;38,6307081
1225;1099,75;37,86;36,09029504;3,131855629;38,65643225
1226;1100,633333;38,25;36,11364191;4,564025892;38,68215639
1227;1101,516667;38,38;36,13698877;5,031099361;38,70788054
1228;1102,4;37,83;36,16033564;2,787779081;38,73360469
1229;1103,283333;38,21;36,1836825;4,105962599;38,75932883
1230;1104,166667;38,49;36,20702937;5,211954909;38,78505298
1231;1105,05;38,08;36,23037623;3,421108083;38,81077712
1232;1105,933333;38,18;36,2537231;3,710542709;38,83650127
1233;1106,816667;38,59;36,27706996;5,349645365;38,86222542
1234;1107,7;38,44;36,30041683;4,57781616;38,88794956
1235;1108,583333;38,37;36,32376369;4,187083035;38,91367371
1236;1109,466667;38,68;36,34711055;5,442373163;38,93939785
1237;1110,35;38,75;36,37045742;5,662222893;38,965122
1238;1111,233333;38,38;36,39380428;3,944973422;38,99084614
1239;1112,116667;38,86;36,41715115;5,967510511;39,01657029
1240;1113;38,83;36,44049801;5,709719745;39,04229444
1241;1113,883333;38,69;36,46384488;4,955766629;39,06801858
1242;1114,766667;38,95;36,48719174;6,065424514;39,09374273
1243;1115,65;39,01;36,51053861;6,247307256;39,11946687
1244;1116,533333;38,49;36,53388547;3,826384049;39,14519102
1245;1117,416667;38,76;36,55723234;4,852185382;39,17091516
1246;1118,3;38,79;36,5805792;4,881540269;39,19663931
1247;1119,183333;38,71;36,60392607;4,435547419;39,22236346
1248;1120,066667;38,93;36,62727293;5,302551961;39,2480876
1249;1120,95;39,35;36,65061979;7,286653496;39,27381175
1250;1121,833333;39,3;36,67396666;6,896051109;39,29953589
1251;1122,716667;39,01;36,69731352;5,348518739;39,32526004
1252;1123,6;39,21;36,72066039;6,196811704;39,35098419
1253;1124,483333;39,07;36,74400725;5,410242262;39,37670833
1254;1125,366667;38,6;36,76735412;3,358590932;39,40243248
1255;1126,25;39,14;36,79070098;5,519205878;39,42815662
1256;1127,133333;39,24;36,81404785;5,885243853;39,45388077
1257;1128,016667;38,96;36,83739471;4,505453214;39,47960491
1258;1128,9;39,34;36,86074158;6,146722337;39,50532906
1259;1129,783333;39,52;36,88408844;6,948029753;39,53105321
1260;1130,666667;38,99;36,9074353;4,337075711;39,55677735
1261;1131,55;39,32;36,93078217;5,708361844;39,5825015
1262;1132,433333;39,38;36,95412903;5,884849946;39,60822564
1263;1133,316667;39,16;36,9774759;4,763411455;39,63394979
1264;1134,2;39,19;37,00082276;4,792496977;39,65967393
1265;1135,083333;39,32;37,02416963;5,270837101;39,68539808
1266;1135,966667;39,21;37,04751649;4,676334923;39,71112223
1267;1136,85;39,18;37,07086336;4,448457382;39,73684637
1268;1137,733333;39,2;37,09421022;4,434350594;39,76257052
1269;1138,616667;38,93;37,11755709;3,284949318;39,78829466
1270;1139,5;37,86;37,14090395;0,517099129;39,81401881
1271;1140,383333;35,96;37,16425081;1,450220024;39,83974296
1272;1141,266667;33,32;37,18759768;14,95831181;39,8654671
1273;1142,15;29,74;37,21094454;55,81501238;39,89119125
1274;1143,033333;25,6;37,23429141;135,3567366;39,91691539
1275;1143,916667;21,52;37,25763827;247,6732584;39,94263954
1276;1144,8;20,46;37,28098514;282,945541;39,96836368
1277;1145,683333;21,61;37,304332;246,312057;39,99408783
1278;1146,566667;24,57;37,32767887;162,7583701;40,01981198
1279;1147,45;29,03;37,35102573;69,23946922;40,04553612
1280;1148,333333;34,29;37,3743726;9,513354309;40,07126027
1281;1149,216667;38,23;37,39771946;0,692690897;40,09698441
1282;1150,1;40,36;37,42106632;8,637331147;40,12270856
1283;1150,983333;41,43;37,44441319;15,88490223;40,1484327
1284;1151,866667;41,62;37,46776005;17,24109657;40,17415685
1285;1152,75;41,77;37,49110692;18,308926;40,199881
1286;1153,633333;41,75;37,51445378;17,93985176;40,22560514
1287;1154,516667;41,41;37,53780065;14,99392782;40,25132929
1288;1155,4;41,3;37,56114751;13,97901793;40,27705343
1289;1156,283333;41,59;37,58449438;16,0440753;40,30277758
1290;1157,166667;41,84;37,60784124;17,91116776;40,32850173
1291;1158,05;41,47;37,63118811;14,73647676;40,35422587
1292;1158,933333;41,57;37,65453497;15,3308664;40,37995002
1293;1159,816667;41,92;37,67788183;17,99556653;40,40567416
1294;1160,7;41,93;37,7012287;17,88250671;40,43139831
1295;1161,583333;41,61;37,72457556;15,09652305;40,45712245
1296;1162,466667;41,73;37,74792243;15,85694178;40,4828466
1297;1163,35;41,78;37,77126929;16,06992188;40,50857075
1298;1164,233333;41,51;37,79461616;13,80407709;40,53429489
1299;1165,116667;41,42;37,81796302;12,97467039;40,56001904
1300;1166;41,81;37,84130989;15,75050121;40,58574318
1301;1166,883333;41,57;37,86465675;13,72956859;40,61146733
1302;1167,766667;41,58;37,88800362;13,6308373;40,63719147
1303;1168,65;42,01;37,91135048;16,79892788;40,66291562
1304;1169,533333;41,97;37,93469735;16,28366752;40,68863977
1305;1170,416667;41,56;37,95804421;12,97408552;40,71436391
1306;1171,3;42,11;37,98139107;17,04541166;40,74008806
1307;1172,183333;41,98;38,00473794;15,80270845;40,7658122
1308;1173,066667;41,21;38,0280848;10,12458432;40,79153635
1309;1173,95;41,65;38,05143167;12,94969404;40,8172605
1310;1174,833333;41,53;38,07477853;11,93855539;40,84298464
1311;1175,716667;40,76;38,0981254;7,085576401;40,86870879
1312;1176,6;40,95;38,12147226;8,000569166;40,89443293
1313;1177,483333;41,28;38,14481913;9,829359111;40,92015708
1314;1178,366667;41,12;38,16816599;8,713324018;40,94588122
1315;1179,25;41,37;38,19151286;10,10278053;40,97160537
1316;1180,133333;41,9;38,21485972;13,58025888;40,99732952
1317;1181,016667;41,98;38,23820658;14,00101796;41,02305366
1318;1181,9;41,97;38,26155345;13,75257582;41,04877781
1319;1182,783333;42,07;38,28490031;14,32697964;41,07450195
1320;1183,666667;41,89;38,30824718;12,82895328;41,1002261
1321;1184,55;41,39;38,33159404;9,353846999;41,12595024
1322;1185,433333;41,81;38,35494091;11,93743333;41,15167439
1323;1186,316667;41,77;38,37828777;11,50371184;41,17739854
1324;1187,2;41,29;38,40163464;8,342654473;41,20312268
1325;1188,083333;41,9;38,4249815;12,07575357;41,22884683
1326;1188,966667;42,16;38,44832837;13,77650632;41,25457097
1327;1189,85;41,47;38,47167523;8,989951426;41,28029512
1328;1190,733333;41,81;38,49502209;10,98907851;41,30601927
1329;1191,616667;42,07;38,51836896;12,61408305;41,33174341
1330;1192,5;41,74;38,54171582;10,22902167;41,35746756
1331;1193,383333;41,79;38,56506269;10,40022066;41,3831917
1332;1194,266667;42,19;38,58840955;12,97145375;41,40891585
1333;1195,15;41,8;38,61175642;10,16489714;41,43463999
1334;1196,033333;41,28;38,63510328;6,995478648;41,46036414
1335;1196,916667;41,49;38,65845015;8,017674572;41,48608829
1336;1197,8;41,23;38,68179701;6,493338472;41,51181243
1337;1198,683333;40,71;38,70514388;4,019448079;41,53753658
1338;1199,566667;41,02;38,72849074;5,251014687;41,56326072
1339;1200,45;41,49;38,7518376;7,497533302;41,58898487
1340;1201,333333;41,16;38,77518447;5,687345115;41,61470901
1341;1202,216667;41,63;38,79853133;8,017214806;41,64043316
1342;1203,1;42,26;38,8218782;11,82068152;41,66615731
1343;1203,983333;42,09;38,84522506;10,52856439;41,69188145
1344;1204,866667;41,9;38,86857193;9,189556157;41,7176056
1345;1205,75;42,75;38,89191879;14,88479061;41,74332974
1346;1206,633333;42,38;38,91526566;12,00438407;41,76905389
1347;1207,516667;42,02;38,93861252;9,494948793;41,79477804
1348;1208,4;42,5;38,96195939;12,51773139;41,82050218
1349;1209,283333;42,57;38,98530625;12,85002928;41,84622633
1350;1210,166667;41,99;39,00865312;8,888429248;41,87195047
1351;1211,05;42,3;39,03199998;10,67982413;41,89767462
1352;1211,933333;42,36;39,05534684;10,92073248;41,92339876
1353;1212,816667;41,74;39,07869371;7,082551176;41,94912291
1354;1213,7;41,78;39,10204057;7,171466691;41,97484706
1355;1214,583333;41,64;39,12538744;6,323276337;42,0005712
1356;1215,466667;40,86;39,1487343;2,928430288;42,02629535
1357;1216,35;39,53;39,17208117;0,128105891;42,05201949
1358;1217,233333;37,32;39,19542803;3,517230302;42,07774364
1359;1218,116667;34,09;39,2187749;26,30433194;42,10346779
1360;1219;30,18;39,24212176;82,12205081;42,12919193
1361;1219,883333;25,69;39,26546863;184,2933484;42,15491608
1362;1220,766667;21,97;39,28881549;299,94137;42,18064022
1363;1221,65;21,02;39,31216235;334,6032036;42,20636437
1364;1222,533333;22,83;39,33550922;272,4318346;42,23208851
1365;1223,416667;25,9;39,35885608;181,1408071;42,25781266
1366;1224,3;30,77;39,38220295;74,17003962;42,28353681
1367;1225,183333;35,95;39,40554981;11,94082451;42,30926095
1368;1226,066667;40,3;39,42889668;0,758820999;42,3349851
1369;1226,95;42,37;39,45224354;8,513302749;42,36070924
1370;1227,833333;43,69;39,47559041;17,76124822;42,38643339
1371;1228,716667;44,39;39,49893727;23,92249462;42,41215753
1372;1229,6;45,48;39,52228414;35,49437832;42,43788168
1373;1230,483333;45,07;39,545631;30,51865285;42,46360583
1374;1231,366667;44,98;39,56897786;29,27916055;42,48932997
1375;1232,25;45,42;39,59232473;33,96179906;42,51505412
1376;1233,133333;45,8;39,61567159;38,24591784;42,54077826
1377;1234,016667;45,11;39,63901846;29,93163903;42,56650241
1378;1234,9;45,17;39,66236532;30,33403974;42,59222656
1379;1235,783333;45,85;39,68571219;37,99844424;42,6179507
1380;1236,666667;45,58;39,70905905;34,46794761;42,64367485
1381;1237,55;45,32;39,73240592;31,22120764;42,66939899
1382;1238,433333;45,92;39,75575278;37,99794378;42,69512314
1383;1239,316667;45,91;39,77909965;37,58793915;42,72084728
1384;1240,2;45,55;39,80244651;33,03437112;42,74657143
1385;1241,083333;45,67;39,82579337;34,15475108;42,77229558
1386;1241,966667;46,06;39,84914024;38,57477897;42,79801972
1387;1242,85;45,8;39,8724871;35,13540913;42,82374387
1388;1243,733333;45,76;39,89583397;34,38844325;42,84946801
1389;1244,616667;46,5;39,91918083;43,30718091;42,87519216
1390;1245,5;46,22;39,9425277;39,40665851;42,9009163
1391;1246,383333;45,97;39,96587456;36,04952227;42,92664045
1392;1247,266667;46,23;39,98922143;38,9473172;42,9523646
1393;1248,15;46,27;40,01256829;39,15545159;42,97808874
1394;1249,033333;45,32;40,03591516;27,92155264;43,00381289
1395;1249,916667;45,73;40,05926202;32,15726923;43,02953703
1396;1250,8;46,1;40,08260889;36,20899583;43,05526118
1397;1251,683333;45,52;40,10595575;29,31187515;43,08098533
1398;1252,566667;45,27;40,12930261;26,42676961;43,10670947
1399;1253,45;46,04;40,15264948;34,66089616;43,13243362
1400;1254,333333;45,91;40,17599634;32,87879794;43,15815776
1401;1255,216667;45,48;40,19934321;27,88533616;43,18388191
1402;1256,1;46,16;40,22269007;35,25164918;43,20960605
1403;1256,983333;46,64;40,24603694;40,88276365;43,2353302
1404;1257,866667;46,24;40,2693838;35,64825779;43,26105435
1405;1258,75;46,49;40,29273067;38,4061472;43,28677849
1406;1259,633333;47;40,31607753;44,67481958;43,31250264
1407;1260,516667;46,76;40,3394244;41,2237911;43,33822678
1408;1261,4;46,7;40,36277126;40,16046811;43,36395093
1409;1262,283333;47,03;40,38611812;44,14116638;43,38967507
1410;1263,166667;46,74;40,40946499;40,07567353;43,41539922
1411;1264,05;46,41;40,43281185;35,72677814;43,44112337
1412;1264,933333;46,22;40,45615872;33,22186632;43,46684751
1413;1265,816667;46,38;40,47950558;34,81583437;43,49257166
1414;1266,7;46,23;40,50285245;32,80021909;43,5182958
1415;1267,583333;46,18;40,52619931;31,96546222;43,54401995
1416;1268,466667;46,43;40,54954618;34,57973717;43,5697441
1417;1269,35;46,75;40,57289304;38,15665038;43,59546824
1418;1270,233333;46,54;40,59623991;35,32828406;43,62119239
1419;1271,116667;46,68;40,61958677;36,72860852;43,64691653
1420;1272;46,88;40,64293363;38,90099685;43,67264068
1421;1272,883333;46,58;40,6662805;34,97207834;43,69836482
1422;1273,766667;46,84;40,68962736;37,82708357;43,72408897
1423;1274,65;47,11;40,71297423;40,92193872;43,74981312
1424;1275,533333;46,94;40,73632109;38,48563198;43,77553726
1425;1276,416667;47,09;40,75966796;40,07310377;43,80126141
1426;1277,3;47,7;40,78301482;47,84468395;43,82698555
1427;1278,183333;47,04;40,80636169;38,85824662;43,8527097
1428;1279,066667;46,9;40,82970855;36,84843828;43,87843384
1429;1279,95;47,24;40,85305542;40,79306112;43,90415799
1430;1280,833333;46,89;40,87640228;36,16335754;43,92988214
1431;1281,716667;46,34;40,89974914;29,59632937;43,95560628
1432;1282,6;46,86;40,92309601;35,24682899;43,98133043
1433;1283,483333;47;40,94644287;36,64555388;44,00705457
1434;1284,366667;46,28;40,96978974;28,19833302;44,03277872
1435;1285,25;46,41;40,9931366;29,34240906;44,05850287
1436;1286,133333;47,08;41,01648347;36,76623274;44,08422701
1437;1287,016667;46,51;41,03983033;29,9227562;44,10995116
1438;1287,9;46,41;41,0631772;28,58851409;44,1356753
1439;1288,783333;47,02;41,08652406;35,20613672;44,16139945
1440;1289,666667;46,96;41,10987093;34,22401018;44,18712359
1441;1290,55;46,06;41,13321779;24,27318294;44,21284774
1442;1291,433333;46,14;41,15656465;24,83462784;44,23857189
1443;1292,316667;45,59;41,17991152;19,44888041;44,26429603
1444;1293,2;43,69;41,20325838;6,183883864;44,29002018
1445;1294,083333;41,18;41,22660525;0,002172049;44,31574432
1446;1294,966667;37,45;41,24995211;14,43963606;44,34146847
1447;1295,85;32,37;41,27329898;79,26873269;44,36719261
1448;1296,733333;26,82;41,29664584;209,5732748;44,39291676
1449;1297,616667;22,9;41,31999271;339,2961313;44,41864091
1450;1298,5;22,52;41,34333957;354,3181126;44,44436505
1451;1299,383333;24,52;41,36668644;283,8108439;44,4700892
1452;1300,266667;28,8;41,3900333;158,5089385;44,49581334
1453;1301,15;34,27;41,41338017;51,02788018;44,52153749
1454;1302,033333;39,79;41,43672703;2,71170991;44,54726164
1455;1302,916667;43,18;41,46007389;2,958145809;44,57298578
1456;1303,8;45,87;41,48342076;19,24207744;44,59870993
1457;1304,683333;47,22;41,50676762;32,64102419;44,62443407
1458;1305,566667;48,47;41,53011449;48,16201092;44,65015822
1459;1306,45;48,32;41,55346135;45,78604527;44,67588236
1460;1307,333333;48,47;41,57680822;47,51609296;44,70160651
1461;1308,216667;48,25;41,60015508;44,22043744;44,72733066
1462;1309,1;48,1;41,62350195;41,94502704;44,7530548
1463;1309,983333;47,62;41,64684881;35,67853513;44,77877895
1464;1310,866667;47,85;41,67019568;38,18998149;44,80450309
1465;1311,75;47,52;41,69354254;33,94760653;44,83022724
1466;1312,633333;47,13;41,7168894;29,30176632;44,85595138
1467;1313,516667;47,65;41,74023627;34,92530736;44,88167553
1468;1314,4;47,67;41,76358313;34,8857602;44,90739968
1469;1315,283333;47,6;41,78693;33,79178285;44,93312382
1470;1316,166667;48,15;41,81027686;40,19208946;44,95884797
1471;1317,05;48,48;41,83362373;44,17431756;44,98457211
1472;1317,933333;47,86;41,85697059;36,03636208;45,01029626
1473;1318,816667;47,96;41,88031746;36,96253983;45,03602041
1474;1319,7;48,72;41,90366432;46,46243209;45,06174455
1475;1320,583333;48,09;41,92701119;37,98243113;45,0874687
1476;1321,466667;48,14;41,95035805;38,31166747;45,11319284
1477;1322,35;48,7;41,97370491;45,24304558;45,13891699
1478;1323,233333;48,56;41,99705178;43,07228935;45,16464113
1479;1324,116667;48,08;42,02039864;36,7187686;45,19036528
1480;1325;48,33;42,04374551;39,51699553;45,21608943
1481;1325,883333;48,51;42,06709237;41,51105869;45,24181357
1482;1326,766667;47,94;42,09043924;34,21736111;45,26753772
1483;1327,65;48,06;42,1137861;35,35745972;45,29326186
1484;1328,533333;48,55;42,13713297;41,12486359;45,31898601
1485;1329,416667;48,5;42,16047983;40,18951597;45,34471015
1486;1330,3;48,02;42,1838267;34,06091884;45,3704343
1487;1331,183333;48,58;42,20717356;40,61291683;45,39615845
1488;1332,066667;48,82;42,23052042;43,42124107;45,42188259
1489;1332,95;48,36;42,25386729;37,28485668;45,44760674
1490;1333,833333;48,48;42,27721415;38,47455225;45,47333088
1491;1334,716667;48,8;42,30056102;42,24270707;45,49905503
1492;1335,6;48,57;42,32390788;39,01366673;45,52477918
1493;1336,483333;48,28;42,34725475;35,19746623;45,55050332
1494;1337,366667;48,78;42,37060161;41,08038769;45,57622747
1495;1338,25;48,66;42,39394848;39,26340169;45,60195161
1496;1339,133333;48,56;42,41729534;37,73282052;45,62767576
1497;1340,016667;48,87;42,44064221;41,33664164;45,6533999
1498;1340,9;48,96;42,46398907;42,198158;45,67912405
1499;1341,783333;48,49;42,48733594;36,03197588;45,7048482
1500;1342,666667;48,93;42,5106828;41,20763332;45,73057234
1501;1343,55;48,89;42,53402966;40,39835891;45,75629649
1502;1344,433333;48,41;42,55737653;34,2532015;45,78202063
1503;1345,316667;48,59;42,58072339;36,11140534;45,80774478
1504;1346,2;48,44;42,60407026;34,05807596;45,83346892
1505;1347,083333;48,42;42,62741712;33,55401639;45,85919307
1506;1347,966667;48,88;42,65076399;38,80338131;45,88491722
1507;1348,85;48,84;42,67411085;38,01818899;45,91064136
1508;1349,733333;48,59;42,69745772;34,72205457;45,93636551
1509;1350,616667;48,92;42,72080458;38,43002385;45,96208965
1510;1351,5;48,45;42,74415145;32,55670773;45,9878138
1511;1352,383333;48,17;42,76749831;29,18702451;46,01353795
1512;1353,266667;48,32;42,79084517;30,57155309;46,03926209
1513;1354,15;48,41;42,81419204;31,31306674;46,06498624
1514;1355,033333;48,16;42,8375389;28,32859212;46,09071038
1515;1355,916667;48,47;42,86088577;31,46216247;46,11643453
1516;1356,8;48,33;42,88423263;29,65638222;46,14215867
1517;1357,683333;48,24;42,9075795;28,43470842;46,16788282
1518;1358,566667;48,18;42,93092636;27,55277406;46,19360697
1519;1359,45;48,34;42,95427323;29,00605288;46,21933111
1520;1360,333333;48,34;42,97762009;28,75511829;46,24505526
1521;1361,216667;48,46;43,00096696;29,80104178;46,2707794
1522;1362,1;48,92;43,02431382;34,75911553;46,29650355
1523;1362,983333;49,21;43,04766068;37,97442584;46,32222769
1524;1363,866667;49,04;43,07100755;35,62887088;46,34795184
1525;1364,75;49,28;43,09435441;38,26221132;46,37367599
1526;1365,633333;49,29;43,11770128;38,09727151;46,39940013
1527;1366,516667;48,97;43,14104814;33,97667975;46,42512428
1528;1367,4;48,72;43,16439501;30,86474683;46,45084842
1529;1368,283333;48,64;43,18774187;29,72711869;46,47657257
1530;1369,166667;47,36;43,21108874;17,21346467;46,50229672
1531;1370,05;44,73;43,2344356;2,236712871;46,52802086
1532;1370,933333;40,92;43,25778247;5,465226857;46,55374501
1533;1371,816667;36,4;43,28112933;47,34994086;46,57946915
1534;1372,7;31,06;43,30447619;149,9271973;46,6051933
1535;1373,583333;25,39;43,32782306;321,7654961;46,63091744
1536;1374,466667;22,99;43,35116992;414,5772407;46,65664159
1537;1375,35;23,44;43,37451679;397,3849596;46,68236574
1538;1376,233333;25,45;43,39786365;322,1258097;46,70808988
1539;1377,116667;29,07;43,42121052;205,9572433;46,73381403
1540;1378;34,2;43,44455738;85,46184119;46,75953817
1541;1378,883333;38,64;43,46790425;23,30865942;46,78526232
1542;1379,766667;41,13;43,49125111;5,57550681;46,81098646
1543;1380,65;43,35;43,51459798;0,027092494;46,83671061
1544;1381,533333;44,88;43,53794484;1,801112051;46,86243476
1545;1382,416667;46,47;43,5612917;8,460583946;46,8881589
1546;1383,3;46,3;43,58463857;7,373187698;46,91388305
1547;1384,183333;46,79;43,60798543;10,1252167;46,93960719
1548;1385,066667;46,47;43,6313323;8,058034319;46,96533134
1549;1385,95;46,12;43,65467916;6,077806828;46,99105549
1550;1386,833333;45,64;43,67802603;3,849341868;47,01677963
1551;1387,716667;45,66;43,70137289;3,836220147;47,04250378
1552;1388,6;45,74;43,72471976;4,061354458;47,06822792
1553;1389,483333;45,79;43,74806662;4,169491922;47,09395207
1554;1390,366667;45,81;43,77141349;4,155834975;47,11967621
1555;1391,25;45,8;43,79476035;4,020986052;47,14540036
1556;1392,133333;45,72;43,81810722;3,617196165;47,17112451
1557;1393,016667;45,63;43,84145408;3,198896509;47,19684865
1558;1393,9;45,76;43,86480094;3,591779461;47,2225728
1559;1394,783333;45,92;43,88814781;4,128423327;47,24829694
1560;1395,666667;45,85;43,91149467;3,757802901;47,27402109
1561;1396,55;46;43,93484154;4,264879473;47,29974523
1562;1397,433333;46,05;43,9581884;4,375675759;47,32546938
1563;1398,316667;46,02;43,98153527;4,155338467;47,35119353
1564;1399,2;46,12;44,00488213;4,473723597;47,37691767
1565;1400,083333;46,1;44,028229;4,292235092;47,40264182
1566;1400,966667;46,37;44,05157586;5,375090489;47,42836596
1567;1401,85;46,13;44,07492273;4,223342605;47,45409011
1568;1402,733333;46,14;44,09826959;4,168663067;47,47981426
1569;1403,616667;46,03;44,12161645;3,641927757;47,5055384
1570;1404,5;45,74;44,14496332;2,544142014;47,53126255
1571;1405,383333;45,7;44,16831018;2,346073694;47,55698669
1572;1406,266667;45,64;44,19165705;2,097697306;47,58271084
1573;1407,15;45,69;44,21500391;2,175613457;47,60843498
1574;1408,033333;45,72;44,23835078;2,195284419;47,63415913
1575;1408,916667;46,02;44,26169764;3,091627183;47,65988328
1576;1409,8;45,96;44,28504451;2,805475905;47,68560742
1577;1410,683333;46,18;44,30839137;3,50291886;47,71133157
1578;1411,566667;46,36;44,33173824;4,113845785;47,73705571
1579;1412,45;46,41;44,3550851;4,222675246;47,76277986
1580;1413,333333;46,69;44,37843196;5,343346782;47,788504
1581;1414,216667;46,57;44,40177883;4,701183045;47,81422815
1582;1415,1;46,58;44,42512569;4,643483276;47,8399523
1583;1415,983333;46,7;44,44847256;5,06937582;47,86567644
1584;1416,866667;46,71;44,47181942;5,009452296;47,89140059
1585;1417,75;46,75;44,49516629;5,084275071;47,91712473
1586;1418,633333;46,93;44,51851315;5,815268818;47,94284888
1587;1419,516667;47,26;44,54186002;7,388284969;47,96857303
1588;1420,4;47,43;44,56520688;8,207039614;47,99429717
1589;1421,283333;47,45;44,58855375;8,187874666;48,02002132
1590;1422,166667;47,66;44,61190061;9,290909889;48,04574546
1591;1423,05;47,78;44,63524747;9,889468444;48,07146961
1592;1423,933333;47,55;44,65859434;8,360226694;48,09719375
1593;1424,816667;47,32;44,6819412;6,959354211;48,1229179
1594;1425,7;47,77;44,70528807;9,392459223;48,14864205
1595;1426,583333;47,3;44,72863493;6,611918307;48,17436619
1596;1427,466667;47,35;44,7519818;6,74969858;48,20009034
1597;1428,35;47,83;44,77532866;9,331016982;48,22581448
1598;1429,233333;47,51;44,79867553;7,351280399;48,25153863
1599;1430,116667;47,26;44,82202239;5,94373482;48,27726277
1600;1431;47,41;44,84536926;6,577330853;48,30298692
1601;1431,883333;47,47;44,86871612;6,766677822;48,32871107
1602;1432,766667;47,32;44,89206299;5,894878148;48,35443521
1603;1433,65;47,73;44,91540985;7,921917715;48,38015936
1604;1434,533333;48,11;44,93875671;10,05678398;48,4058835
1605;1435,416667;48,15;44,96210358;10,16268359;48,43160765
1606;1436,3;48,23;44,98545044;10,52710183;48,4573318
1607;1437,183333;48,4;45,00879731;11,5002557;48,48305594
1608;1438,066667;48,52;45,03214417;12,16513827;48,50878009
1609;1438,95;48,02;45,05549104;8,788313392;48,53450423
1610;1439,833333;48,38;45,0788379;10,8976712;48,56022838
1611;1440,716667;48,53;45,10218477;11,74991728;48,58595252
1612;1441,6;48,24;45,12553163;9,699913223;48,61167667
1613;1442,483333;48,19;45,1488785;9,248420007;48,63740082
1614;1443,366667;48,55;45,17222536;11,40936152;48,66312496
1615;1444,25;48,08;45,19557222;8,319923593;48,68884911
1616;1445,133333;47,8;45,21891909;6,661978669;48,71457325
1617;1446,016667;47;45,24226595;3,089628978;48,7402974
1618;1446,9;45,37;45,26561282;0,010896684;48,76602154
1619;1447,783333;41,91;45,28895968;11,41736854;48,79174569
1620;1448,666667;37,63;45,31230655;59,01783389;48,81746984
1621;1449,55;32,24;45,33565341;171,4961383;48,84319398
1622;1450,433333;26,59;45,35900028;352,2753714;48,86891813
