;L, μμ;hn58, alticrn3-1,53,800.csv;Result;fail;Predict
0;3,533333333;13,49;9,533460712;15,65420314;10,43032325
1;4,416666667;13,38;9,547311193;14,68950349;10,44365108
2;5,3;13,47;9,561161674;15,27901706;10,45697892
3;6,183333333;13,36;9,575012155;14,32613298;10,47030676
4;7,066666667;13,39;9,588862636;14,44864526;10,4836346
5;7,95;13,39;9,602713117;14,34354193;10,49696244
6;8,833333333;13,2;9,616563598;12,84101644;10,51029028
7;9,716666667;13,23;9,630414079;12,9570188;10,52361811
8;10,6;13,2;9,64426456;12,64325452;10,53694595
9;11,48333333;13,27;9,658115041;13,04571295;10,55027379
10;12,36666667;13,19;9,671965522;12,37656659;10,56360163
11;13,25;13,31;9,685816003;13,13470964;10,57692947
12;14,13333333;13,24;9,699666484;12,5339614;10,59025731
13;15,01666667;13,29;9,713516966;12,7912309;10,60358514
14;15,9;13,24;9,727367447;12,33858746;10,61691298
15;16,78333333;13,19;9,741217928;11,89409778;10,63024082
16;17,66666667;13,27;9,755068409;12,35474409;10,64356866
17;18,55;13,23;9,76891889;11,97908245;10,6568965
18;19,43333333;13,34;9,782769371;12,65388975;10,67022434
19;20,31666667;13,4;9,796619852;12,98434849;10,68355217
20;21,2;13,51;9,810470333;13,68651976;10,69688001
21;22,08333333;13,6;9,824320814;14,25575332;10,71020785
22;22,96666667;13,53;9,838171295;13,62959919;10,72353569
23;23,85;13,52;9,852021776;13,45406425;10,73686353
24;24,73333333;13,59;9,865872257;13,86912745;10,75019137
25;25,61666667;13,58;9,879722738;13,69205182;10,76351921
26;26,5;13,43;9,893573219;12,50631438;10,77684704
27;27,38333333;13,58;9,9074237;13,48781668;10,79017488
28;28,26666667;13,56;9,921274181;13,24032559;10,80350272
29;29,15;13,45;9,935124662;12,35434864;10,81683056
30;30,03333333;13,55;9,948975143;12,96738002;10,8301584
31;30,91666667;13,61;9,962825624;13,30188093;10,84348624
32;31,8;13,58;9,976676105;12,98394309;10,85681407
33;32,68333333;13,58;9,990526586;12,88431939;10,87014191
34;33,56666667;13,6;10,00437707;12,92850428;10,88346975
35;34,45;13,73;10,01822755;13,77725473;10,89679759
36;35,33333333;13,74;10,03207803;13,74868534;10,91012543
37;36,21666667;13,82;10,04592851;14,24361561;10,92345327
38;37,1;13,75;10,05977899;13,61773109;10,9367811
39;37,98333333;13,78;10,07362947;13,73718249;10,95010894
40;38,86666667;13,66;10,08747995;12,76289948;10,96343678
41;39,75;13,64;10,10133043;12,5221823;10,97676462
42;40,63333333;13,6;10,11518092;12,14396405;10,99009246
43;41,51666667;13,66;10,1290314;12,46773928;11,0034203
44;42,4;13,81;10,14288188;13,44775533;11,01674813
45;43,28333333;13,78;10,15673236;13,1280684;11,03007597
46;44,16666667;13,8;10,17058284;13,17266893;11,04340381
47;45,05;13,88;10,18443332;13,65721308;11,05673165
48;45,93333333;13,92;10,1982838;13,85117146;11,07005949
49;46,81666667;13,81;10,21213428;12,94463772;11,08338733
50;47,7;13,71;10,22598476;12,13836217;11,09671517
51;48,58333333;13,87;10,23983524;13,17809615;11,110043
52;49,46666667;13,81;10,25368573;12,64737122;11,12337084
53;50,35;13,73;10,26753621;11,98865552;11,13669868
54;51,23333333;13,66;10,28138669;11,41502791;11,15002652
55;52,11666667;13,74;10,29523717;11,86639096;11,16335436
56;53;13,62;10,30908765;10,96214059;11,1766822
57;53,88333333;13,52;10,32293813;10,2212046;11,19001003
58;54,76666667;13,66;10,33678861;11,04373393;11,20333787
59;55,65;13,75;10,35063909;11,55565458;11,21666571
60;56,53333333;13,7;10,36448957;11,1256298;11,22999355
61;57,41666667;13,73;10,37834005;11,23362439;11,24332139
62;58,3;13,75;10,39219054;11,2748844;11,25664923
63;59,18333333;13,69;10,40604102;10,7843866;11,26997706
64;60,06666667;13,66;10,4198915;10,49830311;11,2833049
65;60,95;13,67;10,43374198;10,47336598;11,29663274
66;61,83333333;13,65;10,44759246;10,25541405;11,30996058
67;62,71666667;13,66;10,46144294;10,23076726;11,32328842
68;63,6;13,66;10,47529342;10,14235599;11,33661626
69;64,48333333;13,7;10,4891439;10,30959688;11,34994409
70;65,36666667;13,72;10,50299438;10,34912513;11,36327193
71;66,25;13,71;10,51684487;10,19623972;11,37659977
72;67,13333333;13,7;10,53069535;10,04449199;11,38992761
73;68,01666667;13,82;10,54454583;10,72860004;11,40325545
74;68,9;13,84;10,55839631;10,76892279;11,41658329
75;69,78333333;14,04;10,57224679;12,02531233;11,42991113
76;70,66666667;14,09;10,58609727;12,27733434;11,44323896
77;71,55;13,98;10,59994775;11,4247532;11,4565668
78;72,43333333;14,04;10,61379823;11,73885855;11,46989464
79;73,31666667;14,21;10,62764871;12,83324074;11,48322248
80;74,2;14,16;10,64149919;12,37984792;11,49655032
81;75,08333333;14,18;10,65534968;12,42315991;11,50987816
82;75,96666667;14,38;10,66920016;13,77003548;11,52320599
83;76,85;14,24;10,68305064;12,65188877;11,53653383
84;77,73333333;14,11;10,69690112;11,64924398;11,54986167
85;78,61666667;13,93;10,7107516;10,36356026;11,56318951
86;79,5;14;10,72460208;10,72823153;11,57651735
87;80,38333333;13,92;10,73845256;10,1222441;11,58984519
88;81,26666667;13,99;10,75230304;10,48268159;11,60317302
89;82,15;13,92;10,76615352;9,946747597;11,61650086
90;83,03333333;13,99;10,780004;10,30407429;11,6298287
91;83,91666667;13,91;10,79385449;9,710362867;11,64315654
92;84,8;13,99;10,80770497;10,12700168;11,65648438
93;85,68333333;13,99;10,82155545;10,03904088;11,66981222
94;86,56666667;13,94;10,83540593;9,638504347;11,68314005
95;87,45;14,02;10,84925641;10,05361491;11,69646789
96;88,33333333;14,04;10,86310689;10,09264983;11,70979573
97;89,21666667;14,02;10,87695737;9,878716963;11,72312357
98;90,1;14,07;10,89080785;10,10726271;11,73645141
99;90,98333333;14,13;10,90465833;10,40282886;11,74977925
100;91,86666667;14,18;10,91850881;10,63732475;11,76310709
101;92,75;14,1;10,9323593;10,03394763;11,77643492
102;93,63333333;14,06;10,94620978;9,695689553;11,78976276
103;94,51666667;13,94;10,96006026;8,880040866;11,8030906
104;95,4;13,92;10,97391074;8,679441934;11,81641844
105;96,28333333;13,82;10,98776122;8,021576507;11,82974628
106;97,16666667;13,81;11,0016117;7,887044838;11,84307412
107;98,05;13,86;11,01546218;8,091395397;11,85640195
108;98,93333333;13,95;11,02931266;8,53041452;11,86972979
109;99,81666667;13,9;11,04316314;8,161516821;11,88305763
110;100,7;14,04;11,05701363;8,898207712;11,89638547
111;101,5833333;14,11;11,07086411;9,236346981;11,90971331
112;102,4666667;14,14;11,08471459;9,334768953;11,92304115
113;103,35;14,16;11,09856507;9,372383841;11,93636898
114;104,2333333;14,24;11,11241555;9,781784496;11,94969682
115;105,1166667;14,16;11,12626603;9,203541799;11,96302466
116;106;14,17;11,14011651;9,180193955;11,9763525
117;106,8833333;14,17;11,15396699;9,096455103;11,98968034
118;107,7666667;14;11,16781747;8,021257864;12,00300818
119;108,65;14,07;11,18166795;8,342462005;12,01633602
120;109,5333333;13,98;11,19551844;7,753337583;12,02966385
121;110,4166667;13,92;11,20936892;7,347520871;12,04299169
122;111,3;14;11,2232194;7,710510514;12,05631953
123;112,1833333;14,06;11,23706988;7,968934471;12,06964737
124;113,0666667;14,03;11,25092036;7,723283648;12,08297521
125;113,95;13,99;11,26477084;7,426873971;12,09630305
126;114,8333333;14,08;11,27862132;7,8477225;12,10963088
127;115,7166667;14,03;11,2924718;7,494060631;12,12295872
128;116,6;14,03;11,30632228;7,418420302;12,13628656
129;117,4833333;14,1;11,32017276;7,727439458;12,1496144
130;118,3666667;14,16;11,33402325;7,986144616;12,16294224
131;119,25;14,14;11,34787373;7,795969126;12,17627008
132;120,1333333;14,14;11,36172421;7,718816378;12,18959791
133;121,0166667;14,06;11,37557469;7,206139251;12,20292575
134;121,9;14,1;11,38942517;7,34721591;12,21625359
135;122,7833333;14,18;11,40327565;7,710198111;12,22958143
136;123,6666667;14,08;11,41712613;7,090897237;12,24290927
137;124,55;14,2;11,43097661;7,667490518;12,25623711
138;125,4333333;14,3;11,44482709;8,152012323;12,26956494
139;126,3166667;14,12;11,45867757;7,08263705;12,28289278
140;127,2;14,04;11,47252806;6,591912183;12,29622062
141;128,0833333;14,06;11,48637854;6,623527435;12,30954846
142;128,9666667;14,01;11,50022902;6,298950382;12,3228763
143;129,85;14,15;11,5140795;6,948076887;12,33620414
144;130,7333333;14,28;11,52792998;7,573889394;12,34953198
145;131,6166667;14,23;11,54178046;7,226524289;12,36285981
146;132,5;14,25;11,55563094;7,25962462;12,37618765
147;133,3833333;14,24;11,56948142;7,131669469;12,38951549
148;134,2666667;14,1;11,5833319;6,333618304;12,40284333
149;135,15;14,13;11,59718239;6,41516507;12,41617117
150;136,0333333;14,17;11,61103287;6,548312791;12,42949901
151;136,9166667;14,26;11,62488335;6,943839773;12,44282684
152;137,8;14,22;11,63873383;6,662935049;12,45615468
153;138,6833333;14,15;11,65258431;6,237085132;12,46948252
154;139,5666667;14,11;11,66643479;5,971010934;12,48281036
155;140,45;14,14;11,68028527;6,050196546;12,4961382
156;141,3333333;14,04;11,69413575;5,503079068;12,50946604
157;142,2166667;14,09;11,70798623;5,673989584;12,52279387
158;143,1;13,98;11,72183671;5,099301424;12,53612171
159;143,9833333;13,86;11,7356872;4,512704891;12,54944955
160;144,8666667;13,97;11,74953768;4,93045293;12,56277739
161;145,75;14,2;11,76338816;5,937077271;12,57610523
162;146,6333333;14,32;11,77723864;6,465635341;12,58943307
163;147,5166667;14,53;11,79108912;7,501632811;12,6027609
164;148,4;14,67;11,8049396;8,208571092;12,61608874
165;149,2833333;14,67;11,81879008;8,129397998;12,62941658
166;150,1666667;14,61;11,83264056;7,713725444;12,64274442
167;151,05;14,54;11,84649104;7,254990497;12,65607226
168;151,9333333;14,48;11,86034152;6,862610527;12,6694001
169;152,8166667;14,46;11,87419201;6,686402983;12,68272794
170;153,7;14,41;11,88804249;6,360269698;12,69605577
171;154,5833333;14,29;11,90189297;5,703055197;12,70938361
172;155,4666667;14,23;11,91574345;5,355783384;12,72271145
173;156,35;14,22;11,92959393;5,245959966;12,73603929
174;157,2333333;14,35;11,94344441;5,791509803;12,74936713
175;158,1166667;14,41;11,95729489;6,015762347;12,76269497
176;159;14,48;11,97114537;6,294351539;12,7760228
177;159,8833333;14,61;11,98499585;6,890646766;12,78935064
178;160,7666667;14,62;11,99884634;6,870446535;12,80267848
179;161,65;14,54;12,01269682;6,387261383;12,81600632
180;162,5333333;14,52;12,0265473;6,217306382;12,82933416
181;163,4166667;14,35;12,04039778;5,334262423;12,842662
182;164,3;14,33;12,05424826;5,179045986;12,85598983
183;165,1833333;14,25;12,06809874;4,760693108;12,86931767
184;166,0666667;14,22;12,08194922;4,571261133;12,88264551
185;166,95;14,15;12,0957997;4,219738863;12,89597335
186;167,8333333;14,29;12,10965018;4,753925323;12,90930119
187;168,7166667;14,04;12,12350066;3,672969704;12,92262903
188;169,6;14,13;12,13735115;3,970649458;12,93595686
189;170,4833333;14,27;12,15120163;4,489306548;12,9492847
190;171,3666667;14,24;12,16505211;4,305408757;12,96261254
191;172,25;14,24;12,17890259;4,24812254;12,97594038
192;173,1333333;14,4;12,19275307;4,871939012;12,98926822
193;174,0166667;14,35;12,20660355;4,59414834;13,00259606
194;174,9;14,22;12,22045403;3,99818408;13,0159239
195;175,7833333;14,26;12,23430451;4,103442208;13,02925173
196;176,6666667;14,29;12,24815499;4,16913103;13,04257957
197;177,55;14,15;12,26200547;3,564523328;13,05590741
198;178,4333333;14,17;12,27585596;3,587781661;13,06923525
199;179,3166667;14,15;12,28970644;3,460692142;13,08256309
200;180,2;14,16;12,30355692;3,446380918;13,09589093
201;181,0833333;14,19;12,3174074;3,506603051;13,10921876
202;181,9666667;14,33;12,33125788;3,994970063;13,1225466
203;182,85;14,36;12,34510836;4,059788318;13,13587444
204;183,7333333;14,46;12,35895884;4,414373949;13,14920228
205;184,6166667;14,45;12,37280932;4,314721109;13,16253012
206;185,5;14,37;12,3866598;3,933638334;13,17585796
207;186,3833333;14,46;12,40051028;4,241497887;13,18918579
208;187,2666667;14,45;12,41436077;4,143827092;13,20251363
209;188,15;14,35;12,42821125;3,693272012;13,21584147
210;189,0333333;14,41;12,44206173;3,872781043;13,22916931
211;189,9166667;14,46;12,45591221;4,016367874;13,24249715
212;190,8;14,36;12,46976269;3,572997088;13,25582499
213;191,6833333;14,45;12,48361317;3,866677161;13,26915282
214;192,5666667;14,65;12,49746365;4,633412729;13,28248066
215;193,45;14,66;12,51131413;4,616850955;13,2958085
216;194,3333333;14,64;12,52516461;4,472528709;13,30913634
217;195,2166667;14,71;12,5390151;4,713175457;13,32246418
218;196,1;14,67;12,55286558;4,482258169;13,33579202
219;196,9833333;14,58;12,56671606;4,053312234;13,34911986
220;197,8666667;14,72;12,58056654;4,577175537;13,36244769
221;198,75;14,69;12,59441702;4,391468029;13,37577553
222;199,6333333;14,65;12,6082675;4,1686716;13,38910337
223;200,5166667;14,58;12,62211798;3,833301999;13,40243121
224;201,4;14,56;12,63596846;3,701897358;13,41575905
225;202,2833333;14,48;12,64981894;3,3495627;13,42908689
226;203,1666667;14,52;12,66366942;3,445963206;13,44241472
227;204,05;14,46;12,67751991;3,177235288;13,45574256
228;204,9333333;14,56;12,69137039;3,491776633;13,4690704
229;205,8166667;14,52;12,70522087;3,2934233;13,48239824
230;206,7;14,54;12,71907135;3,315781154;13,49572608
231;207,5833333;14,47;12,73292183;3,01744057;13,50905392
232;208,4666667;14,56;12,74677231;3,287794654;13,52238175
233;209,35;14,56;12,76062279;3,237758338;13,53570959
234;210,2333333;14,56;12,77447327;3,188105694;13,54903743
235;211,1166667;14,56;12,78832375;3,138836722;13,56236527
236;212;14,55;12,80217423;3,054894906;13,57569311
237;212,8833333;14,51;12,81602472;2,869552264;13,58902095
238;213,7666667;14,46;12,8298752;2,657306874;13,60234878
239;214,65;14,44;12,84372568;2,548091712;13,61567662
240;215,5333333;14,15;12,85757616;1,670359385;13,62900446
241;216,4166667;13,92;12,87142664;1,099506092;13,6423323
242;217,3;13,58;12,88527712;0,482639879;13,65566014
243;218,1833333;13,66;12,8991276;0,578926806;13,66898798
244;219,0666667;13,83;12,91297808;0,840929197;13,68231582
245;219,95;14,22;12,92682856;1,672292363;13,69564365
246;220,8333333;14,76;12,94067904;3,309928738;13,70897149
247;221,7166667;15,12;12,95452953;4,689262374;13,72229933
248;222,6;15,18;12,96838001;4,891262994;13,73562717
249;223,4833333;14,94;12,98223049;3,832861462;13,74895501
250;224,3666667;14,76;12,99608097;3,111410348;13,76228285
251;225,25;14,63;13,00993145;2,624622107;13,77561068
252;226,1333333;14,61;13,02378193;2,516087762;13,78893852
253;227,0166667;14,62;13,03763241;2,503887183;13,80226636
254;227,9;14,67;13,05148289;2,619597625;13,8155942
255;228,7833333;14,77;13,06533337;2,905888305;13,82892204
256;229,6666667;14,75;13,07918386;2,79162659;13,84224988
257;230,55;14,88;13,09303434;3,193246284;13,85557771
258;231,4333333;14,79;13,10688482;2,832876718;13,86890555
259;232,3166667;14,74;13,1207353;2,622018174;13,88223339
260;233,2;14,75;13,13458578;2,609563104;13,89556123
261;234,0833333;14,64;13,14843626;2,224762389;13,90888907
262;234,9666667;14,54;13,16228674;1,898093823;13,92221691
263;235,85;14,64;13,17613722;2,142894232;13,93554474
264;236,7333333;14,64;13,1899877;2,10253566;13,94887258
265;237,6166667;14,56;13,20383818;1,83917487;13,96220042
266;238,5;14,57;13,21768867;1,828745945;13,97552826
267;239,3833333;14,62;13,23153915;1,927823542;13,9888561
268;240,2666667;14,52;13,24538963;1,624631602;14,00218394
269;241,15;14,5;13,25924011;1,539485108;14,01551178
270;242,0333333;14,53;13,27309059;1,579821266;14,02883961
271;242,9166667;14,61;13,28694107;1,750484931;14,04216745
272;243,8;14,61;13,30079155;1,714026761;14,05549529
273;244,6833333;14,58;13,31464203;1,601130786;14,06882313
274;245,5666667;14,69;13,32849251;1,853702635;14,08215097
275;246,45;14,67;13,34234299;1,762673124;14,09547881
276;247,3333333;14,61;13,35619348;1,5720308;14,10880664
277;248,2166667;14,71;13,37004396;1,795482198;14,12213448
278;249,1;14,78;13,38389444;1,949110741;14,13546232
279;249,9833333;14,83;13,39774492;2,051354618;14,14879016
280;250,8666667;14,83;13,4115954;2,01187161;14,162118
281;251,75;14,93;13,42544588;2,263683097;14,17544584
282;252,6333333;14,9;13,43929636;2,133655118;14,18877367
283;253,5166667;14,9;13,45314684;2,093384058;14,20210151
284;254,4;14,9;13,46699732;2,05349667;14,21542935
285;255,2833333;14,9;13,4808478;2,013992953;14,22875719
286;256,1666667;14,9;13,49469829;1,974872907;14,24208503
287;257,05;14,81;13,50854877;1,693775312;14,25541287
288;257,9333333;14,8;13,52239925;1,632263681;14,2687407
289;258,8166667;14,66;13,53624973;1,262814671;14,28206854
290;259,7;14,64;13,55010021;1,187881552;14,29539638
291;260,5833333;14,59;13,56395069;1,052777184;14,30872422
292;261,4666667;14,66;13,57780117;1,171154303;14,32205206
293;262,35;14,68;13,59165165;1,184502124;14,3353799
294;263,2333333;14,84;13,60550213;1,523984981;14,34870774
295;264,1166667;14,87;13,61935262;1,564118881;14,36203557
296;265;14,9;13,6332031;1,604774395;14,37536341
297;265,8833333;14,79;13,64705358;1,306326525;14,38869125
298;266,7666667;14,9;13,66090406;1,535358753;14,40201909
299;267,65;14,86;13,67475454;1,404806802;14,41534693
300;268,5333333;14,93;13,68860502;1,541061495;14,42867477
301;269,4166667;14,9;13,7024555;1,434112826;14,4420026
302;270,3;15,01;13,71630598;1,673644211;14,45533044
303;271,1833333;14,99;13,73015646;1,587205736;14,46865828
304;272,0666667;15,15;13,74400694;1,976816472;14,48198612
305;272,95;15,17;13,75785743;1,994146651;14,49531396
306;273,8333333;15,19;13,77170791;2,011552462;14,5086418
307;274,7166667;15,12;13,78555839;1,780734417;14,52196963
308;275,6;15,19;13,79940887;1,933743695;14,53529747
309;276,4833333;15,16;13,81325935;1,813710379;14,54862531
310;277,3666667;15,02;13,82710983;1,422986956;14,56195315
311;278,25;15,03;13,84096031;1,41381538;14,57528099
312;279,1333333;15,1;13,85481079;1,550496162;14,58860883
313;280,0166667;15,09;13,86866127;1,491668284;14,60193666
314;280,9;15,11;13,88251175;1,506727392;14,6152645
315;281,7833333;15,19;13,89636224;1,673498665;14,62859234
316;282,6666667;15,24;13,91021272;1,768334218;14,64192018
317;283,55;15,28;13,9240632;1,838564611;14,65524802
318;284,4333333;15,23;13,93791368;1,669487061;14,66857586
319;285,3166667;15,22;13,95176416;1,608422146;14,6819037
320;286,2;15,27;13,96561464;1,701421165;14,69523153
321;287,0833333;15,32;13,97946512;1,797033759;14,70855937
322;287,9666667;15,33;13,9933156;1,786725177;14,72188721
323;288,85;15,08;14,00716608;1,150972611;14,73521505
324;289,7333333;14,6;14,02101657;0,335221818;14,74854289
325;290,6166667;14,38;14,03486705;0,119116756;14,76187073
326;291,5;14,38;14,04871753;0,109748077;14,77519856
327;292,3833333;14,65;14,06256801;0,345076345;14,7885264
328;293,2666667;15,06;14,07641849;0,967432588;14,80185424
329;294,15;15,53;14,09026897;2,072825438;14,81518208
330;295,0333333;15,88;14,10411945;3,153751723;14,82850992
331;295,9166667;15,93;14,11796993;3,283452966;14,84183776
332;296,8;15,8;14,13182041;2,782823134;14,85516559
333;297,6833333;15,7;14,14567089;2,415938969;14,86849343
334;298,5666667;15,68;14,15952138;2,311855248;14,88182127
335;299,45;15,61;14,17337186;2,063900423;14,89514911
336;300,3333333;15,54;14,18722234;1,830007404;14,90847695
337;301,2166667;15,4;14,20107282;1,437426387;14,92180479
338;302,1;15,41;14,2149233;1,42820832;14,93513262
339;302,9833333;15,44;14,22877378;1,467068955;14,94846046
340;303,8666667;15,41;14,24262426;1,362766115;14,9617883
341;304,75;15,42;14,25647474;1,353791025;14,97511614
342;305,6333333;15,38;14,27032522;1,231378109;14,98844398
343;306,5166667;15,3;14,2841757;1,031898999;15,00177182
344;307,4;15,21;14,29802619;0,831696238;15,01509966
345;308,2833333;15,14;14,31187667;0,685788255;15,02842749
346;309,1666667;15,13;14,32572715;0,646854821;15,04175533
347;310,05;15,14;14,33957763;0,640675972;15,05508317
348;310,9333333;15,08;14,35342811;0,527906712;15,06841101
349;311,8166667;14,95;14,36727859;0,339564241;15,08173885
350;312,7;14,87;14,38112907;0,238994784;15,09506669
351;313,5833333;14,81;14,39497955;0,172241972;15,10839452
352;314,4666667;14,73;14,40883003;0,103150147;15,12172236
353;315,35;14,77;14,42268051;0,120630825;15,1350502
354;316,2333333;14,77;14,436531;0,111201577;15,14837804
355;317,1166667;14,83;14,45038148;0,144110223;15,16170588
356;318;14,72;14,46423196;0,065417291;15,17503372
357;318,8833333;14,7;14,47808244;0,049247404;15,18836155
358;319,7666667;14,71;14,49193292;0,047553251;15,20168939
359;320,65;14,84;14,5057834;0,111700735;15,21501723
360;321,5333333;14,73;14,51963388;0,044253904;15,22834507
361;322,4166667;14,77;14,53348436;0,055939647;15,24167291
362;323,3;14,67;14,54733484;0,01504674;15,25500075
363;324,1833333;14,63;14,56118533;0,004735459;15,26832859
364;325,0666667;14,61;14,57503581;0,001222495;15,28165642
365;325,95;14,74;14,58888629;0,022835354;15,29498426
366;326,8333333;14,71;14,60273677;0,011505401;15,3083121
367;327,7166667;14,79;14,61658725;0,030071982;15,32163994
368;328,6;14,63;14,63043773;1,92E-07;15,33496778
369;329,4833333;14,54;14,64428821;0,010876031;15,34829562
370;330,3666667;14,56;14,65813869;0,009631203;15,36162345
371;331,25;14,5;14,67198917;0,029580276;15,37495129
372;332,1333333;14,41;14,68583965;0,076087515;15,38827913
373;333,0166667;14,52;14,69969014;0,032288545;15,40160697
374;333,9;14,46;14,71354062;0,064282844;15,41493481
375;334,7833333;14,34;14,7273911;0,150071862;15,42826265
376;335,6666667;14,49;14,74124158;0,063122331;15,44159048
377;336,55;14,5;14,75509206;0,065071959;15,45491832
378;337,4333333;14,52;14,76894254;0,061972388;15,46824616
379;338,3166667;14,6;14,78279302;0,033413289;15,481574
380;339,2;14,64;14,7966435;0,024537187;15,49490184
381;340,0833333;14,59;14,81049398;0,048617597;15,50822968
382;340,9666667;14,63;14,82434446;0,037769771;15,52155751
383;341,85;14,56;14,83819495;0,077392428;15,53488535
384;342,7333333;14,48;14,85204543;0,1384178;15,54821319
385;343,6166667;14,45;14,86589591;0,172969406;15,56154103
386;344,5;14,47;14,87974639;0,167892103;15,57486887
387;345,3833333;14,51;14,89359687;0,147146559;15,58819671
388;346,2666667;14,48;14,90744735;0,182711238;15,60152455
389;347,15;14,53;14,92129783;0,153113993;15,61485238
390;348,0333333;14,63;14,93514831;0,093115493;15,62818022
391;348,9166667;14,6;14,94899879;0,121800158;15,64150806
392;349,8;14,56;14,96284927;0,162287538;15,6548359
393;350,6833333;14,56;14,97669976;0,173638687;15,66816374
394;351,5666667;14,58;14,99055024;0,168551497;15,68149158
395;352,45;14,59;15,00440072;0,171727955;15,69481941
396;353,3333333;14,7;15,0182512;0,101283826;15,70814725
397;354,2166667;14,79;15,03210168;0,058613223;15,72147509
398;355,1;14,84;15,04595216;0,042416293;15,73480293
399;355,9833333;14,83;15,05980264;0,052809254;15,74813077
400;356,8666667;14,85;15,07365312;0,050020719;15,76145861
401;357,75;14,82;15,0875036;0,071558178;15,77478644
402;358,6333333;14,8;15,10135409;0,090814285;15,78811428
403;359,5166667;14,86;15,11520457;0,065129371;15,80144212
404;360,4;14,92;15,12905505;0,043704013;15,81476996
405;361,2833333;14,84;15,14290553;0,091751759;15,8280978
406;362,1666667;14,6;15,15675601;0,309977254;15,84142564
407;363,05;14,42;15,17060649;0,563410103;15,85475347
408;363,9333333;14,14;15,18445697;1,090890365;15,86808131
409;364,8166667;14,19;15,19830745;1,016683919;15,88140915
410;365,7;14,45;15,21215793;0,580884715;15,89473699
411;366,5833333;14,95;15,22600841;0,076180645;15,90806483
412;367,4666667;15,33;15,2398589;0,008125419;15,92139267
413;368,35;15,9;15,25370938;0,41769157;15,93472051
414;369,2333333;15,98;15,26755986;0,507570957;15,94804834
415;370,1166667;15,81;15,28141034;0,27940703;15,96137618
416;371;15,54;15,29526082;0,059897266;15,97470402
417;371,8833333;15,43;15,3091113;0,014614078;15,98803186
418;372,7666667;15,29;15,32296178;0,001086479;16,0013597
419;373,65;15,14;15,33681226;0,038735067;16,01468754
420;374,5333333;15,1;15,35066274;0,062831811;16,02801537
421;375,4166667;15,06;15,36451322;0,092728304;16,04134321
422;376,3;14,94;15,37836371;0,192162739;16,05467105
423;377,1833333;14,74;15,39221419;0,425383345;16,06799889
424;378,0666667;14,68;15,40606467;0,527169902;16,08132673
425;378,95;14,71;15,41991515;0,503979519;16,09465457
426;379,8333333;14,69;15,43376563;0,553187312;16,1079824
427;380,7166667;14,74;15,44761611;0,50072056;16,12131024
428;381,6;14,75;15,46146659;0,506184711;16,13463808
429;382,4833333;14,69;15,47531707;0,616722905;16,14796592
430;383,3666667;14,61;15,48916755;0,772935588;16,16129376
431;384,25;14,6;15,50301804;0,815441572;16,1746216
432;385,1333333;14,59;15,51686852;0,859085246;16,18794943
433;386,0166667;14,56;15,530719;0,942295371;16,20127727
434;386,9;14,65;15,54456948;0,800254551;16,21460511
435;387,7833333;14,7;15,55841996;0,736884826;16,22793295
436;388,6666667;14,71;15,57227044;0,743510312;16,24126079
437;389,55;14,63;15,58612092;0,914167216;16,25458863
438;390,4333333;14,6;15,5999714;0,999942805;16,26791647
439;391,3166667;14,55;15,61382188;1,131716999;16,2812443
440;392,2;14,6;15,62767236;1,056110488;16,29457214
441;393,0833333;14,53;15,64152285;1,235483036;16,30789998
442;393,9666667;14,6;15,65537333;1,113812858;16,32122782
443;394,85;14,64;15,66922381;1,059301646;16,33455566
444;395,7333333;14,66;15,68307429;1,046681;16,3478835
445;396,6166667;14,65;15,69692477;1,096051473;16,36121133
446;397,5;14,74;15,71077525;0,942404587;16,37453917
447;398,3833333;14,8;15,72462573;0,854932743;16,38786701
448;399,2666667;14,78;15,73847621;0,91867665;16,40119485
449;400,15;14,79;15,75232669;0,926072665;16,41452269
450;401,0333333;14,84;15,76617717;0,857804159;16,42785053
451;401,9166667;14,92;15,78002766;0,739647568;16,44117836
452;402,8;14,92;15,79387814;0,763662998;16,4545062
453;403,6833333;14,93;15,80772862;0,770407526;16,46783404
454;404,5666667;14,9;15,8215791;0,849308035;16,48116188
455;405,45;14,87;15,83542958;0,932054273;16,49448972
456;406,3333333;14,81;15,84928006;1,080103045;16,50781756
457;407,2166667;14,83;15,86313054;1,067358716;16,52114539
458;408,1;14,82;15,87698102;1,117208882;16,53447323
459;408,9833333;14,92;15,8908315;0,942513809;16,54780107
460;409,8666667;14,85;15,90468198;1,112354089;16,56112891
461;410,75;14,85;15,91853247;1,141761631;16,57445675
462;411,6333333;14,81;15,93238295;1,259743479;16,58778459
463;412,5166667;14,83;15,94623343;1,245977066;16,60111243
464;413,4;14,84;15,96008391;1,254587963;16,61444026
465;414,2833333;14,97;15,97393439;1,007884259;16,6277681
466;415,1666667;15,05;15,98778487;0,879440464;16,64109594
467;416,05;15,02;16,00163535;0,963607964;16,65442378
468;416,9333333;15,02;16,01548583;0,990992044;16,66775162
469;417,8166667;14,94;16,02933631;1,186653605;16,68107946
470;418,7;14,9;16,0431868;1,306876048;16,69440729
471;419,5833333;14,83;16,05703728;1,505620477;16,70773513
472;420,4666667;14,85;16,07088776;1,490566916;16,72106297
473;421,35;14,98;16,08473824;1,220446575;16,73439081
474;422,2333333;15,01;16,09858872;1,1850254;16,74771865
475;423,1166667;14,93;16,1124392;1,398162462;16,76104649
476;424;14,98;16,12628968;1,313980033;16,77437432
477;424,8833333;15,04;16,14014016;1,210308377;16,78770216
478;425,7666667;14,99;16,15399064;1,354874218;16,80103
479;426,65;15,05;16,16784112;1,249568779;16,81435784
480;427,5333333;15,18;16,18169161;1,003386072;16,82768568
481;428,4166667;15,19;16,19554209;1,011114887;16,84101352
482;429,3;15,12;16,20939257;1,186776166;16,85434135
483;430,1833333;15,15;16,22324305;1,151850641;16,86766919
484;431,0666667;15,22;16,23709353;1,034479248;16,88099703
485;431,95;15,32;16,25094401;0,866656751;16,89432487
486;432,8333333;15,34;16,26479449;0,855244852;16,90765271
487;433,7166667;15,41;16,27864497;0,754544088;16,92098055
488;434,6;15,5;16,29249545;0,628049044;16,93430839
489;435,4833333;15,42;16,30634593;0,785609116;16,94763622
490;436,3666667;15,08;16,32019642;1,538087149;16,96096406
491;437,25;14,8;16,3340469;2,353299881;16,9742919
492;438,1333333;14,36;16,34789738;3,951735984;16,98761974
493;439,0166667;14,33;16,36174786;4,127999361;17,00094758
494;439,9;14,57;16,37559834;3,260185364;17,01427542
495;440,7833333;14,89;16,38944882;2,248346766;17,02760325
496;441,6666667;15,22;16,4032993;1,400197238;17,04093109
497;442,55;15,71;16,41714978;0,500060815;17,05425893
498;443,4333333;15,66;16,43100026;0,594441407;17,06758677
499;444,3166667;15,56;16,44485074;0,782960841;17,08091461
500;445,2;15,45;16,45870123;1,017478163;17,09424245
501;446,0833333;15,32;16,47255171;1,328375437;17,10757028
502;446,9666667;15,22;16,48640219;1,603774502;17,12089812
503;447,85;15,27;16,50025267;1,51352163;17,13422596
504;448,7333333;15,15;16,51410315;1,860777404;17,1475538
505;449,6166667;15,09;16,52795363;2,067710645;17,16088164
506;450,5;15,15;16,54180411;1,937118686;17,17420948
507;451,3833333;15,23;16,55565459;1,7573601;17,18753731
508;452,2666667;15,16;16,56950507;1,986704554;17,20086515
509;453,15;15,11;16,58335556;2,170776592;17,21419299
510;454,0333333;15,15;16,59720604;2,094405311;17,22752083
511;454,9166667;15,14;16,61105652;2,164007277;17,24084867
512;455,8;15,14;16,624907;2,204948793;17,25417651
513;456,6833333;15,11;16,63875748;2,33709943;17,26750435
514;457,5666667;15,15;16,65260796;2,257830682;17,28083218
515;458,45;15,13;16,66645844;2,360704542;17,29416002
516;459,3333333;15,11;16,68030892;2,465870112;17,30748786
517;460,2166667;15,01;16,6941594;2,836392896;17,3208157
518;461,1;15,03;16,70800988;2,815717172;17,33414354
519;461,9833333;14,97;16,72186037;3,06901474;17,34747138
520;462,8666667;14,93;16,73571085;3,260591661;17,36079921
521;463,75;14,95;16,74956133;3,238420971;17,37412705
522;464,6333333;15,06;16,76341181;2,901611789;17,38745489
523;465,5166667;15,04;16,77726229;3,018080263;17,40078273
524;466,4;15,07;16,79111277;2,962229169;17,41411057
525;467,2833333;15,02;16,80496325;3,18609381;17,42743841
526;468,1666667;14,99;16,81881373;3,344559669;17,44076624
527;469,05;14,98;16,83266421;3,432364689;17,45409408
528;469,9333333;14,99;16,84651469;3,446646812;17,46742192
529;470,8166667;14,97;16,86036518;3,573480498;17,48074976
530;471,7;14,97;16,87421566;3,626037267;17,4940776
531;472,5833333;14,96;16,88806614;3,717439032;17,50740544
532;473,4666667;14,83;16,90191662;4,292838475;17,52073327
533;474,35;14,9;16,9157671;4,063317001;17,53406111
534;475,2333333;14,93;16,92961758;3,99847047;17,54738895
535;476,1166667;15,06;16,94346806;3,54745194;17,56071679
536;477;15,09;16,95731854;3,486878541;17,57404463
537;477,8833333;15,18;16,97116902;3,208286472;17,58737247
538;478,7666667;15,13;16,9850195;3,441097364;17,60070031
539;479,65;15,23;16,99886999;3,128901027;17,61402814
540;480,5333333;15,19;17,01272047;3,322309901;17,62735598
541;481,4166667;15,08;17,02657095;3,789138456;17,64068382
542;482,3;14,94;17,04042143;4,41177018;17,65401166
543;483,1833333;14,91;17,05427191;4,597902024;17,6673395
544;484,0666667;14,87;17,06812239;4,831742046;17,68066734
545;484,95;14,91;17,08197287;4,717466157;17,69399517
546;485,8333333;15,04;17,09582335;4,226409659;17,70732301
547;486,7166667;15,11;17,10967383;3,998695443;17,72065085
548;487,6;15,01;17,12352432;4,466985031;17,73397869
549;488,4833333;14,98;17,1373748;4,654266011;17,74730653
550;489,3666667;14,95;17,15122528;4,845392721;17,76063437
551;490,25;14,88;17,16507576;5,221571221;17,7739622
552;491,1333333;14,89;17,17892624;5,239183329;17,78729004
553;492,0166667;15;17,19277672;4,808269745;17,80061788
554;492,9;15,01;17,2066272;4,825171062;17,81394572
555;493,7833333;15;17,22047768;4,930521138;17,82727356
556;494,6666667;15,06;17,23432816;4,727702962;17,8406014
557;495,55;15,13;17,24817864;4,48668077;17,85392923
558;496,4333333;15,18;17,26202913;4,334845279;17,86725707
559;497,3166667;15,15;17,27587961;4,519364101;17,88058491
560;498,2;15,17;17,28973009;4,493255644;17,89391275
561;499,0833333;15,24;17,30358057;4,258364763;17,90724059
562;499,9666667;15,27;17,31743105;4,191973903;17,92056843
563;500,85;15,4;17,33128153;3,729848351;17,93389627
564;501,7333333;15,52;17,34513201;3,33110686;17,9472241
565;502,6166667;15,58;17,35898249;3,164778709;17,96055194
566;503,5;15,64;17,37283297;3,002710115;17,97387978
567;504,3833333;15,71;17,38668345;2,811267407;17,98720762
568;505,2666667;15,74;17,40053394;2,757372952;18,00053546
569;506,15;15,82;17,41438442;2,542061669;18,0138633
570;507,0333333;15,92;17,4282349;2,274772507;18,02719113
571;507,9166667;16,07;17,44208538;1,882618287;18,04051897
572;508,8;16,23;17,45593586;1,502918733;18,05384681
573;509,6833333;16,05;17,46978634;2,015793254;18,06717465
574;510,5666667;15,78;17,48363682;2,902378421;18,08050249
575;511,45;15,43;17,4974873;4,274503748;18,09383033
576;512,3333333;14,77;17,51133778;7,514932846;18,10715816
577;513,2166667;14,32;17,52518827;10,27323181;18,120486
578;514,1;14,68;17,53903875;8,174102551;18,13381384
579;514,9833333;15,14;17,55288923;5,822034422;18,14714168
580;515,8666667;15,59;17,56673971;3,907499874;18,16046952
581;516,75;16,23;17,58059019;1,824093859;18,17379736
582;517,6333333;16,53;17,59444067;1,13303394;18,18712519
583;518,5166667;16,27;17,60829115;1,791023205;18,20045303
584;519,4;15,97;17,62214163;2,729571973;18,21378087
585;520,2833333;15,79;17,63599211;3,407686882;18,22710871
586;521,1666667;15,54;17,64984259;4,451435773;18,24043655
587;522,05;15,49;17,66369308;4,724941586;18,25376439
588;522,9333333;15,56;17,67754356;4,483990713;18,26709223
589;523,8166667;15,48;17,69139404;4,890263588;18,28042006
590;524,7;15,48;17,70524452;4,951713167;18,2937479
591;525,5833333;15,43;17,719095;5,239955916;18,30707574
592;526,4666667;15,42;17,73294548;5,349716795;18,32040358
593;527,35;15,25;17,74679596;6,233990073;18,33373142
594;528,2333333;15,32;17,76064644;5,956755057;18,34705926
595;529,1166667;15,36;17,77449692;5,829795394;18,36038709
596;530;15,36;17,7883474;5,896871117;18,37371493
597;530,8833333;15,29;17,80219789;6,311138216;18,38704277
598;531,7666667;15,32;17,81604837;6,230257448;18,40037061
599;532,65;15,31;17,82989885;6,349890202;18,41369845
600;533,5333333;15,17;17,84374933;7,148935472;18,42702629
601;534,4166667;15,16;17,85759981;7,277044733;18,44035412
602;535,3;15,1;17,87145029;7,680936714;18,45368196
603;536,1833333;15,06;17,88530077;7,982324451;18,4670098
604;537,0666667;15,03;17,89915125;8,232028911;18,48033764
605;537,95;15,14;17,91300173;7,689538616;18,49366548
606;538,8333333;15,2;17,92685221;7,435723001;18,50699332
607;539,7166667;15,24;17,9407027;7,293795051;18,52032116
608;540,6;15,36;17,95455318;6,731706188;18,53364899
609;541,4833333;15,35;17,96840366;6,856037716;18,54697683
610;542,3666667;15,38;17,98225414;6,771726604;18,56030467
611;543,25;15,43;17,99610462;6,584892921;18,57363251
612;544,1333333;15,41;18,0099551;6,759766527;18,58696035
613;545,0166667;15,41;18,02380558;6,831979621;18,60028819
614;545,9;15,45;18,03765606;6,695963901;18,61361602
615;546,7833333;15,38;18,05150654;7,136947215;18,62694386
616;547,6666667;15,36;18,06535703;7,318956633;18,6402717
617;548,55;15,41;18,07920751;7,124668711;18,65359954
618;549,4333333;15,38;18,09305799;7,360683642;18,66692738
619;550,3166667;15,44;18,10690847;7,112400778;18,68025522
620;551,2;15,45;18,12075895;7,132953365;18,69358305
621;552,0833333;15,36;18,13460943;7,69845749;18,70691089
622;552,9666667;15,41;18,14845991;7,499162686;18,72023873
623;553,85;15,43;18,16231039;7,46552008;18,73356657
624;554,7333333;15,34;18,17616087;8,043808499;18,74689441
625;555,6166667;15,34;18,19001135;8,12256472;18,76022225
626;556,5;15,42;18,20386184;7,749886718;18,77355008
627;557,3833333;15,36;18,21771232;8,166519683;18,78687792
628;558,2666667;15,34;18,2315628;8,361135411;18,80020576
629;559,15;15,35;18,24541328;8,383418053;18,8135336
630;560,0333333;15,34;18,25926376;8,522100897;18,82686144
631;560,9166667;15,33;18,27311424;8,661921433;18,84018928
632;561,8;15,4;18,28696472;8,334565303;18,85351712
633;562,6833333;15,38;18,3008152;8,531161448;18,86684495
634;563,5666667;15,39;18,31466568;8,553669361;18,88017279
635;564,45;15,45;18,32851616;8,28585531;18,89350063
636;565,3333333;15,48;18,34236665;8,193142814;18,90682847
637;566,2166667;15,42;18,35621713;8,621371015;18,92015631
638;567,1;15,36;18,37006761;9,060507003;18,93348415
639;567,9833333;15,36;18,38391809;9,144080607;18,94681198
640;568,8666667;15,23;18,39776857;10,03475771;18,96013982
641;569,75;15,17;18,41161905;10,50809407;18,97346766
642;570,6333333;15,27;18,42546953;9,956987966;18,9867955
643;571,5166667;15,4;18,43932001;9,23746614;19,00012334
644;572,4;15,45;18,45317049;9,019033015;19,01345118
645;573,2833333;15,53;18,46702097;8,626092207;19,02677901
646;574,1666667;15,61;18,48087146;8,241902916;19,04010685
647;575,05;15,67;18,49472194;7,979054021;19,05343469
648;575,9333333;15,77;18,50857242;7,499778888;19,06676253
649;576,8166667;15,79;18,5224229;7,466134899;19,08009037
650;577,7;16,04;18,53627338;6,231380788;19,09341821
651;578,5833333;16,19;18,55012386;5,57018464;19,10674604
652;579,4666667;16,32;18,56397434;5,035420848;19,12007388
653;580,35;16,45;18,57782482;4,527638478;19,13340172
654;581,2333333;16,82;18,5916753;3,138833383;19,14672956
655;582,1166667;17;18,60552579;2,577713047;19,1600574
656;583;17,23;18,61937627;1,930366409;19,17338524
657;583,8833333;17,24;18,63322675;1,941080769;19,18671308
658;584,7666667;16,94;18,64707723;2,914112663;19,20004091
659;585,65;16,41;18,66092771;5,066675552;19,21336875
660;586,5333333;15,68;18,67477819;8,968696409;19,22669659
661;587,4166667;15,35;18,68862867;11,14644141;19,24002443
662;588,3;15,43;18,70247915;10,7091198;19,25335227
663;589,1833333;15,77;18,71632963;8,680858309;19,26668011
664;590,0666667;16,15;18,73018011;6,657329423;19,28000794
665;590,95;16,7;18,7440306;4,178061075;19,29333578
666;591,8333333;16,79;18,75788108;3,872555931;19,30666362
667;592,7166667;16,71;18,77173156;4,250737015;19,31999146
668;593,6;16,52;18,78558204;5,132861973;19,3333193
669;594,4833333;16,32;18,79943252;6,147585619;19,34664714
670;595,3666667;16,17;18,813283;6,986945021;19,35997497
671;596,25;16,12;18,82713348;7,328571687;19,37330281
672;597,1333333;15,97;18,84098396;8,242548914;19,38663065
673;598,0166667;15,95;18,85483444;8,438063145;19,39995849
674;598,9;15,85;18,86868492;9,112458675;19,41328633
675;599,7833333;15,78;18,88253541;9,625725944;19,42661417
676;600,6666667;15,67;18,89638589;10,40956589;19,439942
677;601,55;15,67;18,91023637;10,49913172;19,45326984
678;602,4333333;15,61;18,92408685;10,98317164;19,46659768
679;603,3166667;15,72;18,93793733;10,35512066;19,47992552
680;604,2;15,7;18,95178781;10,57412397;19,49325336
681;605,0833333;15,84;18,96563829;9,769614732;19,5065812
682;605,9666667;15,86;18,97948877;9,731210204;19,51990904
683;606,85;15,98;18,99333925;9,080213459;19,53323687
684;607,7333333;15,98;19,00718973;9,163877691;19,54656471
685;608,6166667;16,13;19,02104022;8,35811353;19,55989255
686;609,5;16,14;19,0348907;8,380392148;19,57322039
687;610,3833333;16,14;19,04874118;8,460775241;19,58654823
688;611,2666667;16,01;19,06259166;9,318315837;19,59987607
689;612,15;16,05;19,07644214;9,159352027;19,6132039
690;613,0333333;16,01;19,09029262;9,488202632;19,62653174
691;613,9166667;16,03;19,1041431;9,450355813;19,63985958
692;614,8;16,1;19,11799358;9,108285268;19,65318742
693;615,6833333;16,15;19,13184406;8,891394023;19,66651526
694;616,5666667;16,11;19,14569455;9,215441372;19,6798431
695;617,45;16,1;19,15954503;9,360815768;19,69317093
696;618,3333333;16,09;19,17339551;9,507327854;19,70649877
697;619,2166667;16,09;19,18724599;9,592932712;19,71982661
698;620,1;16,14;19,20109647;9,370311595;19,73315445
699;620,9833333;16,17;19,21494695;9,271701931;19,74648229
700;621,8666667;16,18;19,22879743;9,295165778;19,75981013
701;622,75;16,11;19,24264791;9,813482943;19,77313796
702;623,6333333;16,08;19,25649839;10,09014204;19,7864658
703;624,5166667;16,02;19,27034887;10,56476781;19,79979364
704;625,4;16,03;19,28419936;10,58981345;19,81312148
705;626,2833333;16;19,29804984;10,87713272;19,82644932
706;627,1666667;15,96;19,31190032;11,23523574;19,83977716
707;628,05;15,93;19,3257508;11,53112349;19,853105
708;628,9333333;15,98;19,33960128;11,28692076;19,86643283
709;629,8166667;16;19,35345176;11,24563871;19,87976067
710;630,7;15,98;19,36730224;11,47381648;19,89308851
711;631,5833333;16,02;19,38115272;11,29734763;19,90641635
712;632,4666667;15,95;19,3950032;11,86804707;19,91974419
713;633,35;15,89;19,40885368;12,38233125;19,93307203
714;634,2333333;15,93;19,42270417;12,19898239;19,94639986
715;635,1166667;16,02;19,43655465;11,67284565;19,9597277
716;636;15,99;19,45040513;11,97440365;19,97305554
717;636,8833333;16,1;19,46425561;11,3182158;19,98638338
718;637,7666667;16,22;19,47810609;10,61525529;19,99971122
719;638,65;16,17;19,49195657;11,03539546;20,01303906
720;639,5333333;16,1;19,50580705;11,59952168;20,02636689
721;640,4166667;16,25;19,51965753;10,69066038;20,03969473
722;641,3;16,23;19,53350801;10,9131652;20,05302257
723;642,1833333;16,14;19,5473585;11,61009191;20,06635041
724;643,0666667;16,12;19,56120898;11,84191922;20,07967825
725;643,95;16,04;19,57505946;12,49664537;20,09300609
726;644,8333333;16,05;19,58890994;12,52388355;20,10633392
727;645,7166667;16,11;19,60276042;12,19937535;20,11966176
728;646,6;16,18;19,6166109;11,81029448;20,1329896
729;647,4833333;16,18;19,63046138;11,90568374;20,14631744
730;648,3666667;16,33;19,64431186;10,98466312;20,15964528
731;649,25;16,35;19,65816234;10,94393809;20,17297312
732;650,1333333;16,38;19,67201282;10,83734844;20,18630096
733;651,0166667;16,36;19,68586331;11,06136673;20,19962879
734;651,9;16,74;19,69971379;8,759905697;20,21295663
735;652,7833333;16,9;19,71356427;7,916143887;20,22628447
736;653,6666667;17,18;19,72741475;6,4893219;20,23961231
737;654,55;17,45;19,74126523;5,249896352;20,25294015
738;655,4333333;17,91;19,75511571;3,404451985;20,26626799
739;656,3166667;18,02;19,76896619;3,058882739;20,27959582
740;657,2;18,29;19,78281667;2,228501618;20,29292366
741;658,0833333;18,27;19,79666715;2,330712598;20,3062515
742;658,9666667;17,97;19,81051763;3,387505163;20,31957934
743;659,85;17,35;19,82436812;6,122497571;20,33290718
744;660,7333333;16,56;19,8382186;10,74671717;20,34623502
745;661,6166667;15,84;19,85206908;16,09669828;20,35956285
746;662,5;15,84;19,86591956;16,20802829;20,37289069
747;663,3833333;16,25;19,87977004;13,17523054;20,38621853
748;664,2666667;16,84;19,89362052;9,324598285;20,39954637
749;665,15;17,41;19,907471;6,237361405;20,41287421
750;666,0333333;17,88;19,92132148;4,166993396;20,42620205
751;666,9166667;17,64;19,93517196;5,267814343;20,43952988
752;667,8;17,35;19,94902244;6,754917669;20,45285772
753;668,6833333;16,89;19,96287293;9,442548018;20,46618556
754;669,5666667;16,73;19,97672341;10,54121288;20,4795134
755;670,45;16,59;19,99057389;11,56390277;20,49284124
756;671,3333333;16,64;20,00442437;11,31935133;20,50616908
757;672,2166667;16,47;20,01827485;12,59025441;20,51949692
758;673,1;16,62;20,03212533;11,64259927;20,53282475
759;673,9833333;16,6;20,04597581;11,8747493;20,54615259
760;674,8666667;16,56;20,05982629;12,24878408;20,55948043
761;675,75;16,5;20,07367677;12,77116569;20,57280827
762;676,6333333;16,53;20,08752726;12,65600017;20,58613611
763;677,5166667;16,47;20,10137774;13,18690426;20,59946395
764;678,4;16,54;20,11522822;12,7822568;20,61279178
765;679,2833333;16,56;20,1290787;12,73832275;20,62611962
766;680,1666667;16,62;20,14292918;12,41103;20,63944746
767;681,05;16,86;20,15677966;10,86875613;20,6527753
768;681,9333333;16,95;20,17063014;10,37245851;20,66610314
769;682,8166667;16,87;20,18448062;10,9857818;20,67943098
770;683,7;16,9;20,1983311;10,87898807;20,69275881
771;684,5833333;16,86;20,21218158;11,23712137;20,70608665
772;685,4666667;16,81;20,22603207;11,66927507;20,71941449
773;686,35;16,8;20,23988255;11,83279193;20,73274233
774;687,2333333;16,97;20,25373303;10,7829026;20,74607017
775;688,1166667;17,24;20,26758351;9,166261901;20,75939801
776;689;17,26;20,28143399;9,129063353;20,77272584
777;689,8833333;17,14;20,29528447;9,95582009;20,78605368
778;690,7666667;17,15;20,30913495;9,980133642;20,79938152
779;691,65;17,11;20,32298543;10,32327539;20,81270936
780;692,5333333;16,91;20,33683591;11,74320438;20,8260372
781;693,4166667;17;20,35068639;11,22709932;20,83936504
782;694,3;17,06;20,36453688;10,91996396;20,85269288
783;695,1833333;17,09;20,37838736;10,81349141;20,86602071
784;696,0666667;17,06;20,39223784;11,10380901;20,87934855
785;696,95;17,14;20,40608832;10,66733291;20,89267639
786;697,8333333;17,11;20,4199388;10,95569486;20,90600423
787;698,7166667;17,06;20,43378928;11,38245411;20,91933207
788;699,6;17,12;20,44763976;11,07318638;20,93265991
789;700,4833333;17,18;20,46149024;10,76817821;20,94598774
790;701,3666667;17,1;20,47534072;11,392925;20,95931558
791;702,25;17,17;20,4891912;11,01703025;20,97264342
792;703,1333333;17,32;20,50304169;10,13175437;20,98597126
793;704,0166667;17,3;20,51689217;10,34839521;20,9992991
794;704,9;17,27;20,53074265;10,63244262;21,01262694
795;705,7833333;17,23;20,54459313;10,98652761;21,02595477
796;706,6666667;17,15;20,55844361;11,61748784;21,03928261
797;707,55;17,06;20,57229409;12,33620978;21,05261045
798;708,4333333;17,06;20,58614457;12,43369554;21,06593829
799;709,3166667;17,08;20,59999505;12,39036517;21,07926613
800;710,2;17,2;20,61384553;11,65434133;21,09259397
801;711,0833333;17,4;20,62769602;10,41802157;21,1059218
802;711,9666667;17,59;20,6415465;9,311936019;21,11924964
803;712,85;17,62;20,65539698;9,213634809;21,13257748
804;713,7333333;17,67;20,66924746;8,995485316;21,14590532
805;714,6166667;17,75;20,68309794;8,603063521;21,15923316
806;715,5;17,79;20,69694842;8,450349118;21,172561
807;716,3833333;17,83;20,7107989;8,29900231;21,18588884
808;717,2666667;17,93;20,72464938;7,81006517;21,19921667
809;718,15;18,02;20,73849986;7,390241507;21,21254451
810;719,0333333;18,09;20,75235034;7,088109356;21,22587235
811;719,9166667;17,98;20,76620083;7,76291504;21,23920019
812;720,8;17,86;20,78005131;8,526699632;21,25252803
813;721,6833333;17,81;20,79390179;8,903669877;21,26585587
814;722,5666667;17,82;20,80775227;8,926663618;21,2791837
815;723,45;17,88;20,82160275;8,653026736;21,29251154
816;724,3333333;18,03;20,83545323;7,870567829;21,30583938
817;725,2166667;18,23;20,84930371;6,860751934;21,31916722
818;726,1;18,33;20,86315419;6,416870164;21,33249506
819;726,9833333;18,55;20,87700467;5,414950751;21,3458229
820;727,8666667;18,65;20,89085515;5,021431824;21,35915073
821;728,75;18,91;20,90470564;3,978850573;21,37247857
822;729,6333333;19,1;20,91855612;3,30714635;21,38580641
823;730,5166667;19,39;20,9324066;2,379018113;21,39913425
824;731,4;19,39;20,94625708;2,421936095;21,41246209
825;732,2833333;19,35;20,96010756;2,592446354;21,42578993
826;733,1666667;18,78;20,97395804;4,813451885;21,43911776
827;734,05;18,19;20,98780852;7,827732525;21,4524456
828;734,9333333;17,26;21,001659;14,00001209;21,46577344
829;735,8166667;16,4;21,01550948;21,3029278;21,47910128
830;736,7;16,28;21,02935996;22,55642008;21,49242912
831;737,5833333;16,71;21,04321045;18,77671277;21,50575696
832;738,4666667;17,23;21,05706093;14,64639534;21,5190848
833;739,35;17,95;21,07091141;9,740088017;21,53241263
834;740,2333333;18,55;21,08476189;6,425017834;21,54574047
835;741,1166667;18,54;21,09861237;6,54649726;21,55906831
836;742;18,4;21,11246285;7,357454719;21,57239615
837;742,8833333;18,19;21,12631333;8,621935985;21,58572399
838;743,7666667;18,17;21,14016381;8,821873077;21,59905183
839;744,65;18,06;21,15401429;9,572924453;21,61237966
840;745,5333333;18,09;21,16786478;9,473251575;21,6257075
841;746,4166667;17,9;21,18171526;10,76965502;21,63903534
842;747,3;17,8;21,19556574;11,52986668;21,65236318
843;748,1833333;17,75;21,20941622;11,96756057;21,66569102
844;749,0666667;17,86;21,2232667;11,31156289;21,67901886
845;749,95;17,8;21,23711718;11,81377451;21,69234669
846;750,8333333;18;21,25096766;10,56879074;21,70567453
847;751,7166667;18,13;21,26481814;9,827084786;21,71900237
848;752,6;18,11;21,27866862;10,04046085;21,73233021
849;753,4833333;18,16;21,2925191;9,81267594;21,74565805
850;754,3666667;18,32;21,30636959;8,918403301;21,75898589
851;755,25;18,24;21,32022007;9,487755658;21,77231373
852;756,1333333;18,33;21,33407055;9,024439855;21,78564156
853;757,0166667;18,43;21,34792103;8,514263129;21,7989694
854;757,9;18,68;21,36177151;7,19189843;21,81229724
855;758,7833333;18,66;21,37562199;7,374602796;21,82562508
856;759,6666667;18,82;21,38947247;6,602188783;21,83895292
857;760,55;18,74;21,40332295;7,09328915;21,85228076
858;761,4333333;18,68;21,41717343;7,492118406;21,86560859
859;762,3166667;18,52;21,43102391;8,474060232;21,87893643
860;763,2;18,68;21,4448744;7,644530425;21,89226427
861;764,0833333;18,65;21,45872488;7,888935434;21,90559211
862;764,9666667;18,88;21,47257536;6,721446986;21,91891995
863;765,85;19,09;21,48642584;5,742856801;21,93224779
864;766,7333333;19,24;21,50027632;5,108849042;21,94557562
865;767,6166667;19,11;21,5141268;5,779825675;21,95890346
866;768,5;19,34;21,52797728;4,787244586;21,9722313
867;769,3833333;19,27;21,54182776;5,161201385;21,98555914
868;770,2666667;19,31;21,55567824;5,043070776;21,99888698
869;771,15;19,38;21,56952873;4,794036038;22,01221482
870;772,0333333;19,54;21,58337921;4,17539858;22,02554265
871;772,9166667;19,46;21,59722969;4,567750735;22,03887049
872;773,8;19,59;21,61108017;4,084765046;22,05219833
873;774,6833333;19,5;21,62493065;4,515330264;22,06552617
874;775,5666667;19,53;21,63878113;4,446957855;22,07885401
875;776,45;19,6;21,65263161;4,213296531;22,09218185
876;777,3333333;19,77;21,66648209;3,596644326;22,10550969
877;778,2166667;19,73;21,68033257;3,803797146;22,11883752
878;779,1;19,77;21,69418305;3,702480426;22,13216536
879;779,9833333;19,72;21,70803354;3,952277338;22,1454932
880;780,8666667;19,7;21,72188402;4,088014976;22,15882104
881;781,75;19,68;21,7357345;4,226044324;22,17214888
882;782,6333333;19,66;21,74958498;4,366365382;22,18547672
883;783,5166667;19,94;21,76343546;3,324916875;22,19880455
884;784,4;20,12;21,77728594;2,746596688;22,21213239
885;785,2833333;20,28;21,79113642;2,283533284;22,22546023
886;786,1666667;20,27;21,8049869;2,356184791;22,23878807
887;787,05;20,28;21,81883738;2,368020493;22,25211591
888;787,9333333;20,2;21,83268786;2,665669663;22,26544375
889;788,8166667;20,23;21,84653835;2,613196223;22,27877158
890;789,7;20,29;21,86038883;2,466121067;22,29209942
891;790,5833333;20,28;21,87423931;2,54159897;22,30542726
892;791,4666667;20,42;21,88808979;2,155287628;22,3187551
893;792,35;20,52;21,90194027;1,909758909;22,33208294
894;793,2333333;20,56;21,91579075;1,83816856;22,34541078
895;794,1166667;20,6;21,92964123;1,767945805;22,35873861
896;795;20,69;21,94349171;1,571241474;22,37206645
897;795,8833333;20,85;21,95734219;1,226206734;22,38539429
898;796,7666667;20,84;21,97119267;1,279596868;22,39872213
899;797,65;20,96;21,98504316;1,050713471;22,41204997
900;798,5333333;21,04;21,99889364;0,919477007;22,42537781
901;799,4166667;21,15;22,01274412;0,744327413;22,43870565
902;800,3;21,24;22,0265946;0,618731063;22,45203348
903;801,1833333;21,32;22,04044508;0,519041113;22,46536132
904;802,0666667;21,32;22,05429556;0,539189971;22,47868916
905;802,95;21,38;22,06814604;0,473544975;22,492017
906;803,8333333;21,45;22,08199652;0,399419605;22,50534484
907;804,7166667;21,41;22,095847;0,470386113;22,51867268
908;805,6;21,4;22,10969749;0,50367052;22,53200051
909;806,4833333;21,3;22,12354797;0,678231253;22,54532835
910;807,3666667;20,71;22,13739845;2,037466327;22,55865619
911;808,25;19,89;22,15124893;5,113246715;22,57198403
912;809,1333333;18,76;22,16509941;11,59470199;22,58531187
913;810,0166667;17,54;22,17894989;21,51985608;22,59863971
914;810,9;16,89;22,19280037;28,11969178;22,61196754
915;811,7833333;17,02;22,20665085;26,90134706;22,62529538
916;812,6666667;17,55;22,22050133;21,8135827;22,63862322
917;813,55;18,51;22,23435181;13,87079644;22,65195106
918;814,4333333;19,64;22,2482023;6,802719214;22,6652789
919;815,3166667;20,29;22,26205278;3,888992153;22,67860674
920;816,2;20,65;22,27590326;2,643561403;22,69193457
921;817,0833333;20,92;22,28975374;1,876225304;22,70526241
922;817,9666667;21,07;22,30360422;1,52177937;22,71859025
923;818,85;21,16;22,3174547;1,339701384;22,73191809
924;819,7333333;21,28;22,33130518;1,105242585;22,74524593
925;820,6166667;21,31;22,34515566;1,071547246;22,75857377
926;821,5;21,32;22,35900614;1,079533766;22,77190161
927;822,3833333;21,36;22,37285662;1,025878542;22,78522944
928;823,2666667;21,41;22,38670711;0,95395677;22,79855728
929;824,15;21,49;22,40055759;0,829115119;22,81188512
930;825,0333333;21,53;22,41440807;0,78217763;22,82521296
931;825,9166667;21,7;22,42825855;0,530360514;22,8385408
932;826,8;21,81;22,44210903;0,399561826;22,85186864
933;827,6833333;21,77;22,45595951;0,47054045;22,86519647
934;828,5666667;21,89;22,46980999;0,336179627;22,87852431
935;829,45;21,96;22,48366047;0,274220291;22,89185215
936;830,3333333;21,92;22,49751095;0,333518902;22,90517999
937;831,2166667;21,75;22,51136143;0,579671235;22,91850783
938;832,1;22;22,52521192;0,275847557;22,93183567
939;832,9833333;21,77;22,5390624;0,59145697;22,9451635
940;833,8666667;21,73;22,55291288;0,677185605;22,95849134
941;834,75;21,89;22,56676336;0,458008644;22,97181918
942;835,6333333;22,02;22,58061384;0,314287878;22,98514702
943;836,5166667;21,92;22,59446432;0,45490212;22,99847486
944;837,4;21,99;22,6083148;0,382313195;23,0118027
945;838,2833333;22,04;22,62216528;0,338916417;23,02513053
946;839,1666667;21,83;22,63601576;0,649661412;23,03845837
947;840,05;21,92;22,64986625;0,532704736;23,05178621
948;840,9333333;22,04;22,66371673;0,389022555;23,06511405
949;841,8166667;22,09;22,67756721;0,345235223;23,07844189
950;842,7;22,06;22,69141769;0,398688297;23,09176973
951;843,5833333;22,24;22,70526817;0,216474469;23,10509757
952;844,4666667;22,1;22,71911865;0,383307903;23,1184254
953;845,35;22,1;22,73296913;0,400649921;23,13175324
954;846,2333333;22,23;22,74681961;0,267102512;23,14508108
955;847,1166667;22,19;22,76067009;0,325664356;23,15840892
956;848;22,18;22,77452057;0,353454713;23,17173676
957;848,8833333;22,39;22,78837106;0,158699498;23,1850646
958;849,7666667;22,33;22,80222154;0,22299318;23,19839243
959;850,65;22,23;22,81607202;0,34348041;23,21172027
960;851,5333333;22,48;22,8299225;0,122445755;23,22504811
961;852,4166667;22,49;22,84377298;0,125155321;23,23837595
962;853,3;22,27;22,85762346;0,345301331;23,25170379
963;854,1833333;22,45;22,87147394;0,177640283;23,26503163
964;855,0666667;22,48;22,88532442;0,164287888;23,27835946
965;855,95;22,36;22,8991749;0,290709577;23,2916873
966;856,8333333;22,46;22,91302538;0,205231999;23,30501514
967;857,7166667;22,54;22,92687587;0,149672935;23,31834298
968;858,6;22,42;22,94072635;0,271155928;23,33167082
969;859,4833333;22,55;22,95457683;0,16368241;23,34499866
970;860,3666667;22,49;22,96842731;0,22889269;23,35832649
971;861,25;22,35;22,98227779;0,399775204;23,37165433
972;862,1333333;22,54;22,99612827;0,208052999;23,38498217
973;863,0166667;22,47;23,00997875;0,291577053;23,39831001
974;863,9;22,51;23,02382923;0,264020481;23,41163785
975;864,7833333;22,58;23,03767971;0,209470721;23,42496569
976;865,6666667;22,62;23,05153019;0,186218309;23,43829353
977;866,55;22,67;23,06538068;0,156325879;23,45162136
978;867,4333333;22,69;23,07923116;0,151500894;23,4649492
979;868,3166667;22,61;23,09308164;0,233367869;23,47827704
980;869,2;22,78;23,10693212;0,10688461;23,49160488
981;870,0833333;22,71;23,1207826;0,168742345;23,50493272
982;870,9666667;22,74;23,13463308;0,155735269;23,51826056
983;871,85;22,85;23,14848356;0,089092437;23,53158839
984;872,7333333;22,8;23,16233404;0,131285959;23,54491623
985;873,6166667;22,73;23,17618452;0,19908063;23,55824407
986;874,5;22,77;23,19003501;0,176429406;23,57157191
987;875,3833333;22,81;23,20388549;0,155145776;23,58489975
988;876,2666667;22,75;23,21773597;0,218776935;23,59822759
989;877,15;22,69;23,23158645;0,293315881;23,61155542
990;878,0333333;22,86;23,24543693;0,148561627;23,62488326
991;878,9166667;22,95;23,25928741;0,095658702;23,6382111
992;879,8;22,77;23,27313789;0,253147738;23,65153894
993;880,6833333;22,84;23,28698837;0,199798605;23,66486678
994;881,5666667;22,37;23,30083885;0,866460971;23,67819462
995;882,45;21,29;23,31468933;4,099366901;23,69152245
996;883,3333333;19,98;23,32853982;11,2127189;23,70485029
997;884,2166667;18,41;23,3423903;24,32847404;23,71817813
998;885,1;16,72;23,35624078;44,03969166;23,73150597
999;885,9833333;16,52;23,37009126;46,92375025;23,74483381
1000;886,8666667;16,73;23,38394174;44,27494067;23,75816165
1001;887,75;17,26;23,39779222;37,67249334;23,77148949
1002;888,6333333;18,18;23,4116427;27,37008536;23,78481732
1003;889,5166667;19,15;23,42549318;18,27984196;23,79814516
1004;890,4;19,12;23,43934366;18,65672969;23,811473
1005;891,2833333;19,49;23,45319414;15,70690783;23,82480084
1006;892,1666667;19,72;23,46704463;14,04034343;23,83812868
1007;893,05;20;23,48089511;12,11663074;23,85145652
1008;893,9333333;20,45;23,49474559;9,270475695;23,86478435
1009;894,8166667;21,01;23,50859607;6,242982316;23,87811219
1010;895,7;20,98;23,52244655;6,464034459;23,89144003
1011;896,5833333;21,35;23,53629703;4,779894708;23,90476787
1012;897,4666667;21,32;23,55014751;4,973557925;23,91809571
1013;898,35;21,27;23,56399799;5,262426792;23,93142355
1014;899,2333333;21,16;23,57784847;5,845991243;23,94475138
1015;900,1166667;21,22;23,59169896;5,624955933;23,95807922
1016;901;21,16;23,60554944;5,980712044;23,97140706
1017;901,8833333;21,33;23,61939992;5,24135198;23,9847349
1018;902,7666667;21,32;23,6332504;5,351127405;23,99806274
1019;903,65;21,39;23,64710088;5,094504379;24,01139058
1020;904,5333333;21,26;23,66095136;5,764567434;24,02471841
1021;905,4166667;21,25;23,67480184;5,879663969;24,03804625
1022;906,3;21,19;23,68865232;6,243263428;24,05137409
1023;907,1833333;21,21;23,7025028;6,212570224;24,06470193
1024;908,0666667;21,11;23,71635328;6,793077443;24,07802977
1025;908,95;20,98;23,73020377;7,563620751;24,09135761
1026;909,8333333;20,83;23,74405425;8,491712151;24,10468545
1027;910,7166667;20,84;23,75790473;8,514167998;24,11801328
1028;911,6;20,83;23,77175521;8,653923706;24,13134112
1029;912,4833333;20,41;23,78560569;11,39471377;24,14466896
1030;913,3666667;20,26;23,79945617;12,52774998;24,1579968
1031;914,25;19,94;23,81330665;15,00250442;24,17132464
1032;915,1333333;19,89;23,82715713;15,50120629;24,18465248
1033;916,0166667;19,66;23,84100761;17,48082466;24,19798031
1034;916,9;20,16;23,85485809;13,65197634;24,21130815
1035;917,7833333;20,1;23,86870858;14,20316433;24,22463599
1036;918,6666667;20,48;23,88255906;11,57740813;24,23796383
1037;919,55;20,29;23,89640954;13,00618975;24,25129167
1038;920,4333333;20,49;23,91026002;11,6981786;24,26461951
1039;921,3166667;20,51;23,9241105;11,6561505;24,27794734
1040;922,2;20,94;23,93796098;8,987770042;24,29127518
1041;923,0833333;20,83;23,95181146;9,745706803;24,30460302
1042;923,9666667;20,91;23,96566194;9,337069909;24,31793086
1043;924,85;20,88;23,97951242;9,606977265;24,3312587
1044;925,7333333;20,93;23,9933629;9,384192287;24,34458654
1045;926,6166667;21,09;24,00721339;8,510133939;24,35791437
1046;927,5;21,4;24,02106387;6,869975794;24,37124221
1047;928,3833333;21,59;24,03491435;5,977606169;24,38457005
1048;929,2666667;21,85;24,04876483;4,834566773;24,39789789
1049;930,15;21,85;24,06261531;4,89566651;24,41122573
1050;931,0333333;21,88;24,07646579;4,824461971;24,42455357
1051;931,9166667;21,85;24,09031627;5,019016999;24,43788141
1052;932,8;22,09;24,10416675;4,056867709;24,45120924
1053;933,6833333;22,12;24,11801723;3,992072868;24,46453708
1054;934,5666667;22,12;24,13186772;4,047611703;24,47786492
1055;935,45;22,27;24,1457182;3,518318751;24,49119276
1056;936,3333333;22,31;24,15956868;3,420904292;24,5045206
1057;937,2166667;22,42;24,17341916;3,074478744;24,51784844
1058;938,1;22,58;24,18726964;2,583315693;24,53117627
1059;938,9833333;23,02;24,20112012;1,395044739;24,54450411
1060;939,8666667;22,92;24,2149706;1,676948858;24,55783195
1061;940,75;23,13;24,22882108;1,207407771;24,57115979
1062;941,6333333;22,98;24,24267156;1,594339477;24,58448763
1063;942,5166667;23,12;24,25652204;1,291682357;24,59781547
1064;943,4;23,05;24,27037253;1,489309101;24,6111433
1065;944,2833333;23,34;24,28422301;0,891557086;24,62447114
1066;945,1666667;23,39;24,29807349;0,824597459;24,63779898
1067;946,05;23,72;24,31192397;0,350373984;24,65112682
1068;946,9333333;23,76;24,32577445;0,320100728;24,66445466
1069;947,8166667;23,91;24,33962493;0,184577581;24,6777825
1070;948,7;23,93;24,35347541;0,179331424;24,69111033
1071;949,5833333;24,11;24,36732589;0,066216615;24,70443817
1072;950,4666667;24,03;24,38117637;0,123324845;24,71776601
1073;951,35;24,28;24,39502685;0,013231177;24,73109385
1074;952,2333333;24,48;24,40887734;0,005058433;24,74442169
1075;953,1166667;24,93;24,42272782;0,257325068;24,75774953
1076;954;25,04;24,4365783;0,364117751;24,77107737
1077;954,8833333;25,24;24,45042878;0,623422713;24,7844052
1078;955,7666667;24,91;24,46427926;0,198666978;24,79773304
1079;956,65;23,8;24,47812974;0,459859945;24,81106088
1080;957,5333333;22,15;24,49198022;5,48487136;24,82438872
1081;958,4166667;20,48;24,5058307;16,20731285;24,83771656
1082;959,3;18,43;24,51968118;37,08421692;24,8510444
1083;960,1833333;16,84;24,53353166;59,19042948;24,86437223
1084;961,0666667;16,96;24,54738215;57,56836783;24,87770007
1085;961,95;17,85;24,56123263;45,04064337;24,89102791
1086;962,8333333;18,9;24,57508311;32,20656828;24,90435575
1087;963,7166667;20,59;24,58893359;15,99146985;24,91768359
1088;964,6;22,35;24,60278407;5,075036066;24,93101143
1089;965,4833333;23,28;24,61663455;1,786591923;24,94433926
1090;966,3666667;23,64;24,63048503;0,981060599;24,9576671
1091;967,25;24,25;24,64433551;0,155500497;24,97099494
1092;968,1333333;24,5;24,65818599;0,025022809;24,98432278
1093;969,0166667;24,57;24,67203648;0,010411442;24,99765062
1094;969,9;24,44;24,68588696;0,060460395;25,01097846
1095;970,7833333;24,64;24,69973744;0,003568561;25,0243063
1096;971,6666667;24,58;24,71358792;0,017845732;25,03763413
1097;972,55;24,81;24,7274384;0,006816418;25,05096197
1098;973,4333333;24,89;24,74128888;0,022114997;25,06428981
1099;974,3166667;25,29;24,75513936;0,286075903;25,07761765
1100;975,2;25,38;24,76898984;0,373333413;25,09094549
1101;976,0833333;25,71;24,78284032;0,859625066;25,10427333
1102;976,9666667;25,62;24,7966908;0,677838031;25,11760116
1103;977,85;25,84;24,81054129;1,059785245;25,130929
1104;978,7333333;25,65;24,82439177;0,681628955;25,14425684
1105;979,6166667;25,57;24,83824225;0,535469408;25,15758468
1106;980,5;25,33;24,85209273;0,22839536;25,17091252
1107;981,3833333;25,48;24,86594321;0,377065742;25,18424036
1108;982,2666667;25,3;24,87979369;0,176573342;25,19756819
1109;983,15;25,25;24,89364417;0,126989476;25,21089603
1110;984,0333333;25,21;24,90749465;0,091509485;25,22422387
1111;984,9166667;25,2;24,92134513;0,077648535;25,23755171
1112;985,8;25,04;24,93519561;0,010983959;25,25087955
1113;986,6833333;24,87;24,9490461;0,006248285;25,26420739
1114;987,5666667;24,84;24,96289658;0,015103569;25,27753522
1115;988,45;24,73;24,97674706;0,060884111;25,29086306
1116;989,3333333;24,81;24,99059754;0,032615471;25,3041909
1117;990,2166667;25,02;25,00444802;0,000241864;25,31751874
1118;991,1;25,12;25,0182985;0,010343195;25,33084658
1119;991,9833333;25,22;25,03214898;0,035288005;25,34417442
1120;992,8666667;25,6;25,04599946;0,306916595;25,35750226
1121;993,75;25,68;25,05984994;0,384586092;25,37083009
1122;994,6333333;25,53;25,07370043;0,208209302;25,38415793
1123;995,5166667;25,72;25,08755091;0,399991856;25,39748577
1124;996,4;25,64;25,10140139;0,290088466;25,41081361
1125;997,2833333;25,47;25,11525187;0,125846237;25,42414145
1126;998,1666667;25,14;25,12910235;0,000118759;25,43746929
1127;999,05;25,09;25,14295283;0,002804002;25,45079712
1128;999,9333333;24,77;25,15680331;0,149616802;25,46412496
1129;1000,816667;24,95;25,17065379;0,048688096;25,4774528
1130;1001,7;24,89;25,18450427;0,086732767;25,49078064
1131;1002,583333;25,22;25,19835475;0,000468517;25,50410848
1132;1003,466667;25,33;25,21220524;0,013875607;25,51743632
1133;1004,35;25,64;25,22605572;0,17134987;25,53076415
1134;1005,233333;25,75;25,2399062;0,260195688;25,54409199
1135;1006,116667;25,74;25,25375668;0,236432568;25,55741983
1136;1007;25,81;25,26760716;0,294189994;25,57074767
1137;1007,883333;25,75;25,28145764;0,219531943;25,58407551
1138;1008,766667;26,05;25,29530812;0,569559832;25,59740335
1139;1009,65;25,97;25,3091586;0,436711353;25,61073118
1140;1010,533333;26,26;25,32300908;0,877951978;25,62405902
1141;1011,416667;26,27;25,33685956;0,870751072;25,63738686
1142;1012,3;26,63;25,35071005;1,636582788;25,6507147
1143;1013,183333;26,37;25,36456053;1,010908535;25,66404254
1144;1014,066667;26,44;25,37841101;1,126971189;25,67737038
1145;1014,95;26,28;25,39226149;0,788079665;25,69069822
1146;1015,833333;26,34;25,40611197;0,872146853;25,70402605
1147;1016,716667;26,25;25,41996245;0,688962333;25,71735389
1148;1017,6;26,23;25,43381293;0,633913848;25,73068173
1149;1018,483333;26,18;25,44766341;0,536316877;25,74400957
1150;1019,366667;26,25;25,46151389;0,62171034;25,75733741
1151;1020,25;26,25;25,47536437;0,600060352;25,77066525
1152;1021,133333;26,22;25,48921486;0,534046927;25,78399308
1153;1022,016667;26,4;25,50306534;0,80449179;25,79732092
1154;1022,9;26,53;25,51691582;1,02633956;25,81064876
1155;1023,783333;26,87;25,5307663;1,793546906;25,8239766
1156;1024,666667;26,95;25,54461678;1,975101995;25,83730444
1157;1025,55;27,07;25,55846726;2,284731221;25,85063228
1158;1026,433333;26,8;25,57231774;1,507203727;25,86396011
1159;1027,316667;26,91;25,58616822;1,752530574;25,87728795
1160;1028,2;26,49;25,6000187;0,792066707;25,89061579
1161;1029,083333;26,57;25,61386919;0,914186135;25,90394363
1162;1029,966667;26,31;25,62771967;0,465506454;25,91727147
1163;1030,85;26,41;25,64157015;0,590484439;25,93059931
1164;1031,733333;25,45;25,65542063;0,042197634;25,94392714
1165;1032,616667;24,52;25,66927111;1,320824082;25,95725498
1166;1033,5;22,91;25,68312159;7,690203354;25,97058282
1167;1034,383333;20,72;25,69697207;24,770251;25,98391066
1168;1035,266667;18,62;25,71082255;50,27976447;25,9972385
1169;1036,15;18,2;25,72467303;56,62070426;26,01056634
1170;1037,033333;18,73;25,73852351;49,11940185;26,02389418
1171;1037,916667;19,75;25,752374;36,02849358;26,03722201
1172;1038,8;21,91;25,76622448;14,87046721;26,05054985
1173;1039,683333;23,57;25,78007496;4,884431317;26,06387769
1174;1040,566667;24,65;25,79392544;1,308565409;26,07720553
1175;1041,45;24,95;25,80777592;0,735779528;26,09053337
1176;1042,333333;25,32;25,8216264;0,251629046;26,10386121
1177;1043,216667;25,17;25,83547688;0,44285948;26,11718904
1178;1044,1;25,58;25,84932736;0,072537228;26,13051688
1179;1044,983333;25,43;25,86317784;0,187643044;26,14384472
1180;1045,866667;25,61;25,87702832;0,071304126;26,15717256
1181;1046,75;25,53;25,89087881;0,130233512;26,1705004
1182;1047,633333;25,81;25,90472929;0,008973638;26,18382824
1183;1048,516667;25,75;25,91857977;0,028419138;26,19715607
1184;1049,4;25,96;25,93243025;0,000760091;26,21048391
1185;1050,283333;25,75;25,94628073;0,038526125;26,22381175
1186;1051,166667;25,8;25,96013121;0,025642005;26,23713959
1187;1052,05;25,69;25,97398169;0,080645601;26,25046743
1188;1052,933333;25,92;25,98783217;0,004601204;26,26379527
1189;1053,816667;25,75;26,00168265;0,063344158;26,2771231
1190;1054,7;25,91;26,01553313;0,011137243;26,29045094
1191;1055,583333;25,79;26,02938362;0,057304516;26,30377878
1192;1056,466667;25,91;26,0432341;0,017751325;26,31710662
1193;1057,35;25,62;26,05708458;0,191042928;26,33043446
1194;1058,233333;25,93;26,07093506;0,019862691;26,3437623
1195;1059,116667;25,83;26,08478554;0,064915671;26,35709014
1196;1060;25,9;26,09863602;0,039456269;26,37041797
1197;1060,883333;25,56;26,1124865;0,305241335;26,38374581
1198;1061,766667;25,67;26,12633698;0,208243442;26,39707365
1199;1062,65;25,45;26,14018746;0,476358736;26,41040149
1200;1063,533333;25,5;26,15403795;0,427765634;26,42372933
1201;1064,416667;25,64;26,16788843;0,27866619;26,43705717
1202;1065,3;26,03;26,18173891;0,023024696;26,450385
1203;1066,183333;26,16;26,19558939;0,001266605;26,46371284
1204;1067,066667;26,21;26,20943987;3,14E-07;26,47704068
1205;1067,95;26,21;26,22329035;0,000176633;26,49036852
1206;1068,833333;26,17;26,23714083;0,004507891;26,50369636
1207;1069,716667;25,89;26,25099131;0,130314728;26,5170242
1208;1070,6;25,87;26,26484179;0,155900042;26,53035203
1209;1071,483333;25,7;26,27869227;0,334884748;26,54367987
1210;1072,366667;25,94;26,29254276;0,124286394;26,55700771
1211;1073,25;25,81;26,30639324;0,246406245;26,57033555
1212;1074,133333;25,97;26,32024372;0,122670662;26,58366339
1213;1075,016667;25,87;26,3340942;0,215383425;26,59699123
1214;1075,9;26;26,34794468;0,1210655;26,61031906
1215;1076,783333;25,91;26,36179516;0,204118867;26,6236469
1216;1077,666667;25,93;26,37564564;0,198600038;26,63697474
1217;1078,55;26,13;26,38949612;0,067338238;26,65030258
1218;1079,433333;26,26;26,4033466;0,020548249;26,66363042
1219;1080,316667;26,45;26,41719708;0,001076031;26,67695826
1220;1081,2;26,3;26,43104757;0,017173464;26,6902861
1221;1082,083333;26,63;26,44489805;0,034262733;26,70361393
1222;1082,966667;26,35;26,45874853;0,011826242;26,71694177
1223;1083,85;26,37;26,47259901;0,010526557;26,73026961
1224;1084,733333;26,32;26,48644949;0,027705433;26,74359745
1225;1085,616667;26,52;26,50029997;0,000388091;26,75692529
1226;1086,5;26,38;26,51415045;0,017996344;26,77025313
1227;1087,383333;26,61;26,52800093;0,006723847;26,78358096
1228;1088,266667;26,58;26,54185141;0,001455315;26,7969088
1229;1089,15;26,67;26,55570189;0,013064057;26,81023664
1230;1090,033333;26,58;26,56955238;0,000109153;26,82356448
1231;1090,916667;26,62;26,58340286;0,001339351;26,83689232
1232;1091,8;26,69;26,59725334;0,008601943;26,85022016
1233;1092,683333;26,8;26,61110382;0,035681767;26,86354799
1234;1093,566667;26,89;26,6249543;0,070249223;26,87687583
1235;1094,45;27,04;26,63880478;0,160957604;26,89020367
1236;1095,333333;27,18;26,65265526;0,278092473;26,90353151
1237;1096,216667;26,93;26,66650574;0,069429223;26,91685935
1238;1097,1;27,05;26,68035622;0,136636521;26,93018719
1239;1097,983333;26,86;26,69420671;0,027487417;26,94351502
1240;1098,866667;26,93;26,70805719;0,049258613;26,95684286
1241;1099,75;26,86;26,72190767;0,019069492;26,9701707
1242;1100,633333;27,07;26,73575815;0,111717615;26,98349854
1243;1101,516667;27,04;26,74960863;0,084327148;26,99682638
1244;1102,4;27,18;26,76345911;0,173506313;27,01015422
1245;1103,283333;27,05;26,77730959;0,074360059;27,02348206
1246;1104,166667;26,99;26,79116007;0,039537317;27,03680989
1247;1105,05;27,08;26,80501055;0,075619196;27,05013773
1248;1105,933333;27;26,81886103;0,032811325;27,06346557
1249;1106,816667;26,17;26,83271152;0,439186553;27,07679341
1250;1107,7;25,19;26,846562;2,744197648;27,09012125
1251;1108,583333;23,5;26,86041248;11,29237202;27,10344909
1252;1109,466667;21,24;26,87426296;31,74491909;27,11677692
1253;1110,35;19,12;26,88811344;60,34358641;27,13010476
1254;1111,233333;18,83;26,90196392;65,15660154;27,1434326
1255;1112,116667;19,05;26,9158144;61,8710362;27,15676044
1256;1113;20,45;26,92966488;41,98605699;27,17008828
1257;1113,883333;22,48;26,94351536;19,9229694;27,18341612
1258;1114,766667;24,91;26,95736584;4,191706902;27,19674395
1259;1115,65;26,02;26,97121633;0,904812498;27,21007179
1260;1116,533333;26,92;26,98506681;0,004233689;27,22339963
1261;1117,416667;27,34;26,99891729;0,116337417;27,23672747
1262;1118,3;27,54;27,01276777;0,277973826;27,25005531
1263;1119,183333;27,55;27,02661825;0,273928456;27,26338315
1264;1120,066667;27,51;27,04046873;0,220459613;27,27671098
1265;1120,95;27,75;27,05431921;0,483971759;27,29003882
1266;1121,833333;27,67;27,06816969;0,362199718;27,30336666
1267;1122,716667;28,01;27,08202017;0,861146557;27,3166945
1268;1123,6;27,91;27,09587066;0,66280659;27,33002234
1269;1124,483333;28,14;27,10972114;1,061474538;27,34335018
1270;1125,366667;28,08;27,12357162;0,914755252;27,35667802
1271;1126,25;28,21;27,1374221;1,150423356;27,37000585
1272;1127,133333;28,27;27,15127258;1,251551042;27,38333369
1273;1128,016667;28,03;27,16512306;0,748012121;27,39666153
1274;1128,9;28,1;27,17897354;0,848289738;27,40998937
1275;1129,783333;27,95;27,19282402;0,573315461;27,42331721
1276;1130,666667;28,03;27,2066745;0,677864874;27,43664505
1277;1131,55;27,83;27,22052498;0,371459795;27,44997288
1278;1132,433333;28,14;27,23437547;0,820155798;27,46330072
1279;1133,316667;28;27,24822595;0,565164228;27,47662856
1280;1134,2;28,1;27,26207643;0,702115914;27,4899564
1281;1135,083333;28,23;27,27592691;0,910255464;27,50328424
1282;1135,966667;28,12;27,28977739;0,689269583;27,51661208
1283;1136,85;28,16;27,30362787;0,733373224;27,52993991
1284;1137,733333;28,23;27,31747835;0,832695759;27,54326775
1285;1138,616667;28,33;27,33132883;0,997344101;27,55659559
1286;1139,5;28,28;27,34517931;0,873889716;27,56992343
1287;1140,383333;28,28;27,35902979;0,848186119;27,58325127
1288;1141,266667;28,39;27,37288028;1,034532534;27,59657911
1289;1142,15;28,27;27,38673076;0,780164556;27,60990694
1290;1143,033333;28,4;27,40058124;0,998837863;27,62323478
1291;1143,916667;28,25;27,41443172;0,698174353;27,63656262
1292;1144,8;28,31;27,4282822;0,777426279;27,64989046
1293;1145,683333;28,05;27,44213268;0,369502678;27,6632183
1294;1146,566667;28,47;27,45598316;1,028230148;27,67654614
1295;1147,45;28,17;27,46983364;0,490232928;27,68987398
1296;1148,333333;28,52;27,48368412;1,073950595;27,70320181
1297;1149,216667;28,56;27,4975346;1,128832716;27,71652965
1298;1150,1;28,89;27,51138509;1,900579082;27,72985749
1299;1150,983333;28,57;27,52523557;1,091532721;27,74318533
1300;1151,866667;28,98;27,53908605;2,076233017;27,75651317
1301;1152,75;28,9;27,55293653;1,814579995;27,76984101
1302;1153,633333;29,03;27,56678701;2,140992254;27,78316884
1303;1154,516667;28,89;27,58063749;1,71443018;27,79649668
1304;1155,4;29,1;27,59448797;2,266566466;27,80982452
1305;1156,283333;29,14;27,60833845;2,345987094;27,82315236
1306;1157,166667;28,99;27,62218893;1,870907112;27,8364802
1307;1158,05;29,12;27,63603942;2,202139018;27,84980804
1308;1158,933333;29,11;27,6498899;2,131921515;27,86313587
1309;1159,816667;29,29;27,66374038;2,644720361;27,87646371
1310;1160,7;29,06;27,67759086;1,911055035;27,88979155
1311;1161,583333;29,23;27,69144134;2,367162753;27,90311939
1312;1162,466667;29,3;27,70529182;2,543094179;27,91644723
1313;1163,35;29,44;27,7191423;2,961351219;27,92977507
1314;1164,233333;29,38;27,73299278;2,712632775;27,9431029
1315;1165,116667;29,36;27,74684326;2,602274657;27,95643074
1316;1166;29,29;27,76069374;2,338777624;27,96975858
1317;1166,883333;29,21;27,77454423;2,060533281;27,98308642
1318;1167,766667;29,34;27,78839471;2,407478987;27,99641426
1319;1168,65;29,21;27,80224519;1,981773612;28,0097421
1320;1169,533333;29,48;27,81609567;2,768577625;28,02306994
1321;1170,416667;29,61;27,82994615;3,168591711;28,03639777
1322;1171,3;29,65;27,84379663;3,262370612;28,04972561
1323;1172,183333;29,68;27,85764711;3,32097005;28,06305345
1324;1173,066667;29,48;27,87149759;2,587279995;28,07638129
1325;1173,95;29,46;27,88534807;2,479528689;28,08970913
1326;1174,833333;29,47;27,89919855;2,467417181;28,10303697
1327;1175,716667;29,63;27,91304904;2,947920614;28,1163648
1328;1176,6;29,36;27,92689952;2,053776995;28,12969264
1329;1177,483333;29,54;27,94075;2,55760057;28,14302048
1330;1178,366667;29,53;27,95460048;2,481883652;28,15634832
1331;1179,25;29,37;27,96845096;1,964339712;28,16967616
1332;1180,133333;29,35;27,98230144;1,870599349;28,183004
1333;1181,016667;29,37;27,99615192;1,887458542;28,19633183
1334;1181,9;28,85;28,0100024;0,705595963;28,20965967
1335;1182,783333;27,29;28,02385288;0,538540055;28,22298751
1336;1183,666667;25,47;28,03770336;6,59310057;28,23631535
1337;1184,55;22,51;28,05155385;30,70881903;28,24964319
1338;1185,433333;20,4;28,06540433;58,7584235;28,26297103
1339;1186,316667;19,74;28,07925481;69,54317075;28,27629886
1340;1187,2;20,33;28,09310529;60,26580373;28,2896267
1341;1188,083333;21,76;28,10695577;40,28384755;28,30295454
1342;1188,966667;24,35;28,12080625;14,21897978;28,31628238
1343;1189,85;26,6;28,13465673;2,355171285;28,32961022
1344;1190,733333;27,82;28,14850721;0,107916989;28,34293806
1345;1191,616667;28,64;28,16235769;0,228142172;28,3562659
1346;1192,5;28,84;28,17620818;0,440619587;28,36959373
1347;1193,383333;29;28,19005866;0,65600498;28,38292157
1348;1194,266667;28,79;28,20390914;0,343502499;28,39624941
1349;1195,15;28,68;28,21775962;0,213666171;28,40957725
1350;1196,033333;28,64;28,2316101;0,166782311;28,42290509
1351;1196,916667;28,71;28,24546058;0,215796872;28,43623293
1352;1197,8;28,98;28,25931106;0,519392546;28,44956076
1353;1198,683333;28,99;28,27316154;0,513857374;28,4628886
1354;1199,566667;29,38;28,28701202;1,194622717;28,47621644
1355;1200,45;29,31;28,3008625;1,018358485;28,48954428
1356;1201,333333;29,66;28,31471299;1,809797152;28,50287212
1357;1202,216667;29,36;28,32856347;1,063861323;28,51619996
1358;1203,1;29,4;28,34241395;1,118488258;28,52952779
1359;1203,983333;29,27;28,35626443;0,834912695;28,54285563
1360;1204,866667;29,27;28,37011491;0,809793176;28,55618347
1361;1205,75;29,17;28,38396539;0,617850407;28,56951131
1362;1206,633333;29,2;28,39781587;0,643499376;28,58283915
1363;1207,516667;29,2;28,41166635;0,62146994;28,59616699
1364;1208,4;29,14;28,42551683;0,510486195;28,60949483
1365;1209,283333;29,2;28,43936731;0,578562082;28,62282266
1366;1210,166667;29,32;28,4532178;0,75131139;28,6361505
1367;1211,05;29,18;28,46706828;0,508271642;28,64947834
1368;1211,933333;29,48;28,48091876;0,998163329;28,66280618
1369;1212,816667;29,55;28,49476924;1,113511959;28,67613402
1370;1213,7;29,9;28,50861972;1,935939084;28,68946186
1371;1214,583333;29,92;28,5224702;1,95308954;28,70278969
1372;1215,466667;30,19;28,53632068;2,734655287;28,71611753
1373;1216,35;30,5;28,55017116;3,801832494;28,72944537
1374;1217,233333;30,41;28,56402164;3,407636091;28,74277321
1375;1218,116667;30,25;28,57787212;2,79601163;28,75610105
1376;1219;30,17;28,59172261;2,490959532;28,76942889
1377;1219,883333;30,28;28,60557309;2,803705487;28,78275672
1378;1220,766667;29,98;28,61942357;1,851168227;28,79608456
1379;1221,65;30,23;28,63327405;2,549533762;28,8094124
1380;1222,533333;30,51;28,64712453;3,470305016;28,82274024
1381;1223,416667;30,57;28,66097501;3,644376408;28,83606808
1382;1224,3;30,93;28,67482549;5,085812061;28,84939592
1383;1225,183333;30,9;28,68867597;4,889953952;28,86272375
1384;1226,066667;30,97;28,70252645;5,141436281;28,87605159
1385;1226,95;30,69;28,71637694;3,895188002;28,88937943
1386;1227,833333;30,8;28,73022742;4,283958548;28,90270727
1387;1228,716667;30,45;28,7440779;2,910170221;28,91603511
1388;1229,6;30,61;28,75792838;3,430169292;28,92936295
1389;1230,483333;30,52;28,77177886;3,056277157;28,94269079
1390;1231,366667;30,42;28,78562934;2,671167453;28,95601862
1391;1232,25;30,53;28,79947982;2,994700089;28,96934646
1392;1233,133333;30,54;28,8133303;2,981388245;28,9826743
1393;1234,016667;30,65;28,82718078;3,322669896;28,99600214
1394;1234,9;30,6;28,84103126;3,093971013;29,00932998
1395;1235,783333;31,01;28,85488175;4,644534691;29,02265782
1396;1236,666667;30,79;28,86873223;3,691269857;29,03598565
1397;1237,55;30,89;28,88258271;4,029724186;29,04931349
1398;1238,433333;30,93;28,89643319;4,135393976;29,06264133
1399;1239,316667;31,19;28,91028367;5,197106547;29,07596917
1400;1240,2;31,4;28,92413415;6,129911704;29,08929701
1401;1241,083333;31,7;28,93798463;7,628728895;29,10262485
1402;1241,966667;32,06;28,95183511;9,660688967;29,11595268
1403;1242,85;31,92;28,96568559;8,727973611;29,12928052
1404;1243,733333;32,2;28,97953607;10,37138789;29,14260836
1405;1244,616667;32,04;28,99338656;9,281853478;29,1559362
1406;1245,5;32,06;29,00723704;9,319361709;29,16926404
1407;1246,383333;31,61;29,02108752;6,70246784;29,18259188
1408;1247,266667;31,85;29,034938;7,92457407;29,19591971
1409;1248,15;31,31;29,04878848;5,113077539;29,20924755
1410;1249,033333;31,55;29,06263896;6,186964939;29,22257539
1411;1249,916667;31,63;29,07648944;6,52041617;29,23590323
1412;1250,8;32,19;29,09033992;9,607892593;29,24923107
1413;1251,683333;31,98;29,1041904;8,270280832;29,26255891
1414;1252,566667;32,29;29,11804089;10,06132463;29,27588675
1415;1253,45;32,1;29,13189137;8,809668863;29,28921458
1416;1254,333333;32,23;29,14574185;9,512648354;29,30254242
1417;1255,216667;31,89;29,15959233;7,455126055;29,31587026
1418;1256,1;31,94;29,17344281;7,65383869;29,3291981
1419;1256,983333;31,19;29,18729329;4,010834166;29,34252594
1420;1257,866667;29,4;29,20114377;0,0395438;29,35585378
1421;1258,75;26,85;29,21499425;5,593197813;29,36918161
1422;1259,633333;23,78;29,22884473;29,68990893;29,38250945
1423;1260,516667;20,32;29,24269521;79,61448989;29,39583729
1424;1261,4;19,36;29,2565457;97,9416167;29,40916513
1425;1262,283333;19,83;29,27039618;89,12107997;29,42249297
1426;1263,166667;21,51;29,28424666;60,43891109;29,43582081
1427;1264,05;24,16;29,29809714;26,4000422;29,44914864
1428;1264,933333;27,59;29,31194762;2,965103604;29,46247648
1429;1265,816667;29,05;29,3257981;0,076064592;29,47580432
1430;1266,7;29,81;29,33964858;0,221230457;29,48913216
1431;1267,583333;30,35;29,35349906;0,993014118;29,50246
1432;1268,466667;30,54;29,36734954;1,375109093;29,51578784
1433;1269,35;30,46;29,38120002;1,163809387;29,52911567
1434;1270,233333;30,56;29,39505051;1,357107325;29,54244351
1435;1271,116667;30,91;29,40890099;2,253298248;29,55577135
1436;1272;30,93;29,42275147;2,271798138;29,56909919
1437;1272,883333;31,06;29,43660195;2,635421233;29,58242703
1438;1273,766667;31,04;29,45045243;2,526661478;29,59575487
1439;1274,65;30,84;29,46430291;1,892542481;29,60908271
1440;1275,533333;30,65;29,47815339;1,373224473;29,62241054
1441;1276,416667;30,56;29,49200387;1,140615728;29,63573838
1442;1277,3;30,68;29,50585435;1,378617998;29,64906622
1443;1278,183333;30,64;29,51970483;1,255061257;29,66239406
1444;1279,066667;30,74;29,53355532;1,455508776;29,6757219
1445;1279,95;31,09;29,5474058;2,379596875;29,68904974
1446;1280,833333;30,88;29,56125628;1,739085005;29,70237757
1447;1281,716667;30,84;29,57510676;1,599954911;29,71570541
1448;1282,6;31,04;29,58895724;2,105525091;29,72903325
1449;1283,483333;31,13;29,60280772;2,332316257;29,74236109
1450;1284,366667;31,18;29,6166582;2,444037577;29,75568893
1451;1285,25;31,54;29,63050868;3,64615709;29,76901677
1452;1286,133333;31,53;29,64435916;3,555641362;29,7823446
1453;1287,016667;31,31;29,65820965;2,728411377;29,79567244
1454;1287,9;31,43;29,67206013;3,0903526;29,80900028
1455;1288,783333;31,44;29,68591061;3,076829598;29,82232812
1456;1289,666667;31,22;29,69976109;2,311126349;29,83565596
1457;1290,55;31,33;29,71361157;2,612711559;29,8489838
1458;1291,433333;31,42;29,72746205;2,864684711;29,86231163
1459;1292,316667;31,39;29,74131253;2,71817037;29,87563947
1460;1293,2;31,32;29,75516301;2,448714798;29,88896731
1461;1294,083333;31,55;29,76901349;3,171912937;29,90229515
1462;1294,966667;31,62;29,78286397;3,375068777;29,91562299
1463;1295,85;31,85;29,79671446;4,215981528;29,92895083
1464;1296,733333;31,94;29,81056494;4,53449369;29,94227867
1465;1297,616667;31,83;29,82441542;4,022369518;29,9556065
1466;1298,5;31,75;29,8382659;3,654727275;29,96893434
1467;1299,383333;31,86;29,85211638;4,031596634;29,98226218
1468;1300,266667;31,82;29,86596686;3,81824551;29,99559002
1469;1301,15;31,73;29,87981734;3,42317587;30,00891786
1470;1302,033333;31,93;29,89366782;4,146648737;30,0222457
1471;1302,916667;31,99;29,9075183;4,336730016;30,03557353
1472;1303,8;31,78;29,92136878;3,454509995;30,04890137
1473;1304,683333;31,91;29,93521927;3,899758949;30,06222921
1474;1305,566667;32,03;29,94906975;4,330270719;30,07555705
1475;1306,45;32,07;29,96292023;4,439785167;30,08888489
1476;1307,333333;32,1;29,97677071;4,508102623;30,10221273
1477;1308,216667;32,52;29,99062119;6,397757166;30,11554056
1478;1309,1;32,34;30,00447167;5,454692577;30,1288684
1479;1309,983333;32,26;30,01832215;5,025119575;30,14219624
1480;1310,866667;32,45;30,03217263;5,845889177;30,15552408
1481;1311,75;32,72;30,04602311;7,150152388;30,16885192
1482;1312,633333;32,5;30,05987359;5,954216873;30,18217976
1483;1313,516667;32,67;30,07372408;6,740648674;30,19550759
1484;1314,4;33;30,08757456;8,482221961;30,20883543
1485;1315,283333;33,15;30,10142504;9,293809299;30,22216327
1486;1316,166667;32,91;30,11527552;7,810484925;30,23549111
1487;1317,05;33,03;30,129126;8,415069964;30,24881895
1488;1317,933333;33,21;30,14297648;9,406633266;30,26214679
1489;1318,816667;33,07;30,15682696;8,486577149;30,27547463
1490;1319,7;32,94;30,17067744;7,669147424;30,28880246
1491;1320,583333;33,18;30,18452792;8,972852957;30,3021303
1492;1321,466667;33,16;30,19837841;8,771202471;30,31545814
1493;1322,35;33;30,21222889;7,771667783;30,32878598
1494;1323,233333;33,28;30,22607937;9,326431231;30,34211382
1495;1324,116667;33,23;30,23992985;8,940519512;30,35544166
1496;1325;33,21;30,25378033;8,739234742;30,36876949
1497;1325,883333;33,4;30,26763081;9,811736741;30,38209733
1498;1326,766667;33,44;30,28148129;9,976240433;30,39542517
1499;1327,65;33,38;30,29533177;9,515178075;30,40875301
1500;1328,533333;33,51;30,30918225;10,24523425;30,42208085
1501;1329,416667;33,44;30,32303273;9,715484935;30,43540869
1502;1330,3;33,53;30,33688322;10,1959948;30,44873652
1503;1331,183333;33,53;30,3507337;10,10773423;30,46206436
1504;1332,066667;32,82;30,36458418;6,029066861;30,4753922
1505;1332,95;31,02;30,37843466;0,411606087;30,48872004
1506;1333,833333;28,93;30,39228514;2,138277829;30,50204788
1507;1334,716667;25,59;30,40613562;23,19516232;30,51537572
1508;1335,6;22,49;30,4199861;62,88467957;30,52870355
1509;1336,483333;21;30,43383658;88,99727267;30,54203139
1510;1337,366667;21,31;30,44768706;83,49732487;30,55535923
1511;1338,25;22,95;30,46153754;56,42319629;30,56868707
1512;1339,133333;25,29;30,47538803;26,88824898;30,58201491
1513;1340,016667;28,3;30,48923851;4,792765239;30,59534275
1514;1340,9;30,19;30,50308899;0,098024714;30,60867059
1515;1341,783333;31,4;30,51693947;0,779795902;30,62199842
1516;1342,666667;31,64;30,53078995;1,230346935;30,63532626
1517;1343,55;32,24;30,54464043;2,874244069;30,6486541
1518;1344,433333;32,46;30,55849091;3,615736812;30,66198194
1519;1345,316667;32,47;30,57234139;3,601108189;30,67530978
1520;1346,2;32,33;30,58619187;3,040866781;30,68863762
1521;1347,083333;32,66;30,60004235;4,243425499;30,70196545
1522;1347,966667;32,77;30,61389284;4,648798103;30,71529329
1523;1348,85;32,51;30,62774332;3,542890221;30,72862113
1524;1349,733333;32,66;30,6415938;4,073963596;30,74194897
1525;1350,616667;32,92;30,65544428;5,128212613;30,75527681
1526;1351,5;32,84;30,66929476;4,711961238;30,76860465
1527;1352,383333;32,61;30,68314524;3,712769262;30,78193248
1528;1353,266667;32,76;30,69699572;4,25598665;30,79526032
1529;1354,15;32,93;30,7108462;4,924643574;30,80858816
1530;1355,033333;32,73;30,72469668;4,021241388;30,821916
1531;1355,916667;32,8;30,73854717;4,24958779;30,83524384
1532;1356,8;33,02;30,75239765;5,142020435;30,84857168
1533;1357,683333;33,13;30,76624813;5,587322916;30,86189951
1534;1358,566667;33,03;30,78009861;5,062056272;30,87522735
1535;1359,45;33,28;30,79394909;6,18044913;30,88855519
1536;1360,333333;33,49;30,80779957;7,194199145;30,90188303
1537;1361,216667;33,39;30,82165005;6,596421458;30,91521087
1538;1362,1;33,52;30,83550053;7,206537391;30,92853871
1539;1362,983333;33,64;30,84935101;7,787721766;30,94186655
1540;1363,866667;33,44;30,86320149;6,639890538;30,95519438
1541;1364,75;33,36;30,87705198;6,165030892;30,96852222
1542;1365,633333;33,39;30,89090246;6,245488532;30,98185006
1543;1366,516667;33,28;30,90475294;5,641798608;30,9951779
1544;1367,4;33,23;30,91860342;5,342554156;31,00850574
1545;1368,283333;33,48;30,9324539;6,489991134;31,02183358
1546;1369,166667;33,57;30,94630438;6,883778703;31,03516141
1547;1370,05;33,33;30,96015486;5,61616598;31,04848925
1548;1370,933333;33,61;30,97400534;6,948467833;31,06181709
1549;1371,816667;33,5;30,98785582;6,310868362;31,07514493
1550;1372,7;33,39;31,0017063;5,703946775;31,08847277
1551;1373,583333;33,39;31,01555679;5,637980577;31,10180061
1552;1374,466667;33,9;31,02940727;8,24030264;31,11512844
1553;1375,35;33,87;31,04325775;7,99047176;31,12845628
1554;1376,233333;33,82;31,05710823;7,633570939;31,14178412
1555;1377,116667;34,32;31,07095871;10,5562693;31,15511196
1556;1378;34,36;31,08480919;10,72687484;31,1684398
1557;1378,883333;34,12;31,09865967;9,128497378;31,18176764
1558;1379,766667;34,16;31,11251015;9,287194368;31,19509547
1559;1380,65;34,35;31,12636063;10,39185076;31,20842331
1560;1381,533333;34,23;31,14021112;9,546795354;31,22175115
1561;1382,416667;34,02;31,1540616;8,213602935;31,23507899
1562;1383,3;34,22;31,16791208;9,315240689;31,24840683
1563;1384,183333;34,21;31,18176256;9,170222004;31,26173467
1564;1385,066667;34,12;31,19561304;8,552039097;31,27506251
1565;1385,95;33,96;31,20946352;7,565450927;31,28839034
1566;1386,833333;34,19;31,223314;8,801225815;31,30171818
1567;1387,716667;34,5;31,23716448;10,64609562;31,31504602
1568;1388,6;34,33;31,25101496;9,480148856;31,32837386
1569;1389,483333;34,37;31,26486544;9,641860609;31,3417017
1570;1390,366667;34,57;31,27871593;10,83255086;31,35502954
1571;1391,25;34,8;31,29256641;12,30209041;31,36835737
1572;1392,133333;34,57;31,30641689;10,65097473;31,38168521
1573;1393,016667;34,77;31,32026737;11,90065523;31,39501305
1574;1393,9;35,31;31,33411785;15,80763888;31,40834089
1575;1394,783333;35,17;31,34796833;14,60792608;31,42166873
1576;1395,666667;35,18;31,36181881;14,57850759;31,43499657
1577;1396,55;35,37;31,37566929;15,9546778;31,4483244
1578;1397,433333;35,59;31,38951977;17,64403413;31,46165224
1579;1398,316667;35,32;31,40337025;15,33998856;31,47498008
1580;1399,2;35,2;31,41722074;14,30941896;31,48830792
1581;1400,083333;35,77;31,43107122;18,82630299;31,50163576
1582;1400,966667;35,52;31,4449217;16,60626317;31,5149636
1583;1401,85;35,3;31,45877218;14,75503118;31,52829143
1584;1402,733333;35,36;31,47262266;15,11170259;31,54161927
1585;1403,616667;35,84;31,48647314;18,95319611;31,55494711
1586;1404,5;35,23;31,50032362;13,91048589;31,56827495
1587;1405,383333;35,33;31,5141741;14,56052728;31,58160279
1588;1406,266667;35,3;31,52802458;14,22779854;31,59493063
1589;1407,15;33,49;31,54187506;3,795190763;31,60825847
1590;1408,033333;30,53;31,55572555;1,052112895;31,6215863
1591;1408,916667;26,86;31,56957603;22,18010635;31,63491414
1592;1409,8;23,16;31,58342651;70,95411413;31,64824198
1593;1410,683333;20,61;31,59727699;120,7202556;31,66156982
1594;1411,566667;20,6;31,61112747;121,2449282;31,67489766
1595;1412,45;22,14;31,62497795;89,96480673;31,6882255
1596;1413,333333;25,2;31,63882843;41,45851158;31,70155333
1597;1414,216667;29,11;31,65267891;6,465216055;31,71488117
1598;1415,1;32,07;31,66652939;0,16278853;31,72820901
1599;1415,983333;33,94;31,68037988;5,105883109;31,74153685
1600;1416,866667;35,05;31,69423036;11,2611899;31,75486469
1601;1417,75;35,53;31,70808084;14,60706609;31,76819253
1602;1418,633333;35,44;31,72193132;13,82403472;31,78152036
1603;1419,516667;35,09;31,7357818;11,25077974;31,7948482
1604;1420,4;35,11;31,74963228;11,29207121;31,80817604
1605;1421,283333;35,19;31,76348276;11,74102039;31,82150388
1606;1422,166667;35,28;31,77733324;12,26867442;31,83483172
1607;1423,05;35,27;31,79118372;12,10216269;31,84815956
1608;1423,933333;35,46;31,8050342;13,35877497;31,8614874
1609;1424,816667;35,39;31,81888469;12,75286459;31,87481523
1610;1425,7;35,57;31,83273517;13,96714844;31,88814307
1611;1426,583333;35,63;31,84658565;14,31422416;31,90147091
1612;1427,466667;35,71;31,86043613;14,819142;31,91479875
1613;1428,35;35,61;31,87428661;13,95555454;31,92812659
1614;1429,233333;35,73;31,88813709;14,75991062;31,94145443
1615;1430,116667;35,77;31,90198757;14,96152015;31,95478226
1616;1431;35,9;31,91583805;15,87354642;31,9681101
1617;1431,883333;35,91;31,92968853;15,84287937;31,98143794
1618;1432,766667;35,93;31,94353901;15,89187119;31,99476578
1619;1433,65;35,99;31,9573895;16,26194748;32,00809362
1620;1434,533333;36,18;31,97123998;17,71366093;32,02142146
1621;1435,416667;36,11;31,98509046;17,01487873;32,03474929
1622;1436,3;36,26;31,99894094;18,15662432;32,04807713
1623;1437,183333;36,42;32,01279142;19,42348747;32,06140497
1624;1438,066667;36,43;32,0266419;19,38956255;32,07473281
1625;1438,95;36,26;32,04049238;17,80424454;32,08806065
1626;1439,833333;36,41;32,05434286;18,9717491;32,10138849
1627;1440,716667;36,43;32,06819334;19,02535731;32,11471632
1628;1441,6;36,5;32,08204382;19,51833676;32,12804416
1629;1442,483333;36,54;32,09589431;19,75007542;32,141372
1630;1443,366667;36,62;32,10974479;20,34240209;32,15469984
1631;1444,25;36,67;32,12359527;20,66979599;32,16802768
1632;1445,133333;36,55;32,13744575;19,47063502;32,18135552
1633;1446,016667;36,67;32,15129623;20,41868376;32,19468336
1634;1446,9;36,76;32,16514671;21,11267675;32,20801119
1635;1447,783333;36,81;32,17899719;21,44618701;32,22133903
1636;1448,666667;36,87;32,19284767;21,87575389;32,23466687
1637;1449,55;37,09;32,20669815;23,84663692;32,24799471
1638;1450,433333;37,14;32,22054864;24,20100173;32,26132255
1639;1451,316667;37,14;32,23439912;24,06492003;32,27465039
1640;1452,2;37,03;32,2482496;22,86513691;32,28797822
1641;1453,083333;37,08;32,26210008;23,21215966;32,30130606
1642;1453,966667;37,1;32,27595056;23,27145301;32,3146339
1643;1454,85;37,01;32,28980104;22,28027822;32,32796174
1644;1455,733333;37,16;32,30365152;23,58412055;32,34128958
1645;1456,616667;37,28;32,317502;24,62638638;32,35461742
1646;1457,5;37,25;32,33135248;24,19309339;32,36794525
1647;1458,383333;37,51;32,34520296;26,67512842;32,38127309
1648;1459,266667;37,45;32,35905345;25,91773682;32,39460093
1649;1460,15;37,39;32,37290393;25,17125301;32,40792877
1650;1461,033333;37,46;32,38675441;25,73782084;32,42125661
1651;1461,916667;37,54;32,40060489;26,41338211;32,43458445
1652;1462,8;37,34;32,41445537;24,26098991;32,44791228
1653;1463,683333;37,45;32,42830585;25,21741213;32,46124012
1654;1464,566667;37,37;32,44215633;24,28364322;32,47456796
1655;1465,45;37,43;32,45600681;24,74060823;32,4878958
1656;1466,333333;37,54;32,46985729;25,70634706;32,50122364
1657;1467,216667;37,5;32,48370777;25,16318769;32,51455148
1658;1468,1;37,59;32,49755826;25,93296292;32,52787932
1659;1468,983333;37,74;32,51140874;27,3381666;32,54120715
1660;1469,866667;37,75;32,52525922;27,29791624;32,55453499
1661;1470,75;37,66;32,5391097;26,22351748;32,56786283
1662;1471,633333;37,74;32,55296018;26,9053821;32,58119067
1663;1472,516667;37,67;32,56681066;26,04254143;32,59451851
1664;1473,4;37,71;32,58066114;26,31011712;32,60784635
1665;1474,283333;37,87;32,59451162;27,83077762;32,62117418
1666;1475,166667;37,79;32,6083621;26,84937129;32,63450202
1667;1476,05;37,81;32,62221258;26,91313826;32,64782986
1668;1476,933333;37,95;32,63606307;28,23792574;32,6611577
1669;1477,816667;37,87;32,64991355;27,24930258;32,67448554
1670;1478,7;37,79;32,66376403;26,27829524;32,68781338
1671;1479,583333;37,95;32,67761451;27,79804876;32,70114121
1672;1480,466667;37,78;32,69146499;25,89318855;32,71446905
1673;1481,35;37,32;32,70531547;21,2953133;32,72779689
1674;1482,233333;36,2;32,71916595;12,11620567;32,74112473
1675;1483,116667;34,07;32,73301643;1,787525058;32,75445257
1676;1484;31,2;32,74686691;2,39279725;32,76778041
1677;1484,883333;27,41;32,7607174;28,63017664;32,78110824
1678;1485,766667;23,17;32,77456788;92,24772409;32,79443608
