;L, μμ;hn50,naco3-11,53,800.csv;Result;fail;Predict
0;3,533333333333333;16,82;24,983252403247644;66,63868979912843;29,114186615662696
1;4,416666666666667;17,33;25,01707020945307;59,091048405060896;29,142754914231027
2;5,3;17,65;25,050888015658497;54,77314342031759;29,171323212799358
3;6,183333333333334;17,4;25,084705821863924;59,05470356858931;29,199891511367692
4;7,066666666666666;17,33;25,11852362806935;60,66110030499459;29,228459809936023
5;7,95;17,55;25,152341434274778;57,79559528329107;29,257028108504354
6;8,833333333333334;17,75;25,186159240480205;55,296464249779135;29,285596407072685
7;9,716666666666669;17,88;25,21997704668563;53,87526304587194;29,31416470564102
8;10,6;18,17;25,253794852891062;50,18014951784588;29,34273300420935
9;11,483333333333333;18,41;25,28761265909649;47,30155588856427;29,37130130277768
10;12,366666666666667;18,72;25,321430465301916;43,57888418821628;29,399869601346012
11;13,25;19,09;25,355248271507342;39,25333590362575;29,428437899914346
12;14,133333333333333;19,43;25,38906607771277;35,51046851854705;29,457006198482677
13;15,016666666666667;19,62;25,422883883918196;33,67346137023752;29,485574497051008
14;15,9;19,95;25,456701690123623;30,323763504010373;29,51414279561934
15;16,783333333333335;20,17;25,49051949632905;28,30792771081751;29,542711094187673
16;17,666666666666668;20,43;25,52433730253448;25,952272551994287;29,571279392756004
17;18,55;20,6;25,558155108739907;24,583302082323627;29,599847691324335
18;19,433333333333334;20,99;25,591972914945334;21,178154709890467;29,628415989892666
19;20,316666666666663;21,15;25,62579072115076;20,032702579539258;29,656984288461
20;21,2;21,48;25,659608527356188;17,469127441948554;29,68555258702933
21;22,08333333333333;21,51;25,693426333561614;17,501055888336758;29,714120885597662
22;22,966666666666665;21,83;25,72724413976704;15,188511884948559;29,742689184165993
23;23,85;21,95;25,76106194597247;14,524193156039487;29,771257482734327
24;24,73333333333333;22,32;25,7948797521779;12,074789292095932;29,79982578130266
25;25,616666666666667;22,42;25,828697558383325;11,619219044528432;29,82839407987099
26;26,5;22,94;25,862515364588752;8,54109605625732;29,85696237843932
27;27,383333333333333;23,21;25,89633317079418;7,216385904509104;29,88553067700765
28;28,266666666666666;23,74;25,930150976999606;4,796761302052335;29,914098975575985
29;29,15;23,99;25,963968783205033;3,8965527570679637;29,942667274144316
30;30,03333333333333;24,37;25,99778658941046;2,649689180664533;29,971235572712647
31;30,916666666666668;24,39;26,03160439561589;2,6948649917054097;29,99980387128098
32;31,8;24,56;26,065422201821317;2,2662960057365455;30,028372169849312
33;32,68333333333333;24,49;26,099240008026744;2,5896534034339194;30,056940468417643
34;33,56666666666667;24,73;26,13305781423217;1,9685712300779548;30,085508766985974
35;34,45;24,91;26,166875620437597;1,579736325250395;30,114077065554305
36;35,333333333333336;25,28;26,200693426643024;0,8476763858636718;30,14264536412264
37;36,21666666666667;24,26;26,23451123284845;3,8986946086447043;30,17121366269097
38;37,1;23,48;26,26832903905388;7,77477883003114;30,1997819612593
39;37,98333333333333;22,49;26,30214684525931;14,532463569820509;30,228350259827632
40;38,86666666666667;21,62;26,335964651464735;22,240322593864892;30,256918558395967
41;39,75;20,49;26,369782457670162;34,57184174952579;30,285486856964297
42;40,63333333333333;20,62;26,40360026387559;33,45003201230177;30,31405515553263
43;41,516666666666666;20,82;26,437418070081016;31,55538577407272;30,34262345410096
44;42,4;21,01;26,471235876286443;29,82509729643813;30,371191752669294
45;43,28333333333333;21,03;26,50505368249187;29,976212826167767;30,399760051237624
46;44,16666666666666;21,35;26,538871488697296;26,92438732621568;30,428328349805955
47;45,05;21,78;26,572689294902727;22,969870677475186;30,456896648374286
48;45,93333333333333;22,06;26,606507101108154;20,67072682042688;30,48546494694262
49;46,81666666666667;22,24;26,64032490731358;19,362859289924284;30,51403324551095
50;47,7;22,46;26,674142713519007;17,758998809905336;30,542601544079282
51;48,583333333333336;22,86;26,707960519724434;14,806800161357941;30,571169842647613
52;49,46666666666667;23,06;26,74177832592986;13,555491641286899;30,599738141215948
53;50,35;23,26;26,775596132135288;12,359416164284585;30,62830643978428
54;51,23333333333333;23,46;26,809413938340718;11,218573730351075;30,65687473835261
55;52,11666666666667;23,67;26,843231744546145;10,06939970459536;30,68544303692094
56;53,0;23,53;26,877049550751572;11,202740695186291;30,714011335489275
57;53,88333333333333;23,62;26,910867356957;10,829807961085136;30,742579634057606
58;54,766666666666666;23,37;26,944685163162426;12,77837401573357;30,771147932625937
59;55,65;23,55;26,978502969367852;11,754632610964176;30,799716231194267
60;56,53333333333333;23,73;27,01232077557328;10,77362967375997;30,8282845297626
61;57,41666666666666;23,83;27,046138581778706;10,343547377205558;30,856852828330933
62;58,3;23,78;27,079956387984137;10,889712162597302;30,885421126899264
63;59,18333333333333;24,07;27,113774194189563;9,264561345214323;30,913989425467594
64;60,06666666666667;24,06;27,14759200039499;9,533224360903144;30,94255772403593
65;60,95;24,13;27,181409806600417;9,3111018078172;30,97112602260426
66;61,833333333333336;24,13;27,215227612805844;9,518629422819652;30,99969432117259
67;62,71666666666667;24,21;27,24904541901127;9,235797058813384;31,02826261974092
68;63,6;24,1;27,282863225216698;10,130618310436828;31,056830918309252
69;64,48333333333333;24,02;27,316681031422128;10,86810582293847;31,085399216877587
70;65,36666666666666;23,84;27,350498837627555;12,323602088984416;31,113967515445918
71;66,25;24,01;27,38431664383298;11,386012812848266;31,14253581401425
72;67,13333333333334;24,11;27,41813445003841;10,943753539530928;31,171104112582583
73;68,01666666666667;24,7;27,451952256243835;7,57324122064554;31,199672411150914
74;68,9;25,64;27,485770062449262;3,406867123433951;31,228240709719245
75;69,78333333333333;26,01;27,51958786865469;2,278855533189402;31,256809008287576
76;70,66666666666667;25,68;27,553405674860116;3,5096488225980873;31,285377306855906
77;71,55;24,82;27,587223481065543;7,657525794160499;31,31394560542424
78;72,43333333333334;22,98;27,621041287270973;21,539264230153808;31,34251390399257
79;73,31666666666666;20,3;27,6548590934764;54,09395228489248;31,371082202560903
80;74,2;19,27;27,688676899681827;70,87412074123642;31,399650501129234
81;75,08333333333333;19,08;27,722494705887254;74,69271474128924;31,428218799697568
82;75,96666666666667;19,57;27,75631251209268;67,01571254564517;31,4567870982659
83;76,85;20,65;27,790130318298107;50,981460962279854;31,48535539683423
84;77,73333333333333;22,42;27,823948124503538;29,202655332325286;31,51392369540256
85;78,61666666666666;23,2;27,857765930708965;21,694783465273154;31,54249199397089
86;79,5;24,02;27,89158373691439;14,989160631940008;31,571060292539226
87;80,38333333333334;25,03;27,92540154311982;8,383350095900619;31,599628591107557
88;81,26666666666667;25,91;27,959219349325245;4,199299941648981;31,628196889675888
89;82,15;27,05;27,993037155530672;0,8893190767113797;31,656765188244222
90;83,03333333333333;28,1;28,0268549617361;0,005350196622627762;31,685333486812553
91;83,91666666666667;28,82;28,060672767941526;0,5765778453455844;31,713901785380884
92;84,8;29,19;28,094490574146953;1,2001409021328764;31,742470083949215
93;85,68333333333334;29,97;28,128308380352383;3,3918280218802583;31,771038382517546
94;86,56666666666666;30,24;28,16212618655781;4,317559584588783;31,79960668108588
95;87,45;30,46;28,195943992763237;5,125949603904878;31,82817497965421
96;88,33333333333333;30,6;28,229761798968664;5,6180291296282725;31,85674327822254
97;89,21666666666667;30,8;28,26357960517409;6,433428419288827;31,885311576790876
98;90,1;31,02;28,297397411379517;7,412564855562951;31,913879875359207
99;90,98333333333332;31,22;28,331215217584944;8,345077519112795;31,942448173927538
100;91,86666666666666;31,42;28,365033023790375;9,332823225731392;31,97101647249587
101;92,75;31,83;28,3988508299958;11,77278462682049;31,9995847710642
102;93,63333333333334;32,15;28,432668636201228;13,818552468282027;32,02815306963253
103;94,51666666666668;32,32;28,466486442406655;14,84956673855572;32,05672136820087
104;95,4;32,4;28,500304248612082;15,207626953392968;32,0852896667692
105;96,28333333333332;32,58;28,53412205481751;16,369128347314085;32,11385796533753
106;97,16666666666669;32,74;28,567939861022936;17,40608580324134;32,14242626390586
107;98,05;32,79;28,601757667228362;17,5413738380204;32,17099456247419
108;98,93333333333334;32,82;28,635575473433793;17,50940861852883;32,19956286104252
109;99,81666666666666;33,13;28,66939327963922;19,897012313727778;32,228131159610854
110;100,7;33,47;28,703211085844647;22,722276552114362;32,256699458179185
111;101,58333333333331;33,65;28,737028892050073;24,137285107550717;32,285267756747515
112;102,46666666666668;33,85;28,7708466982555;25,797798262622067;32,31383605531585
113;103,35;33,92;28,804664504460927;26,16665723192199;32,342404353884184
114;104,23333333333332;34,19;28,838482310666354;28,6387415792509;32,370972652452515
115;105,11666666666666;34,13;28,872300116871784;27,64340806104648;32,399540951020846
116;106,0;34,23;28,90611792307721;28,343720368979675;32,42810924958918
117;106,88333333333334;34,35;28,939935729282638;29,268795413292597;32,45667754815751
118;107,76666666666668;34,54;28,973753535488065;30,983099703691607;32,48524584672584
119;108,65;34,19;29,00757134169349;26,857566798436572;32,51381414529417
120;109,53333333333332;34,46;29,04138914789892;29,361343566507617;32,5423824438625
121;110,41666666666669;34,42;29,075206954104345;28,566812703454566;32,57095074243084
122;111,3;34,74;29,109024760309772;31,70788215000444;32,59951904099917
123;112,18333333333334;34,46;29,1428425665152;28,272163172462683;32,6280873395675
124;113,06666666666666;34,67;29,17666037272063;30,176780260637873;32,65665563813583
125;113,95;34,4;29,210478178926056;26,931136731402606;32,68522393670416
126;114,83333333333331;34,63;29,244295985131483;29,005807735770887;32,71379223527249
127;115,71666666666668;34,12;29,27811379133691;23,443862057641805;32,742360533840824
128;116,6;34,47;29,311931597542337;26,605669644432137;32,770928832409155
129;117,48333333333332;34,19;29,345749403747764;23,466763839290124;32,79949713097749
130;118,36666666666666;34,35;29,379567209953194;24,70520212037249;32,82806542954582
131;119,25;33,94;29,41338501615862;20,49024321193727;32,856633728114154
132;120,13333333333334;34,18;29,447202822364048;22,39936912463883;32,885202026682485
133;121,01666666666668;33,94;29,481020628569475;19,88249703484294;32,913770325250816
134;121,9;34,13;29,5148384347749;21,299716273131004;32,94233862381915
135;122,78333333333332;33,96;29,54865624098033;19,459953760241813;32,97090692238748
136;123,66666666666669;34,21;29,582474047185755;21,413996443969392;32,999475220955816
137;124,55;34,17;29,616291853391182;20,736257884491533;33,02804351952415
138;125,43333333333334;34,18;29,65010965959661;20,519906496079948;33,05661181809248
139;126,31666666666666;34,22;29,683927465802036;20,57595403550513;33,08518011666081
140;127,2;34,35;29,717745272007466;21,457783865009198;33,11374841522914
141;128,08333333333334;34,3;29,751563078212893;20,688278431476146;33,14231671379747
142;128,96666666666667;34,25;29,78538088441832;19,932823847217342;33,1708850123658
143;129,85;34,28;29,819198690623747;19,898748321732906;33,19945331093413
144;130,73333333333332;34,01;29,853016496829174;17,28051184563438;33,22802160950246
145;131,61666666666667;34,3;29,886834303034604;19,476031468872044;33,2565899080708
146;132,5;34,13;29,92065210924003;17,718609665445424;33,28515820663913
147;133,38333333333333;34,15;29,954469915445458;17,602472690402234;33,31372650520746
148;134,26666666666668;33,96;29,988287721650885;15,77449842198913;33,34229480377579
149;135,15;34,34;30,02210552785631;18,644212672569054;33,370863102344124
150;136,03333333333333;33,65;30,055923334061738;12,917387080641882;33,399431400912455
151;136,91666666666666;33,76;30,089741140267165;13,470800097447356;33,427999699480786
152;137,8;33,45;30,123558946472592;11,065210082592552;33,456567998049124
153;138,68333333333334;33,63;30,15737675267802;12,05911221784108;33,485136296617455
154;139,56666666666666;33,01;30,191194558883446;7,945664114868282;33,513704595185786
155;140,45;33,13;30,225012365088872;8,43895315898656;33,54227289375412
156;141,33333333333334;32,73;30,258830171294303;6,106680322305329;33,57084119232245
157;142,21666666666667;32,82;30,29264797749973;6,387508245636208;33,59940949089078
158;143,1;32,38;30,326465783705157;4,217002777493687;33,62797778945911
159;143,98333333333332;31,44;30,360283589910583;1,16578752621638;33,65654608802744
160;144,86666666666667;29,75;30,394101396116014;0,41486660847859813;33,68511438659577
161;145,75;27,32;30,42791920232144;9,659161768158338;33,7136826851641
162;146,63333333333333;24,22;30,461737008526867;38,95928088361394;33,74225098373244
163;147,51666666666668;21,01;30,495554814732294;89,97575014329098;33,77081928230077
164;148,4;19,61;30,52937262093772;119,23269843488433;33,7993875808691
165;149,28333333333333;19,47;30,563190427143148;123,0588738528604;33,82795587943743
166;150,16666666666666;20,86;30,597008233348575;94,80932933629795;33,85652417800576
167;151,05;22,82;30,630826039554;61,00900342017485;33,885092476574094
168;151,93333333333334;25,3;30,66464384575943;28,779403591844503;33,913660775142425
169;152,81666666666666;27,07;30,698461651964855;13,165733959779526;33,942229073710756
170;153,7;28,69;30,732279458170282;4,170905385264296;33,970797372279094
171;154,58333333333334;29,93;30,766097264375713;0,6990586354965509;33,999365670847425
172;155,46666666666667;31,32;30,79991507058114;0,27048833380862136;34,027933969415756
173;156,35;32,1;30,833732876786566;1,6034324273312286;34,05650226798409
174;157,23333333333332;33,12;30,867550682991993;5,073527925689825;34,08507056655242
175;158,11666666666667;33,55;30,901368489197424;7,0152488800163235;34,11363886512075
176;159,0;33,83;30,93518629540285;8,379946384323462;34,14220716368908
177;159,88333333333333;33,84;30,969004101608277;8,242617448582115;34,17077546225741
178;160,76666666666668;34,56;31,002821907813704;12,653515979530152;34,19934376082575
179;161,65;34,88;31,03663971401913;14,771418287854967;34,22791205939408
180;162,53333333333333;35,29;31,070457520224558;17,804538738629482;34,25648035796241
181;163,41666666666666;35,29;31,104275326429985;17,520291042932804;34,28504865653074
182;164,3;35,81;31,13809313263541;21,826713777328422;34,31361695509907
183;165,18333333333334;35,93;31,17191093884084;22,639411513922468;34,3421852536674
184;166,06666666666666;36,08;31,205728745046265;23,75852026686824;34,37075355223573
185;166,95;35,9;31,239546551251692;21,719826347949983;34,399321850804064
186;167,83333333333334;36,42;31,273364357457123;26,487858437092754;34,4278901493724
187;168,71666666666667;36,3;31,30718216366255;24,928229946849353;34,45645844794073
188;169,6;36,73;31,340999969867976;29,04132132476292;34,485026746509064
189;170,48333333333332;36,65;31,374817776073403;27,82754749563114;34,513595045077395
190;171,36666666666667;36,99;31,40863558227883;31,151628763404;34,542163343645726
191;172,25;36,82;31,44245338848426;28,918007559024417;34,57073164221406
192;173,13333333333333;37,08;31,476271194689687;31,401776523464527;34,59929994078239
193;174,01666666666668;36,61;31,510089000895114;26,00909219879099;34,62786823935072
194;174,9;36,82;31,54390680710054;27,837159380160013;34,65643653791905
195;175,78333333333333;36,74;31,577724613305968;26,64908716806704;34,68500483648739
196;176,66666666666666;37,36;31,611542419511395;33,0447645546769;34,71357313505572
197;177,55;37,11;31,64536022571682;29,862287862677704;34,74214143362405
198;178,43333333333334;37,07;31,67917803192225;29,060961491509687;34,77070973219238
199;179,31666666666666;37,13;31,712995838127675;29,343934089742117;34,79927803076071
200;180,2;37,62;31,746813644333102;34,49431796839179;34,82784632932904
201;181,0833333333333;36,84;31,78063145053853;25,597210119279907;34,85641462789737
202;181,96666666666667;36,99;31,81444925674396;26,786325496018176;34,88498292646571
203;182,85;37,18;31,848267062949386;28,427376112030363;34,91355122503404
204;183,7333333333333;37,39;31,882084869154813;30,33712908859336;34,94211952360237
205;184,61666666666667;36,99;31,91590267536024;25,746463659916394;34,9706878221707
206;185,5;37,31;31,949720481565667;28,732596515746632;34,999256120739034
207;186,38333333333333;37,41;31,983538287771097;29,446486714286202;35,027824419307365
208;187,26666666666668;37,6;32,017356093976524;31,16591298146107;35,056392717875696
209;188,15;37,07;32,05117390018195;25,188615420214855;35,084961016444026
210;189,03333333333333;37,14;32,08499170638738;25,553108848492403;35,11352931501236
211;189,91666666666663;37,01;32,118809512592804;23,92374438410262;35,14209761358069
212;190,8;37,16;32,15262731879823;25,073781168445755;35,170665912149026
213;191,6833333333333;36,91;32,18644512500366;22,311970657101675;35,19923421071736
214;192,56666666666663;37,01;32,220262931209085;22,94158118814977;35,22780250928569
215;193,45;36,87;32,25408073741451;21,306710638707735;35,25637080785402
216;194,3333333333333;37,24;32,28789854361994;24,523308834281544;35,28493910642235
217;195,21666666666667;36,8;32,321716349825365;20,055024451421424;35,31350740499068
218;196,1;36,91;32,35553415603079;20,743159123882116;35,34207570355901
219;196,9833333333333;36,93;32,38935196223622;20,61748460284807;35,37064400212734
220;197,86666666666667;37,04;32,42316976844165;21,31512138703109;35,39921230069568
221;198,75;36,7;32,45698757464708;18,003154441699294;35,42778059926401
222;199,63333333333333;36,91;32,49080538085251;19,529281081902127;35,45634889783234
223;200,51666666666668;37,1;32,524623187057934;20,93407298040791;35,48491719640067
224;201,4;37,16;32,55844099326336;21,174345292479057;35,513485494969004
225;202,28333333333333;37,1;32,59225879946879;20,31973073096659;35,542053793537335
226;203,16666666666663;37,11;32,626076605674214;20,105569006182073;35,570622092105666
227;204,05;37,38;32,65989441187964;22,279396763005064;35,599190390673996
228;204,9333333333333;37,15;32,69371221808507;19,858500795244293;35,62775868924233
229;205,81666666666663;37,07;32,727530024290495;18,857045489938514;35,656326987810665
230;206,7;36,87;32,76134783049592;16,88102264997055;35,684895286378996
231;207,5833333333333;37,05;32,79516563670135;18,10361545910702;35,71346358494733
232;208,46666666666667;36,55;32,828983442906775;13,845964218161894;35,74203188351566
233;209,35;36,5;32,86280124911221;13,229214753459706;35,77060018208399
234;210,2333333333333;36,43;32,89661905531763;12,484780900244482;35,79916848065232
235;211,11666666666667;36,37;32,93043686152306;11,8305945835693;35,82773677922066
236;212,0;36,07;32,96425466772849;9,645654068926275;35,85630507778899
237;212,88333333333333;35,9;32,99807247393392;8,42118336654001;35,88487337635732
238;213,76666666666668;36,0;33,03189028013934;8,809675309131306;35,91344167492565
239;214,65;35,76;33,06570808634477;7,259208915987949;35,94200997349398
240;215,53333333333333;35,59;33,0995258925502;6,202461279877909;35,97057827206231
241;216,41666666666663;35,43;33,133343698755624;5,274630166045497;35,99914657063064
242;217,3;35,39;33,16716150496105;4,941010975027023;36,027714869198974
243;218,1833333333333;34,0;33,20097931116648;0,6384340611839965;36,056283167767305
244;219,06666666666663;32,14;33,234797117371905;1,1985807282058305;36,084851466335635
245;219,95;29,45;33,26861492357733;14,581819934567514;36,11341976490397
246;220,8333333333333;26,03;33,30243272978276;52,88827780921549;36,1419880634723
247;221,71666666666667;22,25;33,336250535988185;122,90495094669832;36,170556362040635
248;222,6;20,51;33,37006834219362;165,3813577658905;36,199124660608966
249;223,4833333333333;20,12;33,40388614839904;176,46163120362783;36,2276929591773
250;224,36666666666667;21,24;33,43770395460447;148,78398176417363;36,25626125774563
251;225,25;23,34;33,47152176080989;102,64773318976438;36,28482955631396
252;226,13333333333333;26,71;33,50533956701533;46,176639831044035;36,3133978548823
253;227,01666666666668;29,15;33,53915737322075;19,264702446898117;36,34196615345063
254;227,9;31,36;33,57297517942618;4,897259144756337;36,37053445201896
255;228,78333333333333;32,68;33,60679298563161;0,8589452382159486;36,39910275058729
256;229,66666666666663;34,02;33,640610791837034;0,14393617127052483;36,42767104915562
257;230,55;34,83;33,67442859804246;1,335345265022109;36,45623934772395
258;231,4333333333333;35,14;33,70824640424789;2,049918358949105;36,48480764629228
259;232,31666666666663;35,47;33,742064210453314;2,9857620927963238;36,51337594486061
260;233,2;35,8;33,77588201665874;4,097053610485473;36,541944243428944
261;234,0833333333333;36,29;33,80969982286417;6,151888968700035;36,570512541997275
262;234,96666666666667;36,22;33,843517629069595;5,647668459342994;36,59908084056561
263;235,85;36,26;33,87733543527502;5,677090427996061;36,62764913913394
264;236,7333333333333;36,58;33,91115324148045;7,122743020460307;36,656217437702274
265;237,61666666666667;36,69;33,94497104768588;7,535183949042729;36,684785736270605
266;238,5;36,55;33,9787888538913;6,611126757873588;36,713354034838936
267;239,38333333333333;36,85;34,012606660096736;8,050800965327406;36,74192233340727
268;240,26666666666668;37,17;34,04642446630216;9,756724114715738;36,770490631975605
269;241,15;37,14;34,08024227250759;9,362117350949521;36,799058930543936
270;242,03333333333333;37,56;34,11406007871302;11,874501941119355;36,82762722911227
271;242,91666666666663;37,79;34,147877884918444;13,265053501166143;36,8561955276806
272;243,8;37,61;34,18169569112387;11,753270434258631;36,88476382624893
273;244,6833333333333;37,63;34,2155134973293;11,658718076920424;36,91333212481726
274;245,56666666666663;37,95;34,249331303534724;13,694948800998025;36,94190042338559
275;246,45;37,66;34,28314910974015;11,403121935048711;36,97046872195392
276;247,3333333333333;37,67;34,31696691594558;11,24283086276352;36,99903702052225
277;248,21666666666667;37,83;34,350784722151005;12,10493894961785;37,02760531909058
278;249,1;37,97;34,38460252835643;12,855075029668084;37,056173617658914
279;249,9833333333333;37,77;34,41842033456186;11,233086253778465;37,084741916227244
280;250,86666666666667;38,0;34,45223814076729;12,586614209826319;37,11331021479558
281;251,75;38,0;34,48605594697271;12,347802807805843;37,14187851336391
282;252,63333333333333;37,9;34,519873753178146;11,425253444453983;37,170446811932244
283;253,51666666666668;37,79;34,55369155938357;10,473692322805125;37,199015110500575
284;254,4;38,16;34,587509365589;12,762689332954286;37,22758340906891
285;255,28333333333333;38,09;34,62132717179443;12,031691189131674;37,256151707637244
286;256,1666666666667;37,98;34,65514497799985;11,054660917319573;37,284720006205575
287;257,05;38,23;34,68896278420528;12,538944563643199;37,313288304773906
288;257,93333333333334;38,31;34,72278059041071;12,86814309253417;37,34185660334224
289;258,81666666666666;37,79;34,756598396616134;9,201525287411803;37,37042490191057
290;259,7;37,92;34,79041620282156;9,794294743561828;37,3989932004789
291;260,5833333333333;38,09;34,82423400902699;10,665227507795963;37,42756149904723
292;261,46666666666664;37,88;34,858051815232415;9,13217083142012;37,45612979761556
293;262,35;37,68;34,89186962143785;7,773671007861124;37,48469809618389
294;263,2333333333333;37,95;34,92568742764327;9,146466535315009;37,51326639475222
295;264,1166666666667;37,87;34,9595052338487;8,470979783794082;37,54183469332056
296;265,0;37,53;34,99332304005412;6,434729999120267;37,57040299188889
297;265,8833333333333;37,79;35,027140846259556;7,6333907034073585;37,59897129045722
298;266,76666666666665;37,96;35,060958652464976;8,404440734717694;37,62753958902555
299;267,65;37,64;35,09477645867041;6,478162875338344;37,65610788759388
300;268,53333333333336;37,89;35,12859426487584;7,625361633976625;37,68467618616222
301;269,4166666666667;38,25;35,16241207108126;9,533199218804693;37,71324448473055
302;270,3;37,84;35,19622987728669;6,989520461751567;37,74181278329888
303;271,18333333333334;37,81;35,23004768349212;6,656153955454403;37,770381081867214
304;272,06666666666666;38,02;35,263865489697544;7,596277438880177;37,798949380435545
305;272,95;37,54;35,29768329590297;5,02798420147256;37,827517679003876
306;273,8333333333333;37,34;35,3315011021084;4,034067822831795;37,85608597757221
307;274,71666666666664;37,65;35,365318908313824;5,219767690708329;37,88465427614054
308;275,6;37,52;35,39913671451926;4,498061075700179;37,91322257470887
309;276,4833333333333;37,6;35,43295452072468;4,696086109247616;37,9417908732772
310;277,3666666666667;37,73;35,46677232693011;5,122199500149326;37,97035917184553
311;278,25;37,71;35,50059013313553;4,881491959798071;37,99892747041387
312;279,1333333333333;37,47;35,534407939340966;3,746516625286282;38,0274957689822
313;280,01666666666665;37,47;35,568225745546385;3,6167453149025968;38,05606406755053
314;280,9;37,45;35,60204355175182;3,414943034622041;38,08463236611886
315;281,78333333333336;37,5;35,635861357957246;3,4750128767570017;38,11320066468719
316;282,6666666666667;37,31;35,66967916416267;2,690652444482074;38,14176896325552
317;283,55;37,46;35,7034969703681;3,0853028931060464;38,17033726182386
318;284,43333333333334;37,45;35,73731477657353;2,933290674543398;38,19890556039219
319;285,31666666666666;36,96;35,771132582778954;1,4134057357298435;38,22747385896052
320;286,2;36,71;35,80495038898438;0,8191147983995256;38,25604215752885
321;287,0833333333333;36,79;35,83876819518981;0,9048419464824548;38,284610456097184
322;287,96666666666664;36,33;35,872586001395234;0,20922756611959908;38,313178754665515
323;288,85;36,16;35,90640380760067;0,06431102879943719;38,341747053233846
324;289,7333333333333;36,23;35,94022161380609;0,08397151310514624;38,37031535180218
325;290,6166666666667;35,9;35,97403942001152;0,005481835715642758;38,39888365037051
326;291,5;35,71;36,00785722621694;0,08871892720964983;38,42745194893884
327;292,3833333333333;35,1;36,041675032422376;0,8867518666876795;38,45602024750717
328;293,26666666666665;33,62;36,075492838627795;6,0294450805524;38,48458854607551
329;294,15;31,0;36,10931064483323;26,10505526540615;38,51315684464384
330;295,03333333333336;28,02;36,143128451038656;65,98521583207368;38,54172514321217
331;295,9166666666667;24,27;36,17694625724408;141,77536917289888;38,5702934417805
332;296,8;20,66;36,21076406344951;241,82626295707271;38,59886174034883
333;297,68333333333334;19,28;36,24458186965494;287,79703801222496;38,62743003891716
334;298,56666666666666;19,53;36,27839967586036;280,5088917023595;38,6559983374855
335;299,45;21,6;36,31221748206579;216,44934323960223;38,68456663605383
336;300,3333333333333;24,63;36,34603528827122;137,26548287601645;38,71313493462216
337;301,21666666666664;28,42;36,379853094476644;63,35926128564938;38,74170323319049
338;302,1;30,99;36,41367090068208;29,41620603890556;38,77027153175882
339;302,9833333333333;32,89;36,4474887068875;12,655725899632078;38,798839830327154
340;303,8666666666667;33,74;36,48130651309293;7,5147613987257165;38,827408128895485
341;304,75;34,47;36,51512431929835;4,18253348138555;38,855976427463816
342;305,6333333333333;35,11;36,548942125503785;2,0705544405493534;38,884544726032146
343;306,51666666666665;35,13;36,582759931709205;2,110511419179727;38,91311302460048
344;307,4;35,6;36,61657773791464;1,0334302972236418;38,94168132316881
345;308,28333333333336;36,34;36,650395544120066;0,09634539380958969;38,970249621737146
346;309,1666666666667;36,76;36,68421335032549;0,0057436162688861815;38,99881792030548
347;310,05;36,71;36,71803115653092;6,449947522411957e-05;39,02738621887381
348;310,93333333333334;37,12;36,75184896273635;0,1355351862383021;39,05595451744214
349;311,81666666666666;37,47;36,78566676894177;0,4683119711305907;39,08452281601047
350;312,7;37,4;36,8194845751472;0,336998158492025;39,1130911145788
351;313,5833333333333;37,0;36,85330238135263;0,02152019131681007;39,14165941314714
352;314,46666666666664;37,1;36,887120187558054;0,04531781454531876;39,17022771171547
353;315,35;37,52;36,92093799376349;0,3588752873161187;39,1987960102838
354;316,2333333333333;37,68;36,95475579996891;0,5259791496787388;39,22736430885213
355;317,1166666666667;37,62;36,98857360617434;0,3986992908196723;39,25593260742046
356;318,0;37,8;37,02239141237976;0,604675115540738;39,28450090598879
357;318,8833333333333;38,22;37,056209218585195;1,3544089829060793;39,313069204557124
358;319,76666666666665;38,05;37,090027024790615;0,9215481131323531;39,341637503125455
359;320,65;37,69;37,12384483099605;0,3205316753898898;39,370205801693785
360;321,53333333333336;37,66;37,157662637201476;0,2523428260633727;39,39877410026212
361;322,4166666666667;38,06;37,1914804434069;0,7543262201846744;39,427342398830454
362;323,3;37,92;37,22529824961233;0,4826105219916957;39,455910697398785
363;324,18333333333334;37,91;37,259116055817756;0,42364990879422965;39,484478995967116
364;325,06666666666666;37,95;37,29293386202318;0,431735909675773;39,51304729453545
365;325,95;38,16;37,32675166822861;0,6943027823997987;39,54161559310378
366;326,8333333333333;38,12;37,36056947443404;0,5767347231613911;39,57018389167211
367;327,71666666666664;38,04;37,394387280639464;0,4168157834001055;39,59875219024044
368;328,6;37,99;37,42820508684489;0,31561352444695917;39,62732048880878
369;329,4833333333333;38,35;37,46202289305032;0,7885033424667306;39,65588878737711
370;330,3666666666667;38,43;37,49584069925575;0,872653599166983;39,68445708594544
371;331,25;38,22;37,52965850546117;0,47657137908210234;39,71302538451377
372;332,1333333333333;38,54;37,563476311666605;0,9535985138762558;39,7415936830821
373;333,01666666666665;38,48;37,597294117872025;0,7791696743433213;39,77016198165043
374;333,9;38,61;37,63111192407746;0,9582218651833337;39,79873028021876
375;334,78333333333336;38,43;37,664929730282886;0,5853325176050177;39,827298578787094
376;335,6666666666667;38,51;37,69874753648831;0,6581305595537787;39,855866877355425
377;336,55;38,06;37,73256534269374;0,10721345480526988;39,88443517592376
378;337,43333333333334;38,43;37,766383148899166;0,4403873250649859;39,91300347449209
379;338,31666666666666;38,5;37,80020095510459;0,4897187032365239;39,941571773060424
380;339,2;38,49;37,83401876131002;0,4303113855132433;39,970140071628755
381;340,0833333333333;38,67;37,86783656751545;0,6434661724154033;39,998708370197086
382;340,96666666666664;38,84;37,90165437372087;0,8804925143571725;40,02727666876542
383;341,85;39,05;37,9354721799263;1,2421722617182267;40,055844967333755
384;342,7333333333333;38,67;37,96928998613173;0,4909945235352774;40,08441326590208
385;343,6166666666667;38,81;38,00310779233716;0,6510750347870135;40,11298156447042
386;344,5;38,57;38,03692559854258;0,2841683174891859;40,14154986303875
387;345,3833333333333;38,73;38,070743404748015;0,4346192583832356;40,17011816160708
388;346,26666666666665;38,79;38,104561210953435;0,4698263335296208;40,19868646017541
389;347,15;38,71;38,13837901715887;0,326750548024262;40,22725475874374
390;348,03333333333336;38,68;38,172196823364295;0,2578640662013123;40,25582305731207
391;348,9166666666667;38,87;38,20601462956972;0,44087657214542975;40,2843913558804
392;349,8;38,82;38,23983243577515;0,3365944025785968;40,31295965444873
393;350,68333333333334;38,83;38,273650241980576;0,3095250532482698;40,341527953017064
394;351,56666666666666;38,95;38,307468048186;0,4128473091019084;40,3700962515854
395;352,45;39,11;38,34128585439143;0,5909214376587134;40,39866455015373
396;353,3333333333333;39,17;38,37510366059686;0,6318601903965202;40,42723284872206
397;354,21666666666664;39,53;38,40892146680228;1,2568170775967464;40,455801147290394
398;355,1;39,35;38,44273927300771;0,8231220267425807;40,484369445858725
399;355,9833333333333;39,29;38,47655707921314;0,6616893853782612;40,512937744427056
400;356,8666666666667;39,27;38,510374885418564;0,5770303147028647;40,541506042995394
401;357,75;39,34;38,54419269162399;0,6333092720646741;40,570074341563725
402;358,6333333333333;39,19;38,578010497829425;0,3745311507669858;40,598642640132056
403;359,51666666666665;38,93;38,611828304034844;0,1012332281133432;40,62721093870039
404;360,4;38,83;38,64564611024028;0,033986356669538954;40,65577923726872
405;361,28333333333336;38,62;38,679463916445705;0,0035359573590621196;40,68434753583705
406;362,1666666666667;38,54;38,71328172265113;0,03002655540494416;40,71291583440538
407;363,05;38,17;38,74709952885656;0,33304386620646037;40,74148413297371
408;363,9333333333333;38,13;38,780917335061986;0,42369337708419413;40,77005243154204
409;364,81666666666666;37,86;38,81473514126741;0,9115191899709074;40,79862073011037
410;365,7;37,76;38,84855294747284;1,1849475194518109;40,8271890286787
411;366,5833333333333;37,38;38,882370753678266;2,2571178815077944;40,85575732724704
412;367,4666666666666;35,88;38,91618855988369;9,218440971168599;40,884325625815364
413;368,35;33,28;38,95000636608912;32,14897219149113;40,9128939243837
414;369,23333333333335;30,26;38,98382417229455;76,10510818911061;40,94146222295203
415;370,1166666666667;26,31;39,017641978499974;161,48416465373475;40,970030521520364
416;371,0;22,65;39,0514597847054;269,00788306930855;40,998598820088695
417;371,8833333333333;22,1;39,085277590910835;288,4996548402977;41,02716711865703
418;372,76666666666665;23,5;39,119095397116254;243,95614102421817;41,055735417225364
419;373,65;26,5;39,15291320332169;160,09621253079231;41,084303715793695
420;374,53333333333336;30,83;39,186731009527115;69,83495316559211;41,112872014362026
421;375,4166666666667;35,44;39,22054881573254;14,292549348136742;41,14144031293036
422;376,3;38,21;39,25436662193797;1,0907016410181225;41,17000861149869
423;377,1833333333333;40,03;39,288184428143396;0,5502903426489426;41,19857691006702
424;378,06666666666666;41,03;39,32200223434882;2,9172563674694185;41,22714520863535
425;378,95;41,43;39,35582004055425;4,302222504166375;41,25571350720368
426;379,8333333333333;41,5;39,389637846759676;4,453628417829136;41,28428180577201
427;380,7166666666666;41,37;39,4234556529651;3,7890348949735033;41,31285010434034
428;381,6;41,43;39,45727345917053;3,891650004893006;41,34141840290868
429;382,48333333333335;41,46;39,49109126537596;3,8766016052788546;41,36998670147701
430;383,3666666666667;41,61;39,524909071581384;4,347604179773605;41,39855500004534
431;384,25;41,4;39,55872687778681;3,3902867105847023;41,42712329861367
432;385,1333333333333;41,65;39,59254468399224;4,233122377368597;41,455691597182
433;386,01666666666665;42,01;39,626362490197664;5,681727778136671;41,484259895750334
434;386,9;42,09;39,6601802964031;5,904023791987753;41,51282819431867
435;387,78333333333336;42,18;39,693998102608525;6,180205433834013;41,541396492887
436;388,6666666666667;42,6;39,72781590881395;8,249441453662234;41,569964791455334
437;389,55;43,23;39,76163371501938;12,029564686790255;41,598533090023665
438;390,4333333333333;43,28;39,795451521224805;12,14207810093453;41,627101388591996
439;391,31666666666666;43,77;39,82926932743023;15,529358233732198;41,65566968716033
440;392,2;44,26;39,86308713363566;19,332842754400268;41,68423798572866
441;393,0833333333333;44,24;39,896904939841086;18,86247470157678;41,71280628429699
442;393,9666666666666;43,75;39,93072274604651;14,58687874256649;41,74137458286532
443;394,85;43,66;39,96454055225194;13,656420529950374;41,76994288143366
444;395,73333333333335;43,65;39,99835835845737;13,334486678248169;41,79851118000199
445;396,6166666666667;43,33;40,03217616466279;10,875642048918191;41,82707947857032
446;397,5;43,45;40,06599397086822;11,451496805200255;41,85564777713865
447;398,3833333333333;43,55;40,09981177707365;11,903798773619686;41,88421607570698
448;399,26666666666665;43,89;40,133629583279074;14,110318707616148;41,91278437427531
449;400,15;43,54;40,16744738948451;11,374111110694855;41,94135267284364
450;401,03333333333336;43,85;40,201265195689935;13,31326567218362;41,96992097141198
451;401,9166666666667;43,8;40,23508300189536;12,708633203375367;41,99848926998031
452;402,8;44,13;40,26890080810079;14,908086969684764;42,02705756854864
453;403,6833333333333;43,73;40,302718614306215;11,746257696723088;42,05562586711697
454;404,56666666666666;43,81;40,33653642051164;12,064949238032092;42,084194165685304
455;405,45;43,87;40,37035422671707;12,247520538457067;42,112762464253635
456;406,3333333333333;43,54;40,404172032922496;9,833417039105427;42,141330762821966
457;407,2166666666666;43,23;40,43798983912792;7,795320738412905;42,169899061390296
458;408,1;43,35;40,47180764533335;8,283991230461567;42,19846735995863
459;408,98333333333335;43,72;40,505625451538776;10,332203737795288;42,227035658526965
460;409,8666666666667;43,39;40,5394432577442;8,125673740819984;42,255603957095296
461;410,75;43,75;40,57326106394963;10,091670267818436;42,28417225566363
462;411,6333333333333;43,92;40,60707887015506;10,975446412573106;42,31274055423196
463;412,51666666666665;44,11;40,640896676360484;12,034677870086734;42,34130885280029
464;413,4;44,01;40,67471448256591;11,124129482805568;42,36987715136862
465;414,28333333333336;43,81;40,708532288771345;9,619101963793929;42,39844544993696
466;415,1666666666667;43,85;40,74235009497677;9,657487932190891;42,42701374850529
467;416,05;43,59;40,7761679011822;7,917651080337414;42,45558204707362
468;416,9333333333333;43,49;40,809985707387625;7,182476608606619;42,48415034564195
469;417,81666666666666;43,35;40,84380351359305;6,281020828478539;42,51271864421028
470;418,7;43,72;40,87762131979848;8,079116561664135;42,54128694277861
471;419,5833333333333;43,7;40,911439126003906;7,776071747981877;42,56985524134694
472;420,4666666666666;43,77;40,94525693220933;7,979173399031449;42,598423539915274
473;421,35;43,96;40,97907473841476;8,88591541515704;42,626991838483605
474;422,23333333333335;44,06;41,012892544620186;9,284863844631257;42,655560137051935
475;423,1166666666667;43,68;41,04671035082561;6,934214376448964;42,684128435620266
476;424,0;43,72;41,08052815703104;6,966811609825953;42,7126967341886
477;424,8833333333333;43,84;41,114345963236474;7,429189928125324;42,741265032756935
478;425,76666666666665;43,43;41,148163769441894;5,206776583087627;42,769833331325266
479;426,65;43,22;41,18198157564733;4,153519098000945;42,7984016298936
480;427,53333333333336;43,68;41,21579938185275;6,0722846864773015;42,82696992846193
481;428,4166666666667;43,66;41,24961718805818;5,809945300104533;42,85553822703026
482;429,3;43,46;41,2834349942636;4,737435224196294;42,8841065255986
483;430,1833333333333;43,49;41,317252800469035;4,72083039306966;42,91267482416692
484;431,06666666666666;43,7;41,35107060667446;5,517469294828694;42,94124312273526
485;431,95;43,33;41,38488841287989;3,783459086348912;42,96981142130359
486;432,8333333333333;43,01;41,418706219085315;2,5322158971777458;42,99837971987192
487;433,7166666666666;43,3;41,45252402529074;3,413167477127911;43,02694801844025
488;434,6;43,09;41,48634183149617;2,5717195214090722;43,05551631700858
489;435,48333333333335;42,72;41,520159637701596;1,4396168950003627;43,08408461557691
490;436,3666666666667;42,62;41,55397744390702;1,1364040900989991;43,112652914145244
491;437,25;42,46;41,58779525011245;0,7607411257264056;43,141221212713575
492;438,1333333333333;41,85;41,621613056317884;0,05216059604445883;43,169789511281905
493;439,01666666666665;41,78;41,6554308625233;0,01551747001168842;43,198357809850236
494;439,9;41,45;41,68924866872874;0,057239925488471746;43,226926108418574
495;440,78333333333336;41,12;41,72306647493416;0,36368917318951344;43,255494406986905
496;441,6666666666667;39,01;41,75688428113959;7,545373253971779;43,284062705555236
497;442,55;36,01;41,79070208734501;33,41651662263499;43,31263100412357
498;443,4333333333333;32,14;41,824519893550445;93,7899255685743;43,3411993026919
499;444,31666666666666;27,73;41,85833769975587;199,60992615834303;43,369767601260236
500;445,2;22,72;41,8921555059613;367,5715467447622;43,39833589982857
501;451,3833333333333;19,2;42,12888014939929;525,733544905517;43,59831398980688
502;452,26666666666665;16,83;42,16269795560471;641,7455857098993;43,626882288375214
503;453,15;15,64;42,19651576181015;705,2485294072708;43,655450586943545
504;454,03333333333336;17,11;42,23033356801557;631,0311585683697;43,68401888551188
505;454,9166666666667;20,67;42,264151374221;466,30737357277064;43,71258718408021
506;455,8;25,68;42,29796918042642;276,1568996816024;43,741155482648544
507;456,6833333333333;31,64;42,331786986631855;114,31430896751026;43,769723781216875
508;457,56666666666666;36,99;42,365604792837274;28,897126888775052;43,798292079785206
509;458,45;40,26;42,39942259904271;4,577129057294665;43,82686037835354
510;459,3333333333333;42,15;42,433240405248135;0,08022512716512861;43,85542867692187
511;460,2166666666666;43,26;42,46705821145356;0,6287566800232209;43,8839969754902
512;461,1;42,89;42,50087601765899;0,15141747363292804;43,91256527405854
513;461,98333333333335;42,75;42,534693823864416;0,046356749482127264;43,94113357262687
514;462,8666666666667;43,27;42,56851163006984;0,4920859331472739;43,9697018711952
515;463,75;43,07;42,60232943627527;0,21871575617460762;43,99827016976353
516;464,6333333333333;42,62;42,636147242480696;0,0002607334397304828;44,02683846833186
517;465,51666666666665;43,08;42,66996504868612;0,16812866129897203;44,05540676690019
518;466,4;43,55;42,70378285489156;0,7160834566754789;44,08397506546852
519;467,28333333333336;43,56;42,73760066109698;0,6763406726281335;44,11254336403686
520;468,1666666666667;43,99;42,77141846730241;1,4849409518316108;44,14111166260519
521;469,05;44,49;42,80523627350783;2,8384288141037888;44,16967996117352
522;469,9333333333333;44,26;42,839054079713264;2,0190873083795124;44,19824825974185
523;470,81666666666666;44,28;42,872871885918684;1,9800095294380438;44,22681655831018
524;471,7;44,61;42,90668969212412;2,9012660049162298;44,255384856878514
525;472,5833333333333;44,51;42,940507498329545;2,463306712799777;44,283953155446845
526;473,4666666666666;44,5;42,97432530453497;2,3276832763823068;44,312521454015176
527;474,35;45,11;43,0081431107404;4,417802382928046;44,341089752583514
528;475,23333333333335;45,1;43,041960916945825;4,235524867378473;44,369658051151845
529;476,1166666666667;44,74;43,07577872315125;2,7696324583160825;44,398226349720176
530;477,0;45,21;43,10959652935668;4,411694739490511;44,42679464828851
531;477,8833333333333;45,1;43,143414335562106;3,8282274622838806;44,45536294685684
532;478,76666666666665;44,78;43,17723214176753;2,5688648073830933;44,48393124542517
533;479,65;45,24;43,21104994797297;4,116638313620508;44,5124995439935
534;480,53333333333336;45,35;43,24486775417839;4,431581772397956;44,54106784256183
535;481,4166666666667;45,35;43,27868556038382;4,290343507762493;44,56963614113016
536;482,3;45,73;43,31250336658924;5,8442899725523425;44,5982044396985
537;483,1833333333333;45,93;43,346321172794674;6,675396282149086;44,62677273826682
538;484,06666666666666;45,59;43,380138979000094;4,883485732134762;44,65534103683516
539;484,95;45,71;43,41395678520553;5,271814444203738;44,68390933540349
540;485,8333333333333;45,75;43,44777459141095;5,300241831953029;44,71247763397182
541;486,7166666666666;45,77;43,48159239761638;5,236809354647155;44,74104593254015
542;487,6;45,63;43,51541020382181;4,471490006100937;44,76961423110849
543;488,48333333333335;46,01;43,549228010027235;6,055398786634511;44,79818252967682
544;489,3666666666667;45,91;43,58304581623266;5,4147157733523015;44,82675082824515
545;490,25;45,75;43,61686362243809;4,550270805277951;44,855319126813484
546;491,1333333333333;45,98;43,650681428643516;5,425725006866197;44,883887425381815
547;492,01666666666665;45,99;43,68449923484894;5,3153337781121195;44,912455723950146
548;492,9;45,52;43,71831704105437;3,2460614845550935;44,94102402251848
549;493,78333333333336;45,75;43,752134847259796;3,991465168533637;44,96959232108681
550;494,6666666666667;45,82;43,78595265346523;4,137348607945138;44,99816061965514
551;495,55;45,49;43,81977045967065;2,789666717388798;45,02672891822347
552;496,4333333333333;45,73;43,853588265876084;3,5209209959579097;45,0552972167918
553;497,31666666666666;45,91;43,887406072081504;4,0908861972527575;45,08386551536013
554;498,2;45,69;43,92122387828694;3,1285689687422935;45,11243381392846
555;499,0833333333333;45,93;43,95504168449236;3,9004603479927837;45,1410021124968
556;499,9666666666666;46,21;43,98885949069779;4,933465162063278;45,16957041106512
557;500,85;45,95;44,02267729690322;3,7145728018722965;45,19813870963347
558;501,73333333333335;46,06;44,056495103108645;4,0140318718676475;45,2267070082018
559;502,6166666666667;46,39;44,09031290931407;5,2885607150675105;45,25527530677013
560;503,5;46,13;44,1241307155195;4,023511586422328;45,28384360533846
561;504,3833333333333;45,82;44,157948521724926;2,762415116436361;45,31241190390679
562;505,26666666666665;45,81;44,19176632793035;2,6186802174200228;45,34098020247512
563;506,15;45,84;44,22558413413578;2,606338587954132;45,369548501043454
564;507,03333333333336;45,41;44,259401940341206;1,3238758948905733;45,398116799611785
565;507,9166666666667;45,29;44,29321974654664;0,9935708736745426;45,426685098180116
566;508,8;45,36;44,32703755275206;1,0670114174244523;45,45525339674845
567;509,6833333333333;45,32;44,360855358957494;0,9199584424405585;45,48382169531678
568;510,56666666666666;45,14;44,394673165162914;0,5555120907282702;45,51238999388511
569;511,45;45,31;44,42849097136835;0,7770581675591234;45,54095829245344
570;512,3333333333334;45,32;44,462308777573774;0,7356342330269936;45,56952659102178
571;513,2166666666667;45,36;44,4961265837792;0,7462772792529924;45,59809488959011
572;514,1;45,53;44,52994438998463;1,0001112231232199;45,62666318815844
573;514,9833333333333;45,53;44,563762196190055;0,933615493511468;45,65523148672677
574;515,8666666666667;45,31;44,59758000239548;0,507542252986825;45,6837997852951
575;516,75;45,35;44,63139780860091;0,5163891094835783;45,71236808386344
576;517,6333333333333;45,33;44,665215614806336;0,44193827879731623;45,74093638243177
577;518,5166666666667;45,21;44,69903342101176;0,26108684484294375;45,7695046810001
578;519,4;45,01;44,73285122721719;0,07681144225501699;45,79807297956843
579;520,2833333333333;44,74;44,766669033422616;0,000711237343696506;45,82664127813676
580;521,1666666666666;44,64;44,80048683962804;0,02575602569379698;45,85520957670509
581;522,05;44,14;44,83430464583347;0,48205894122593906;45,883777875273424
582;522,9333333333333;43,2;44,868122452038904;2,782632514996275;45,912346173841755
583;523,8166666666667;41,54;44,90194025824433;11,302642300003962;45,940914472410086
584;524,7;39,37;44,93575806444976;30,977662831987537;45,969482770978416
585;525,5833333333334;35,7;44,969575870655184;85,92503682183276;45,99805106954675
586;526,4666666666667;30,99;45,00339367686061;196,375202342677;46,026619368115085
587;527,35;26,4;45,03721148306604;347,34565186452863;46,055187666683416
588;528,2333333333333;25,43;45,071029289271465;385,7700315420196;46,08375596525175
589;529,1166666666667;26,52;45,10484709547689;345,3965415622559;46,11232426382008
590;530,0;29,85;45,13866490168232;233,74327447593276;46,14089256238841
591;530,8833333333333;34,69;45,172482707887745;109,88244372116564;46,16946086095674
592;531,7666666666667;40,13;45,20630051409317;25,76882690938258;46,19802915952508
593;532,65;42,66;45,2401183202986;6,657010546740482;46,22659745809341
594;533,5333333333333;44,16;45,273936126504026;1,2408536939308008;46,25516575666174
595;534,4166666666666;44,16;45,30775393270945;1,3173390900500228;46,28373405523007
596;535,3;44,21;45,34157173891488;1,2804546003108424;46,3123023537984
597;536,1833333333333;44,06;45,37538954512031;1,7302496554118194;46,34087065236673
598;537,0666666666667;44,36;45,40920735132574;1,1008360660759768;46,36943895093506
599;537,95;44,17;45,44302515753117;1,6205930517072489;46,398007249503394
600;538,8333333333334;44,3;45,476842963736594;1,3849593612963371;46,426575548071725
601;539,7166666666667;44,61;45,51066076994202;0,811189822512555;46,455143846640055
602;540,6;44,93;45,54447857614745;0,3775839205441951;46,483712145208386
603;541,4833333333333;45,02;45,578296382352875;0,3116948505483037;46,512280443776724
604;542,3666666666667;45,28;45,6121141885583;0,11029983424173827;46,540848742345055
605;543,25;45,98;45,64593199476373;0,11160143212253956;46,569417040913386
606;544,1333333333333;45,98;45,679749800969155;0,09015018201806006;46,59798533948172
607;545,0166666666667;46,12;45,71356760717458;0,1651872899377928;46,62655363805005
608;545,9;46,56;45,74738541338001;0,6603424663875828;46,65512193661838
609;546,7833333333333;46,52;45,781203219585436;0,5458206827509305;46,68369023518672
610;547,6666666666666;46,65;45,81502102579086;0,697189887371341;46,71225853375505
611;548,55;47,03;45,84883883199629;1,3951417047998926;46,74082683232338
612;549,4333333333333;47,2;45,882656638201716;1,7353935328740113;46,76939513089171
613;550,3166666666667;47,07;45,91647444440715;1,3306212074057935;46,79796342946004
614;551,2;47,18;45,95029225061258;1,5121811489034802;46,82653172802837
615;552,0833333333334;47,32;45,984110056818004;1,7846019402947975;46,8551000265967
616;552,9666666666667;47,14;46,01792786302343;1,259045880579166;46,88366832516503
617;553,85;46,99;46,05174566922886;0,880321189210808;46,912236623733364
618;554,7333333333333;47,19;46,085563475434284;1,2197800367947913;46,940804922301695
619;555,6166666666667;47,27;46,11938128163971;1,3239234350410807;46,969373220870025
620;556,5;47,12;46,15319908784514;0,934704003743468;46,99794151943836
621;557,3833333333333;47,48;46,187016894050565;1,6718053122706398;47,026509818006694
622;558,2666666666667;47,7;46,22083470025599;2,18792998396679;47,055078116575025
623;559,15;47,66;46,25465250646142;1,9750015775951633;47,083646415143356
624;560,0333333333333;47,93;46,288470312666846;2,694619714396083;47,11221471371169
625;560,9166666666666;48,05;46,32228811887227;2,9849883441899014;47,14078301228002
626;561,8;48,0;46,3561059250777;2,7023877295646472;47,169351310848356
627;562,6833333333333;48,14;46,389923731283126;3,062766946325978;47,19791960941669
628;563,5666666666667;48,29;46,42374153748856;3,4829206488955604;47,22648790798502
629;564,45;48,18;46,45755934369399;2,9668018144958883;47,25505620655335
630;565,3333333333334;48,35;46,491377149899414;3,4544788989160318;47,28362450512168
631;566,2166666666667;48,44;46,52519495610484;3,6664783561263348;47,31219280369001
632;567,1;48,44;46,55901276231027;3,538112988351642;47,34076110225834
633;567,9833333333333;48,46;46,592830568515694;3,4863216858694286;47,36932940082667
634;568,8666666666667;48,72;46,62664837472112;4,382121027057719;47,397897699395
635;569,75;48,56;46,66046618092655;3,6082287298037827;47,426465997963334
636;570,6333333333333;48,65;46,694283987131975;3,8248251229884;47,455034296531664
637;571,5166666666667;48,69;46,7281017933374;3,8490445733059104;47,4836025951
638;572,4;48,67;46,76191959954283;3,6407708146088065;47,51217089366833
639;573,2833333333333;48,54;46,795737405748255;3,0424519977058235;47,540739192236664
640;574,1666666666666;48,61;46,82955521195368;3,1699836432812956;47,569307490804995
641;575,05;48,7;46,86337301815911;3,3731986704259906;47,597875789373326
642;575,9333333333333;48,61;46,897190824364536;2,9337152721410362;47,62644408794166
643;576,8166666666667;48,66;46,93100863056997;2,989411155563519;47,655012386509995
644;577,7;48,95;46,9648264367754;3,940914076125879;47,683580685078326
645;578,5833333333334;48,74;46,99864424298082;3,032319872503836;47,71214898364666
646;579,4666666666667;48,67;47,03246204918625;2,6815305403552996;47,74071728221499
647;580,35;48,99;47,06627985539168;3,700699194771874;47,76928558078332
648;581,2333333333333;48,84;47,100097661597104;3,0272601471798772;47,79785387935165
649;582,1166666666667;48,61;47,13391546780253;2,1788255461926194;47,82642217791998
650;583,0;48,85;47,16773327400796;2,8300213373799896;47,85499047648831
651;583,8833333333333;49,01;47,201551080213385;3,2704874954773686;47,88355877505664
652;584,7666666666667;48,97;47,23536888641881;3,0089451002039103;47,91212707362497
653;585,65;49,23;47,26918669262424;3,844788826381861;47,940695372193304
654;586,5333333333333;49,4;47,303004498829665;4,397390131928618;47,96926367076164
655;587,4166666666666;49,56;47,33682230503509;4,942519063389492;47,99783196932997
656;588,3;49,49;47,37064011124052;4,491686338082609;48,0264002678983
657;589,1833333333333;49,32;47,404457917445946;3,669301470035524;48,054968566466634
658;590,0666666666667;49,38;47,43827572365138;3,770293165361583;48,08353686503497
659;590,95;49,26;47,47209352985681;3,1966095459798867;48,1121051636033
660;591,8333333333334;49,13;47,50591133606223;2,6376639883311683;48,140673462171634
661;592,7166666666667;49,24;47,53972914226766;2,890920989653873;48,169241760739965
662;593,6;49,31;47,57354694847309;3,0152692001571357;48,197810059308296
663;594,4833333333333;49,26;47,607364754678514;2,731203254078802;48,22637835787663
664;595,3666666666667;49,27;47,64118256088394;2,6530462499686074;48,25494665644496
665;596,25;48,87;47,67500036708937;1,42802412265654;48,28351495501329
666;597,1333333333333;47,45;47,708818173294794;0,06698684682765278;48,31208325358162
667;598,0166666666667;44,75;47,74263597950022;8,95587010579925;48,34065155214995
668;598,9;40,52;47,77645378570565;52,656121544081785;48,36921985071828
669;599,7833333333333;35,25;47,810271591911075;157,76042246256836;48,39778814928661
670;600,6666666666666;29,73;47,8440893981165;328,12023472295664;48,42635644785494
671;601,55;24,14;47,87790720432193;563,4882384409989;48,45492474642327
