;L, μμ;hn50, naco3+tib2, 53, 1000.csv;Result;fail;Predict
0;3,533333333333333;13,0;17,506147638615904;20,305366541003686;20,67835239747644
1;4,416666666666667;13,11;17,5435695181077;19,65653867189374;20,704444434047442
2;5,3;13,49;17,58099139759949;16,73621061523303;20,730536470618446
3;6,183333333333334;13,44;17,618413277091285;17,45913751417274;20,756628507189447
4;7,066666666666666;13,57;17,65583515658308;16,694048926770282;20,782720543760448
5;7,95;13,6;17,693257036074872;16,75475316337645;20,80881258033145
6;8,833333333333334;13,61;17,730678915566667;16,979994725195688;20,834904616902453
7;9,716666666666669;13,47;17,768100795058462;18,473670444482178;20,860996653473453
8;10,6;13,72;17,805522674550257;16,691495524264283;20,887088690044454
9;11,483333333333333;13,88;17,84294455404205;15,704929538411527;20,913180726615458
10;12,366666666666667;14,0;17,880366433533844;15,057243658496164;20,93927276318646
11;13,25;14,2;17,91778831302564;13,821949940470033;20,96536479975746
12;14,133333333333333;14,15;17,95521019251743;14,479624609238538;20,99145683632846
13;15,016666666666667;14,17;17,992632072009226;14,612515957953546;21,017548872899464
14;15,9;14,33;18,03005395150102;13,690399244018318;21,043640909470465
15;16,783333333333335;14,38;18,067475830992816;13,597478004156152;21,069732946041466
16;17,666666666666668;14,36;18,104897710484607;14,024258861992859;21,09582498261247
17;18,55;14,43;18,142319589976402;13,781316738122568;21,12191701918347
18;19,433333333333334;14,47;18,179741469468198;13,762181770292058;21,14800905575447
19;20,316666666666663;14,5;18,21716334895999;13,817303362851442;21,174101092325472
20;21,2;14,62;18,254585228451784;13,210209782879915;21,200193128896476
21;22,08333333333333;14,72;18,29200710794358;12,75923477919945;21,226285165467477
22;22,966666666666665;14,82;18,32942898743537;12,31609181785165;21,252377202038478
23;23,85;14,88;18,366850866927166;12,158128968190724;21,27846923860948
24;24,73333333333333;14,83;18,40427274641896;12,775425665793342;21,304561275180482
25;25,616666666666667;15,06;18,441694625910756;11,435858542913685;21,330653311751483
26;26,5;15,35;18,479116505402548;9,791370104382654;21,356745348322484
27;27,383333333333333;15,61;18,516538384894343;8,447965382864218;21,382837384893485
28;28,266666666666666;15,77;18,553960264386138;7,7504347536809375;21,40892942146449
29;29,15;16,12;18,59138214387793;6,107729701078665;21,43502145803549
30;30,03333333333333;16,36;18,628804023369725;5,147471696458652;21,46111349460649
31;30,916666666666668;16,37;18,66622590286152;5,2726533969721965;21,487205531177494
32;31,8;16,57;18,703647782353315;4,552452859141217;21,513297567748495
33;32,68333333333333;16,78;18,741069661845106;3,845794218609275;21,539389604319496
34;33,56666666666667;16,86;18,7784915413369;3,6806097941812417;21,565481640890496
35;34,45;16,86;18,815913420828696;3,8255973097778155;21,5915736774615
36;35,333333333333336;17,14;18,853335300320488;2,935517851324295;21,6176657140325
37;36,21666666666667;17,11;18,890757179812283;3,171096133452998;21,643757750603502
38;37,1;17,43;18,928179059304078;2,2445404937372535;21,669849787174506
39;37,98333333333333;17,92;18,965600938795873;1,093281323210808;21,695941823745507
40;38,86666666666667;18,31;19,003022818287665;0,4802806266673795;21,722033860316508
41;39,75;18,67;19,04044469777946;0,13722927411291413;21,748125896887508
42;40,63333333333333;19,26;19,077866577271255;0,03317258367488829;21,774217933458512
43;41,516666666666666;19,72;19,115288456763047;0,3656760505240164;21,800309970029513
44;42,4;20,11;19,15271033625484;0,9164035003133173;21,826402006600514
45;43,28333333333333;20,56;19,190132215746637;1,8765377463352155;21,852494043171514
46;44,16666666666666;21,1;19,22755409523843;3,5060536662583863;21,87858607974252
47;45,05;21,45;19,264975974730223;4,774329991006134;21,90467811631352
48;45,93333333333333;21,72;19,30239785422202;5,844800135270295;21,93077015288452
49;46,81666666666667;21,94;19,339819733713814;6,76093741718411;21,956862189455524
50;47,7;22,12;19,377241613205605;7,5227235683309965;21,982954226026525
51;48,583333333333336;22,09;19,4146634926974;7,157425427306073;22,009046262597526
52;49,46666666666667;22,22;19,452085372189195;7,661351386849019;22,035138299168526
53;50,35;22,29;19,48950725168099;7,842759633387355;22,06123033573953
54;51,23333333333333;22,5;19,526929131172782;8,83915039106903;22,08732237231053
55;52,11666666666667;22,56;19,564351010664577;8,973912867306334;22,113414408881532
56;53,0;22,77;19,601772890156372;10,037663019548104;22,139506445452533
57;53,88333333333333;22,98;19,639194769648164;11,160979587146189;22,165598482023537
58;54,766666666666666;23,01;19,67661664913996;11,111444563790927;22,191690518594537
59;55,65;23,24;19,714038528631754;12,432404297573315;22,217782555165538
60;56,53333333333333;23,34;19,75146040812355;12,877616402464804;22,243874591736542
61;57,41666666666666;23,4;19,78888228761534;13,040171132698205;22,269966628307543
62;58,3;23,43;19,826304167107136;12,986623656009394;22,296058664878544
63;59,18333333333333;23,44;19,863726046598927;12,789735389774949;22,322150701449544
64;60,06666666666667;23,3;19,901147926090722;11,552195420317403;22,34824273802055
65;60,95;23,23;19,938569805582517;10,83351272472311;22,37433477459155
66;61,833333333333336;23,17;19,975991685074312;10,20168911581444;22,40042681116255
67;62,71666666666667;23,2;20,013413564566108;10,154333110491276;22,426518847733554
68;63,6;23,22;20,0508354440579;10,043603982639686;22,452610884304555
69;64,48333333333333;23,09;20,088257323549694;9,010459095623045;22,478702920875556
70;65,36666666666666;23,16;20,125679203041486;9,207102698854953;22,504794957446556
71;66,25;23,25;20,16310108253328;9,528944926657203;22,53088699401756
72;67,13333333333334;23,25;20,200522962025076;9,299310205136317;22,55697903058856
73;68,01666666666667;23,37;20,23794484151687;9,809769515780784;22,583071067159562
74;68,9;23,26;20,275366721008666;8,908035810062572;22,609163103730562
75;69,78333333333333;22,67;20,312788600500458;5,556445581930599;22,635255140301567
76;70,66666666666667;21,48;20,350210479992253;1,276424359519337;22,661347176872567
77;71,55;19,77;20,387632359484044;0,3814697314818282;22,687439213443568
78;72,43333333333334;18,32;20,42505423897584;4,431253349030149;22,71353125001457
79;73,31666666666666;17,88;20,462476118467634;6,669182902455665;22,739623286585573
80;74,2;18,58;20,49989799795943;3,6860083225686324;22,765715323156574
81;75,08333333333333;20,1;20,53731987745122;0,1912486752139498;22,791807359727574
82;75,96666666666667;22,24;20,574741756943016;2,7730850160692273;22,81789939629858
83;76,85;24,15;20,61216363643481;12,516286135364147;22,84399143286958
84;77,73333333333333;25,04;20,649585515926603;19,275739341961465;22,87008346944058
85;78,61666666666666;25,34;20,687007395418398;21,650340178291078;22,89617550601158
86;79,5;25,19;20,724429274910193;19,941321900779116;22,922267542582585
87;80,38333333333334;25,0;20,761851154401988;17,96190563744376;22,948359579153585
88;81,26666666666667;24,79;20,79927303389378;15,925901718007351;22,974451615724586
89;82,15;24,8;20,836694913385575;15,707787209583783;23,00054365229559
90;83,03333333333333;24,8;20,87411679287737;15,412558955967473;23,02663568886659
91;83,91666666666667;24,82;20,91153867236916;15,27606994958582;23,05272772543759
92;84,8;24,81;20,948960551860957;14,90762562008584;23,078819762008592
93;85,68333333333334;24,74;20,98638243135275;14,089644851657269;23,104911798579597
94;86,56666666666666;24,67;21,023804310844547;13,294743003615823;23,131003835150597
95;87,45;24,53;21,06122619033634;12,032391742608562;23,157095871721598
96;88,33333333333333;24,69;21,098648069828133;12,897808686349201;23,1831879082926
97;89,21666666666667;24,77;21,13606994931993;13,205447613235664;23,209279944863603
98;90,1;24,77;21,17349182881172;12,934871025424064;23,235371981434604
99;90,98333333333332;24,85;21,210913708303515;13,242949038413284;23,261464018005604
100;91,86666666666666;24,9;21,24833558779531;13,334652979362213;23,287556054576605
101;92,75;24,84;21,285757467287105;12,632639981345372;23,31364809114761
102;93,63333333333334;24,8;21,323179346778897;12,088281854664823;23,33974012771861
103;94,51666666666668;25,0;21,360601226270692;13,24522343422239;23,36583216428961
104;95,4;24,97;21,398023105762487;12,759018932966661;23,391924200860615
105;96,28333333333332;25,04;21,43544498525428;12,992816854328522;23,418016237431615
106;97,16666666666669;25,09;21,472866864746074;13,083652118151898;23,444108274002616
107;98,05;25,18;21,51028874423787;13,466780700667277;23,470200310573617
108;98,93333333333334;25,04;21,547710623729664;12,196085087610648;23,49629234714462
109;99,81666666666666;25,1;21,585132503221455;12,354293519910282;23,52238438371562
110;100,7;25,02;21,62255438271325;11,542636722420939;23,548476420286622
111;101,58333333333331;24,88;21,659976262205042;10,368552871963006;23,574568456857623
112;102,46666666666668;24,81;21,697398141696837;9,688290328312295;23,600660493428627
113;103,35;24,91;21,734820021188632;10,081767897844559;23,626752529999628
114;104,23333333333332;24,93;21,772241900680427;9,97143621381836;23,65284456657063
115;105,11666666666666;25,04;21,809663780172222;10,435072093131211;23,67893660314163
116;106,0;25,16;21,847085659664014;10,975401426403822;23,705028639712634
117;106,88333333333334;25,07;21,88450753915581;10,147362218095182;23,731120676283634
118;107,76666666666668;25,23;21,921929418647604;10,943330971209182;23,75721271285464
119;108,65;25,18;21,959351298139396;10,372578060796394;23,78330474942564
120;109,53333333333332;25,24;21,99677317763119;10,518520221332473;23,80939678599664
121;110,41666666666669;25,24;22,034195057122986;10,277185331774685;23,83548882256764
122;111,3;25,41;22,07161693661478;11,14480147789728;23,86158085913864
123;112,18333333333334;25,32;22,109038816106573;10,310271724470283;23,887672895709645
124;113,06666666666666;25,34;22,146460695598368;10,198693288758061;23,913764932280646
125;113,95;25,35;22,183882575090163;10,024299548317709;23,939856968851647
126;114,83333333333331;25,43;22,221304454581954;10,295727103185609;23,96594900542265
127;115,71666666666668;25,23;22,25872633407375;8,828467197826823;23,99204104199365
128;116,6;25,14;22,296148213565544;8,087492983206447;24,018133078564652
129;117,48333333333332;25,03;22,333570093057336;7,27073424305483;24,044225115135653
130;118,36666666666666;24,92;22,37099197254913;6,497441924008978;24,070317151706657
131;119,25;24,69;22,408413852040926;5,2056353505587305;24,096409188277658
132;120,13333333333334;24,67;22,44583573153272;4,946906693126593;24,12250122484866
133;121,01666666666668;24,54;22,483257611024513;4,23018925460859;24,148593261419663
134;121,9;24,63;22,520679490516308;4,449233011728539;24,174685297990663
135;122,78333333333332;24,7;22,558101370008103;4,587729741161162;24,200777334561664
136;123,66666666666669;24,79;22,595523249499898;4,815728208485483;24,226869371132665
137;124,55;24,77;22,63294512899169;4,567003521700344;24,25296140770367
138;125,43333333333334;24,84;22,670367008483485;4,707307317876903;24,27905344427467
139;126,31666666666666;24,83;22,707788887975276;4,503780004001207;24,30514548084567
140;127,2;24,7;22,74521076746707;3,8212009436266734;24,331237517416675
141;128,08333333333334;24,63;22,782632646958866;3,4127661370822002;24,357329553987675
142;128,96666666666667;24,6;22,82005452645066;3,168205888808784;24,383421590558676
143;129,85;24,51;22,857476405942453;2,730834228916877;24,409513627129677
144;130,73333333333332;24,53;22,894898285434248;2,673557616975865;24,435605663700677
145;131,61666666666667;24,53;22,932320164926043;2,552580855401949;24,46169770027168
146;132,5;24,44;22,969742044417835;2,1616584559526517;24,487789736842682
147;133,38333333333333;24,46;23,00716392390963;2,110732663989666;24,513881773413683
148;134,26666666666668;24,6;23,044585803401425;2,4193133229803947;24,539973809984687
149;135,15;24,36;23,08200768289322;1,6332643625839547;24,566065846555688
150;136,03333333333333;24,32;23,119429562385015;1,4413693756750368;24,59215788312669
151;136,91666666666666;24,24;23,156851441876807;1,1732107989643492;24,61824991969769
152;137,8;24,29;23,194273321368602;1,2006169542645935;24,644341956268693
153;138,68333333333334;24,07;23,231695200860393;0,7027549362604966;24,670433992839694
154;139,56666666666666;24,04;23,26911708035219;0,5942604758047328;24,696526029410695
155;140,45;23,96;23,306538959843984;0,427011331001784;24,7226180659817
156;141,33333333333334;23,83;23,34396083933578;0,23623406569917907;24,7487101025527
157;142,21666666666667;23,52;23,381382718827574;0,019214750639635347;24,7748021391237
158;143,1;22,83;23,418804598319365;0,3466908550020312;24,8008941756947
159;143,98333333333332;21,56;23,45622647781116;3,595674855152124;24,8269862122657
160;144,86666666666667;19,73;23,493648357302952;14,165048957429205;24,853078248836706
161;145,75;18,97;23,531070236794747;20,8033617049749;24,879170285407707
162;146,63333333333333;19,18;23,568492116286542;19,258863054709135;24,90526232197871
163;147,51666666666668;20,28;23,605913995778337;11,061703907314218;24,93135435854971
164;148,4;22,12;23,643335875270132;2,320552188885017;24,957446395120712
165;149,28333333333333;24,26;23,680757754761924;0,3355215786684493;24,983538431691713
166;150,16666666666666;25,43;23,71817963425372;2,9303289645837305;25,009630468262714
167;151,05;25,78;23,75560151374551;4,0981892311494725;25,035722504833718
168;151,93333333333334;25,67;23,793023393237306;3,5230411823344046;25,06181454140472
169;152,81666666666666;25,44;23,8304452727291;2,590666420080103;25,08790657797572
170;153,7;25,32;23,867867152220896;2,1086898075990517;25,113998614546723
171;154,58333333333334;25,18;23,90528903171269;1,6248880526719685;25,140090651117724
172;155,46666666666667;25,16;23,942710911204482;1,4817927257006218;25,166182687688725
173;156,35;25,21;23,980132790696278;1,5125733525205283;25,192274724259725
174;157,23333333333332;25,07;24,01755467018807;1,1076411722429447;25,21836676083073
175;158,11666666666667;25,24;24,054976549679864;1,4042805778086356;25,24445879740173
176;159,0;25,31;24,09239842917166;1,4825535852836396;25,27055083397273
177;159,88333333333333;25,26;24,129820308663454;1,277306134709573;25,296642870543735
178;160,76666666666668;25,26;24,16724218815525;1,1941196353477306;25,322734907114736
179;161,65;25,29;24,20466406764704;1,1779540860564648;25,348826943685737
180;162,53333333333333;25,37;24,242085947138836;1,2721901106416986;25,374918980256737
181;163,41666666666666;25,55;24,279507826630628;1,614150362592833;25,401011016827738
182;164,3;25,5;24,316929706122423;1,399655320255577;25,427103053398742
183;165,18333333333334;25,52;24,354351585614218;1,358736225960087;25,453195089969743
184;166,06666666666666;25,63;24,391773465106013;1,5332049517155677;25,479287126540747
185;166,95;25,48;24,429195344597805;1,1041904238149278;25,505379163111748
186;167,83333333333334;25,47;24,4666172240896;1,0067769949936585;25,53147119968275
187;168,71666666666667;25,38;24,504039103581395;0,7673074920544848;25,55756323625375
188;169,6;25,36;24,541460983073186;0,6700061222315138;25,58365527282475
189;170,48333333333332;25,53;24,57888286256498;0,9046238091225863;25,609747309395754
190;171,36666666666667;25,47;24,616304742056776;0,7287955934347451;25,635839345966755
191;172,25;25,45;24,65372662154857;0,6340512932304507;25,66193138253776
192;173,13333333333333;25,56;24,691148501040363;0,7549029272444058;25,68802341910876
193;174,01666666666668;25,57;24,728570380532158;0,7080038045177975;25,71411545567976
194;174,9;25,51;24,765992260023953;0,5535475171442671;25,74020749225076
195;175,78333333333333;25,65;24,803414139515745;0,7167076191718644;25,76629952882176
196;176,66666666666666;25,63;24,84083601900754;0,6227797888958664;25,792391565392766
197;177,55;25,62;24,878257898499335;0,5501813451386243;25,818483601963766
198;178,43333333333334;25,81;24,91567977799113;0,799808659493992;25,84457563853477
199;179,31666666666666;25,74;24,95310165748292;0,6192090014561227;25,87066767510577
200;180,2;25,76;24,990523536974717;0,5920940271499026;25,896759711676772
201;181,0833333333333;25,75;25,02794541646651;0,5213628216017242;25,922851748247773
202;181,96666666666667;25,99;25,065367295958303;0,8549456373834569;25,948943784818773
203;182,85;25,89;25,1027891754501;0,6197008822885367;25,975035821389778
204;183,7333333333333;25,98;25,14021105494189;0,705245472241814;26,00112785796078
205;184,61666666666667;25,96;25,17763293443369;0,6120982252828422;26,02721989453178
206;185,5;26,02;25,21505481392548;0,6479367525845426;26,053311931102783
207;186,38333333333333;25,8;25,252476693417275;0,29978177125128114;26,079403967673784
208;187,26666666666668;25,85;25,28989857290907;0,31371360862929754;26,105496004244785
209;188,15;25,97;25,327320452400862;0,4130370009022313;26,131588040815785
210;189,03333333333333;26,0;25,364742331892657;0,4035523048891791;26,157680077386786
211;189,91666666666663;26,08;25,402164211384452;0,4594613563280594;26,183772113957787
212;190,8;26,07;25,439586090876247;0,3974216968166916;26,20986415052879
213;191,6833333333333;26,09;25,47700797036804;0,3757592283923111;26,23595618709979
214;192,56666666666663;25,85;25,51442984985983;0,11260732566509699;26,262048223670796
215;193,45;25,94;25,551851729351625;0,15065908000732484;26,288140260241796
216;194,3333333333333;25,89;25,58927360884342;0,09043636233806039;26,314232296812797
217;195,21666666666667;26,12;25,626695488335216;0,2433493412288324;26,340324333383798
218;196,1;26,13;25,66411736782701;0,21704662696043192;26,366416369954802
219;196,9833333333333;26,24;25,701539247318802;0,2899399821780003;26,392508406525803
220;197,86666666666667;26,3;25,738961126810597;0,31476461722963545;26,418600443096807
221;198,75;26,26;25,776383006302392;0,2338853965931133;26,444692479667808
222;199,63333333333333;26,38;25,813804885794184;0,3205769073505359;26,47078451623881
223;200,51666666666668;26,35;25,85122676528598;0,24877473966708924;26,49687655280981
224;201,4;26,38;25,888648644777774;0,24142615427871697;26,52296858938081
225;202,28333333333333;26,38;25,92607052426957;0,2060519689369028;26,549060625951814
226;203,16666666666663;26,56;25,96349240376136;0,3558213123703979;26,575152662522814
227;204,05;26,47;26,000914283253156;0,22004140965589938;26,60124469909382
228;204,9333333333333;26,46;26,038336162744947;0,17780039164865616;26,627336735664816
229;205,81666666666663;26,54;26,075758042236743;0,21552059534786133;26,65342877223582
230;206,7;26,5;26,113179921728538;0,14962977295394028;26,67952080880682
231;207,5833333333333;26,35;26,150601801220333;0,039759641676576266;26,70561284537782
232;208,46666666666667;26,16;26,188023680712128;0,0007853266806552773;26,731704881948826
233;209,35;26,06;26,225445560203923;0,02737223339119031;26,757796918519826
234;210,2333333333333;25,83;26,26286743969571;0,1873742203487214;26,783888955090827
235;211,11666666666667;25,68;26,30028931918751;0,38475883949810447;26,80998099166183
236;212,0;25,57;26,3377111986793;0,5893804845776089;26,836073028232832
237;212,88333333333333;25,43;26,375133078171096;0,893276535453172;26,862165064803833
238;213,76666666666668;25,51;26,41255495766289;0,8146054516018607;26,888257101374833
239;214,65;25,38;26,449976837154686;1,1448504320475483;26,914349137945837
240;215,53333333333333;24,8;26,48739871664648;2,8473144289401904;26,940441174516838
241;216,41666666666663;23,67;26,52482059613827;8,150000636135255;26,96653321108784
242;217,3;21,95;26,562242475630068;21,272780654006187;26,992625247658843
243;218,1833333333333;19,53;26,59966435512186;49,98015409408056;27,018717284229844
244;219,06666666666663;18,76;26,637086234613655;62,0484875475399;27,044809320800844
245;219,95;19,43;26,67450811410545;52,482897815339705;27,070901357371845
246;220,8333333333333;21,17;26,71192999359724;30,7129880539327;27,096993393942846
247;221,71666666666667;23,56;26,74935187308904;10,171965370376576;27,12308543051385
248;222,6;26,48;26,78677375258083;0,09411013527252501;27,14917746708485
249;223,4833333333333;27,8;26,824195632072623;0,9521941644661489;27,17526950365585
250;224,36666666666667;28,12;26,86161751156442;1,5835264872013295;27,201361540226856
251;225,25;27,83;26,899039391056213;0,8666876554049829;27,227453576797856
252;226,13333333333333;27,47;26,93646127054801;0,28466357582524426;27,253545613368857
253;227,01666666666668;27,37;26,973883150039804;0,1569085588223896;27,279637649939858
254;227,9;27,08;27,0113050295316;0,004718998967654303;27,305729686510862
255;228,78333333333333;27,12;27,04872690902339;0,005079853497360245;27,331821723081863
256;229,66666666666663;27,27;27,08614878851518;0,03380126796443522;27,357913759652863
257;230,55;27,41;27,123570668006977;0,08204176222596958;27,384005796223867
258;231,4333333333333;27,35;27,160992547498772;0,035723817101004536;27,410097832794868
259;232,31666666666663;27,66;27,198414426990567;0,21306124121044673;27,43618986936587
260;233,2;27,62;27,235836306482362;0,14758174341711439;27,46228190593687
261;234,0833333333333;27,55;27,27325818597415;0,07658603163031849;27,48837394250787
262;234,96666666666667;27,58;27,31068006546595;0,07253322713742474;27,514465979078874
263;235,85;27,58;27,34810194495774;0,05377670793238213;27,540558015649875
264;236,7333333333333;27,63;27,385523824449535;0,059768600411781114;27,566650052220876
265;237,61666666666667;27,56;27,42294570394133;0,01878388006813709;27,59274208879188
266;238,5;27,59;27,460367583433126;0,016804563424967625;27,61883412536288
267;239,38333333333333;27,66;27,49778946292492;0,026312258338185738;27,64492616193388
268;240,26666666666668;27,68;27,535211342416716;0,02096375536476945;27,671018198504886
269;241,15;27,75;27,572633221908507;0,03145897397055682;27,697110235075886
270;242,03333333333333;27,65;27,6100551014003;0,0015955949241402943;27,723202271646887
271;242,91666666666663;27,83;27,647476980892094;0,03331465250426442;27,749294308217888
272;243,8;27,88;27,68489886038389;0,03806445467950484;27,775386344788892
273;244,6833333333333;27,92;27,722320739875684;0,03907708988329761;27,801478381359892
274;245,56666666666663;27,82;27,759742619367476;0,0036309519206929528;27,827570417930893
275;246,45;27,97;27,79716449885927;0,029872110454566624;27,853662454501894
276;247,3333333333333;27,95;27,834586378351062;0,013320304062123976;27,879754491072894
277;248,21666666666667;27,91;27,872008257842857;0,0014433724721348168;27,9058465276439
278;249,1;27,92;27,909430137334652;0,00011172199676434302;27,9319385642149
279;249,9833333333333;27,86;27,946852016826448;0,007543272826821635;27,9580306007859
280;250,86666666666667;28,04;27,984273896318243;0,0031053986315498702;27,984122637356904
281;251,75;27,99;28,021695775810038;0,0010046222042002755;28,010214673927905
282;252,63333333333333;28,01;28,05911765530183;0,002412544062349169;28,036306710498906
283;253,51666666666668;27,95;28,096539534793624;0,021473835257532072;28,06239874706991
284;254,4;28,11;28,133961414285416;0,0005741493745573638;28,08849078364091
285;255,28333333333333;28,1;28,17138329377721;0,0050955746304834175;28,11458282021191
286;256,1666666666667;28,13;28,208805173269006;0,00621025533395824;28,140674856782915
287;257,05;28,1;28,2462270527608;0,021382350959109737;28,166766893353916
288;257,93333333333334;28,13;28,283648932252596;0,02360799438236325;28,192858929924917
289;258,81666666666666;28,11;28,321070811744388;0,04455088757043508;28,218950966495917
290;259,7;27,98;28,35849269123618;0,14325671731920553;28,245043003066918
291;260,5833333333333;27,93;28,395914570727975;0,21707638721663305;28,271135039637922
292;261,46666666666664;27,96;28,43333645021977;0,22404739510665164;28,297227076208923
293;262,35;27,99;28,470758329711565;0,23112857158705508;28,323319112779927
294;263,2333333333333;27,92;28,508180209203356;0,3459559584985019;28,349411149350924
295;264,1166666666667;27,99;28,545602088695155;0,3086936809624205;28,37550318592193
296;265,0;28,02;28,583023968186946;0,3169959887529762;28,40159522249293
297;265,8833333333333;28,02;28,62044584767874;0,360535215994643;28,42768725906393
298;266,76666666666665;28,15;28,657867727170533;0,2579296283013645;28,45377929563493
299;267,65;28,17;28,695289606662328;0,27592917086746166;28,479871332205935
300;268,53333333333336;28,11;28,732711486154123;0,38776959498827757;28,50596336877694
301;269,4166666666667;28,25;28,77013336564592;0,27053871805815066;28,53205540534794
302;270,3;28,16;28,807555245137713;0,41932779550536403;28,55814744191894
303;271,18333333333334;28,08;28,844977124629505;0,5851900012064278;28,58423947848994
304;272,06666666666666;28,26;28,8823990041213;0,3873805203311842;28,610331515060942
305;272,95;28,3;28,91982088361309;0,3841779277629128;28,636423551631943
306;273,8333333333333;28,32;28,957242763104887;0,4060783391295505;28,662515588202947
307;274,71666666666664;28,58;28,994664642596682;0,1719467658198353;28,688607624773947
308;275,6;28,62;29,032086522088477;0,16981530168697598;28,71469966134495
309;276,4833333333333;28,7;29,06950840158027;0,13653645883840548;28,740791697915952
310;277,3666666666667;28,84;29,106930281072064;0,07125177495321094;28,766883734486953
311;278,25;28,74;29,14435216056386;0,1635006697526618;28,792975771057954
312;279,1333333333333;28,59;29,18177404005565;0,35019651448378647;28,819067807628954
313;280,01666666666665;28,58;29,219195919547445;0,4085714235661064;28,845159844199955
314;280,9;28,3;29,25661779903924;0,9151176134386793;28,87125188077096
315;281,78333333333336;28,22;29,294039678531036;1,1535612310590526;28,897343917341964
316;282,6666666666667;28,0;29,33146155802283;1,7727898804925835;28,923435953912964
317;283,55;27,89;29,368883437514622;2,1870962217550636;28,949527990483965
318;284,43333333333334;27,77;29,406305317006417;2,677495090463473;28,975620027054966
319;285,31666666666666;27,65;29,44372719649821;3,2174572554573286;29,001712063625966
320;286,2;27,43;29,481149075990004;4,207212531934648;29,027804100196967
321;287,0833333333333;27,35;29,5185709554818;4,702699988959236;29,05389613676797
322;287,96666666666664;27,2;29,555992834973594;5,550702238446917;29,079988173338972
323;288,85;26,56;29,59341471446539;9,201604829935146;29,106080209909976
324;289,7333333333333;25,29;29,630836593957177;18,842862335437754;29,132172246480977
325;290,6166666666667;23,43;29,668258473448976;38,91586878155795;29,158264283051977
326;291,5;20,98;29,705680352940767;76,13749762169651;29,184356319622978
327;292,3833333333333;19,14;29,743102232432562;112,42577695141638;29,21044835619398
328;293,26666666666665;19,29;29,780524111924358;110,05109614286634;29,236540392764983
329;294,15;21,07;29,817945991416153;76,52655906873393;29,262632429335984
330;295,03333333333336;23,66;29,855367870907948;38,38258305587848;29,288724465906988
331;295,9166666666667;27,08;29,89278975039974;7,911786179953837;29,31481650247799
332;296,8;29,66;29,930211629891534;0,07301432492863948;29,34090853904899
333;297,68333333333334;30,45;29,967633509383326;0,23267743126984522;29,36700057561999
334;298,56666666666666;30,13;30,00505538887512;0,015611155849146982;29,39309261219099
335;299,45;29,87;30,042477268366916;0,029748408103312862;29,419184648761995
336;300,3333333333333;29,15;30,07989914785871;0,8647124251883599;29,445276685332995
337;301,21666666666664;29,07;30,117321027350503;1,096881334330512;29,471368721903996
338;302,1;29,21;30,154742906842298;0,892539160028833;29,497460758475
339;302,9833333333333;29,45;30,19216478633409;0,5508085700743256;29,523552795046
340;303,8666666666667;29,46;30,229586665825884;0,5922636362170003;29,549644831617
341;304,75;29,75;30,26700854531768;0,26729783593150314;29,575736868188002
342;305,6333333333333;29,58;30,304430424809475;0,5247994403896384;29,601828904759003
343;306,51666666666665;29,48;30,34185230430127;0,7427893944294078;29,627920941330007
344;307,4;29,43;30,37927418379306;0,9011214760159834;29,654012977901008
345;308,28333333333336;29,43;30,41669606328486;0,9735691213018409;29,680105014472012
346;309,1666666666667;29,35;30,45411794277665;1,219076431561342;29,706197051043013
347;310,05;29,45;30,491539822268443;1,0848052013709815;29,732289087614014
348;310,93333333333334;29,48;30,528961701760238;1,100320651759734;29,758381124185014
349;311,81666666666666;29,57;30,566383581252033;0,9927802409886266;29,784473160756015
350;312,7;29,6;30,60380546074383;1,0076254030191267;29,81056519732702
351;313,5833333333333;29,73;30,64122734023562;0,8303352655928814;29,83665723389802
352;314,46666666666664;29,67;30,67864921972741;1,0173732484567124;29,862749270469024
353;315,35;29,82;30,71607109921921;0,8029434148559229;29,888841307040025
354;316,2333333333333;29,93;30,753492978711;0,6781406859863186;29,914933343611025
355;317,1166666666667;29,81;30,790914858202797;0,9621939590430153;29,941025380182026
356;318,0;29,95;30,828336737694592;0,7714754247839795;29,967117416753027
357;318,8833333333333;29,91;30,865758617186387;0,9134745343260342;29,99320945332403
358;319,76666666666665;29,82;30,90318049667818;1,1732799883839848;30,01930148989503
359;320,65;29,85;30,94060237616997;1,1894135429075816;30,045393526466036
360;321,53333333333336;29,94;30,97802425566177;1,077494355342166;30,071485563037037
361;322,4166666666667;29,76;31,01544613515356;1,5761449982720075;30,097577599608037
362;323,3;29,81;31,052868014645355;1,5447209018284902;30,123669636179038
363;324,18333333333334;29,82;31,09028989413715;1,613636415146972;30,14976167275004
364;325,06666666666666;29,61;31,127711773628945;2,3034490278119213;30,175853709321043
365;325,95;29,71;31,165133653120737;2,117413948444499;30,201945745892044
366;326,8333333333333;29,69;31,20255553261253;2,287824239236766;30,228037782463044
367;327,71666666666664;29,77;31,239977412104324;2,160833592096926;30,25412981903405
368;328,6;29,75;31,27739929159612;2,3329485959683254;30,28022185560505
369;329,4833333333333;29,91;31,314821171087914;1,9735225227368174;30,30631389217605
370;330,3666666666667;29,95;31,35224305057971;1,9662855728990902;30,33240592874705
371;331,25;29,93;31,389664930071504;2,1306217080806498;30,358497965318055
372;332,1333333333333;29,95;31,427086809563296;2,1817854429858774;30,384590001889055
373;333,01666666666665;30,04;31,464508689055087;2,0292250051934455;30,410682038460056
374;333,9;30,02;31,501930568546882;2,1961182099936867;30,43677407503106
375;334,78333333333336;30,03;31,539352448038677;2,2781448124003445;30,46286611160206
376;335,6666666666667;30,09;31,576774327530472;2,2104979010036887;30,48895814817306
377;336,55;30,13;31,614196207022268;2,2028383809392884;30,515050184744062
378;337,43333333333334;30,01;31,651618086514063;2,6949099419700873;30,541142221315063
379;338,31666666666666;30,02;31,689039966005854;2,785694408124824;30,567234257886067
380;339,2;29,79;31,726461845497646;3,749884479068151;30,593326294457068
381;340,0833333333333;29,75;31,76388372498944;4,055727657777346;30,619418331028072
382;340,96666666666664;29,73;31,801305604481236;4,290306907155376;30,645510367599073
383;341,85;29,62;31,83872748397303;4,922751648137292;30,671602404170073
384;342,7333333333333;29,78;31,876149363464823;4,393842153953976;30,697694440741074
385;343,6166666666667;29,94;31,91357124295662;3,8949834510253374;30,723786477312075
386;344,5;30,18;31,950993122448413;3,1364166397595796;30,74987851388308
387;345,3833333333333;30,29;31,988415001940204;2,884613518815547;30,77597055045408
388;346,26666666666665;30,34;32,025836881432;2,8420459907963695;30,802062587025084
389;347,15;30,38;32,063258760923794;2,833360056226711;30,828154623596085
390;348,03333333333336;30,43;32,10068064041559;2,7911738022594452;30,854246660167085
391;348,9166666666667;30,36;32,138102519907385;3,161648571300993;30,880338696738086
392;349,8;30,34;32,17552439939918;3,36914982078972;30,906430733309087
393;350,68333333333334;30,49;32,21294627889097;2,968543879944238;30,93252276988009
394;351,56666666666666;30,49;32,25036815838276;3,0988960530479255;30,95861480645109
395;352,45;30,4;32,28779003787456;3,56375122709843;30,984706843022092
396;353,3333333333333;30,33;32,32521191736635;3,9808705952007255;31,010798879593096
397;354,21666666666664;30,29;32,36263379685815;4,295810855878627;31,036890916164097
398;355,1;30,14;32,40005567634994;5,107851660201597;31,062982952735098
399;355,9833333333333;30,1;32,43747755584174;5,46380132406386;31,0890749893061
400;356,8666666666667;30,02;32,474899435333526;6,026531237600868;31,115167025877103
401;357,75;29,98;32,51232131482532;6,412651241518643;31,141259062448103
402;358,6333333333333;29,79;32,54974319431712;7,616182498579646;31,167351099019104
403;359,51666666666665;29,73;32,58716507380891;8,16339225899348;31,19344313559011
404;360,4;29,37;32,62458695330071;10,59233623659517;31,21953517216111
405;361,28333333333336;29,0;32,6620088327925;13,410308691450302;31,24562720873211
406;362,1666666666667;28,45;32,6994307122843;18,05766137850503;31,27171924530311
407;363,05;27,4;32,736852591776085;28,48199558634713;31,29781128187411
408;363,9333333333333;25,79;32,77427447126788;48,780089890004234;31,32390331844511
409;364,81666666666666;23,41;32,811696350759675;88,3918942718878;31,349995355016116
410;365,7;20,94;32,84911823025147;141,82709702210786;31,37608739158712
411;366,5833333333333;20,54;32,886540109743265;152,43705268149927;31,40217942815812
412;367,4666666666666;22,15;32,92396198923505;116,07825694548177;31,42827146472912
413;368,35;25,15;32,961383868726855;61,017717944606154;31,454363501300122
414;369,23333333333335;28,67;32,99880574821864;18,738559205810756;31,480455537871123
415;370,1166666666667;32,24;33,036227627710446;0,6339784351294009;31,506547574442127
416;371,0;33,73;33,073649507202234;0,4307959693958667;31,532639611013128
417;371,8833333333333;33,54;33,11107138669403;0,1839797553125827;31,558731647584132
418;372,76666666666665;32,6;33,148493266185824;0,3008448630511914;31,584823684155133
419;373,65;31,92;33,18591514567761;1,6025411560559648;31,610915720726133
420;374,53333333333336;31,42;33,223337025169414;3,2520244263468654;31,637007757297134
421;375,4166666666667;31,28;33,2607589046612;3,92340583839464;31,663099793868135
422;376,3;31,15;33,298180784153004;4,614680681404222;31,68919183043914
423;377,1833333333333;31,14;33,33560266364479;4,8206710566041036;31,715283867010136
424;378,06666666666666;31,24;33,37302454313659;4,549793701623053;31,74137590358114
425;378,95;31,4;33,41044642262838;4,041894818259266;31,767467940152144
426;379,8333333333333;31,39;33,44786830212017;4,234821948870951;31,793559976723145
427;380,7166666666666;31,39;33,485290181611965;4,390240945159501;31,819652013294146
428;381,6;31,48;33,52271206110376;4,172672564578772;31,845744049865147
429;382,48333333333335;31,41;33,56013394059556;4,6230759625010025;31,87183608643615
430;383,3666666666667;31,4;33,59755582008735;4,829251582399795;31,89792812300715
431;384,25;31,38;33,634977699579146;5,084924425599261;31,924020159578152
432;385,1333333333333;31,46;33,67239957907094;4,894711897473273;31,950112196149156
433;386,01666666666665;31,46;33,70982145856273;5,061696595409321;31,976204232720157
434;386,9;31,57;33,74724333805453;4,740388553102836;32,00229626929116
435;387,78333333333336;31,62;33,78466521754632;4,685775504054849;32,02838830586216
436;388,6666666666667;31,47;33,82208709703812;5,532313712053222;32,05448034243316
437;389,55;31,53;33,85950897652991;5,4266120717334205;32,08057237900417
438;390,4333333333333;31,55;33,8969308560217;5,508084442946734;32,10666441557516
439;391,31666666666666;31,53;33,9343527355135;5,7809120767712425;32,13275645214617
440;392,2;31,5;33,97177461500529;6,109669747384538;32,15884848871717
441;393,0833333333333;31,47;34,00919649449709;6,447518837666315;32,18494052528817
442;393,9666666666666;31,6;34,04661837398888;5,9859414679399725;32,21103256185917
443;394,85;31,38;34,08404025348068;7,311833692443865;32,23712459843017
444;395,73333333333335;31,43;34,12146213297247;7,2439684132247075;32,26321663500117
445;396,6166666666667;31,42;34,15888401246426;7,501485633732332;32,28930867157217
446;397,5;31,56;34,19630589195606;6,950108755962233;32,31540070814318
447;398,3833333333333;31,53;34,233727771447846;7,31014386209833;32,34149274471418
448;399,26666666666665;31,65;34,27114965093965;6,870425492621047;32,36758478128518
449;400,15;31,6;34,308571530431436;7,336359735463685;32,39367681785618
450;401,03333333333336;31,47;34,34599340992324;8,271338093921903;32,41976885442718
451;401,9166666666667;31,65;34,38341528941503;7,47155914440784;32,44586089099819
452;402,8;31,62;34,42083716890682;7,844688846729974;32,47195292756919
453;403,6833333333333;31,76;34,45825904839862;7,2806018922649995;32,49804496414019
454;404,56666666666666;31,86;34,495680927890405;6,946813953645227;32,52413700071119
455;405,45;32,1;34,53310280738221;5,919989271291169;32,55022903728219
456;406,3333333333333;32,09;34,570524686873995;6,153002722191313;32,576321073853194
457;407,2166666666666;32,0;34,60794656636579;6,801385293019114;32,602413110424195
458;408,1;32,19;34,645368445857585;6,028834204913103;32,628505146995195
459;408,98333333333335;32,27;34,68279032534938;5,821557154099552;32,654597183566196
460;409,8666666666667;32,47;34,720212204841175;5,063454966816188;32,6806892201372
461;410,75;32,43;34,75763408433296;5,4178804305485535;32,706781256708204
462;411,6333333333333;32,66;34,795055963824765;4,5584639686637125;32,732873293279205
463;412,51666666666665;32,75;34,83247784331655;4,336713967904363;32,758965329850206
464;413,4;32,77;34,86989972280835;4,409578845850565;32,785057366421206
465;414,28333333333336;32,76;34,907321602300144;4,610990063704865;32,81114940299221
466;415,1666666666667;32,94;34,94474348179194;4,0189964277872745;32,837241439563215
467;416,05;33,19;34,982165361283734;3,2118566821852643;32,863333476134216
468;416,9333333333333;33,27;35,01958724077552;3,0610555130844928;32,889425512705216
469;417,81666666666666;33,45;35,057009120267324;2,5824783126223494;32,91551754927622
470;418,7;33,57;35,09443099975911;2,3238898730265647;32,94160958584722
471;419,5833333333333;33,58;35,13185287925091;2,4082473588393354;32,96770162241822
472;420,4666666666666;33,46;35,1692747587427;2,9216202008749197;32,99379365898922
473;421,35;33,54;35,2066966382345;2,7778776839021773;33,01988569556022
474;422,23333333333335;33,39;35,24411851772629;3,4377554777755415;33,04597773213122
475;423,1166666666667;33,39;35,28154039721808;3,577925074307931;33,07206976870223
476;424,0;33,48;35,31896227670988;3,381782255162006;33,09816180527323
477;424,8833333333333;33,66;35,35638415620167;2,877719205412065;33,12425384184423
478;425,76666666666665;33,77;35,393806035693466;2,6367460415545185;33,15034587841523
479;426,65;33,74;35,43122791518526;2,860251861101877;33,17643791498623
480;427,53333333333336;33,8;35,468649794677056;2,78439213727579;33,20252995155724
481;428,4166666666667;33,85;35,50607167416885;2,742573389984416;33,22862198812824
482;429,3;33,82;35,54349355366064;2,9704300295097767;33,25471402469924
483;430,1833333333333;33,82;35,580915433152434;3,1008231627144234;33,28080606127024
484;431,06666666666666;33,99;35,61833731264423;2,6514824037494233;33,30689809784124
485;431,95;33,98;35,655759192136024;2,808168870028391;33,33299013441224
486;432,8333333333333;33,75;35,69318107162782;3,77595267713264;33,35908217098324
487;433,7166666666666;33,55;35,73060295111961;4,7550292304315525;33,38517420755424
488;434,6;33,15;35,76802483061141;6,8540540136979065;33,411266244125244
489;435,48333333333335;32,77;35,8054467101032;9,213936729876306;33,437358280696245
490;436,3666666666667;32,01;35,842868589595;14,690881625103977;33,46345031726725
491;437,25;30,36;35,88029046908679;30,47360686309043;33,48954235383825
492;438,1333333333333;27,86;35,91771234857858;64,92672829243578;33,515634390409254
493;439,01666666666665;24,6;35,95513422807038;128,93907333749542;33,541726426980254
494;439,9;23,22;35,99255610756217;163,1381895208238;33,567818463551255
495;440,78333333333336;24,49;36,02997798705397;133,17109194169018;33,59391050012226
496;441,6666666666667;27,98;36,067399866545756;65,40603660140431;33,62000253669326
497;442,55;32,43;36,10482174603756;13,50431486515053;33,646094573264264
498;443,4333333333333;37,88;36,142243625529346;3,0197972170134;33,672186609835265
499;444,31666666666666;41,07;36,17966550502114;23,91537147278013;33,698278646406266
500;445,2;41,13;36,217087384512936;24,136710367411965;33,724370682977266
501;446,0833333333333;40,2;36,25450926400473;15,566897147824507;33,75046271954827
502;446,9666666666666;39,03;36,29193114349652;7,497021062954284;33,77655475611927
503;447,85;37,48;36,329353022988315;1,323988465706123;33,80264679269027
504;448,73333333333335;36,81;36,36677490248012;0,196448487071512;33,828738829261276
505;449,6166666666667;36,75;36,404196781971905;0,11957986559858635;33,85483086583228
506;450,5;36,86;36,4416186614637;0,1750429444354257;33,88092290240328
507;451,3833333333333;36,95;36,479040540955495;0,22180281206349547;33,90701493897428
508;452,26666666666665;37,13;36,51646242044729;0,376428361523401;33,93310697554528
509;453,15;37,36;36,553884299939085;0,6498225218846979;33,95919901211628
510;454,03333333333336;37,41;36,59130617943087;0,6702595718380681;33,98529104868729
511;454,9166666666667;37,42;36,628728058922675;0,6261112847362799;34,01138308525829
512;455,8;37,57;36,66614993841446;0,8169449338281789;34,03747512182929
513;456,6833333333333;37,75;36,70357181790626;1,0950119402800127;34,06356715840029
514;457,56666666666666;37,64;36,74099369739805;0,8082123321180236;34,08965919497129
515;458,45;38,08;36,77841557688985;1,694122010482981;34,11575123154229
516;459,3333333333333;38,21;36,815837456381644;1,9436891980284074;34,14184326811329
517;460,2166666666666;38,55;36,85325933587343;2,8789288813006584;34,16793530468429
518;461,1;38,93;36,890681215365234;4,158821105364218;34,19402734125529
519;461,98333333333335;39,01;36,92810309485702;4,334294723643902;34,2201193778263
520;462,8666666666667;39,28;36,96552497434882;5,356794644363049;34,2462114143973
521;463,75;39,45;37,00294685384061;5,988069100128572;34,2723034509683
522;464,6333333333333;39,5;37,04036873333241;6,049785967968827;34,2983954875393
523;465,51666666666665;39,56;37,0777906128242;6,16136344178366;34,3244875241103
524;466,4;39,9;37,11521249231599;7,755041462952911;34,350579560681304
525;467,28333333333336;39,75;37,15263437180779;6,746308206514301;34,37667159725231
526;468,1666666666667;40,11;37,19005625129958;8,526071495574655;34,40276363382331
527;469,05;39,99;37,227478130791376;7,631527077855924;34,42885567039431
528;469,9333333333333;39,96;37,26490001028317;7,263563954571658;34,454947706965314
529;470,81666666666666;39,85;37,302321889774966;6,490663753319809;34,481039743536314
530;471,7;39,81;37,33974376926676;6,102165845476401;34,507131780107315
531;472,5833333333333;39,63;37,37716564875855;5,075262614133502;34,533223816678316
532;473,4666666666666;40,01;37,414587528250344;6,736165898513649;34,559315853249316
533;474,35;40,19;37,45200940774214;7,49659248329254;34,585407889820324
534;475,23333333333335;40,53;37,489431287233934;9,245058097051897;34,611499926391325
535;476,1166666666667;40,92;37,52685316672573;11,513445432159223;34,637591962962325
536;477,0;41,11;37,564275046217524;12,572165447875735;34,663683999533326
537;477,8833333333333;41,3;37,60169692570932;13,677445629307877;34,68977603610433
538;478,76666666666665;41,41;37,63911880520111;14,219544985287898;34,71586807267533
539;479,65;41,47;37,67654068469291;14,39033357689013;34,74196010924633
540;480,53333333333336;41,68;37,7139625641847;15,729452942288416;34,768052145817336
541;481,4166666666667;41,81;37,75138444367649;16,472360234031193;34,79414418238834
542;482,3;41,96;37,78880632316829;17,398856689640866;34,82023621895934
543;483,1833333333333;42,45;37,826228202660076;21,3792656338761;34,84632825553034
544;484,06666666666666;42,74;37,86365008215188;23,778788521297404;34,87242029210134
545;484,95;43,19;37,901071961643666;27,972759794911756;34,89851232867234
546;485,8333333333333;43,75;37,93849384113547;33,77360383452039;34,92460436524334
547;486,7166666666666;43,93;37,975915720627256;35,45111960587364;34,95069640181434
548;487,6;44,26;38,01333760011905;39,02079113808639;34,97678843838535
549;488,48333333333335;44,72;38,050759479610846;44,47876911880057;35,00288047495635
550;489,3666666666667;44,72;38,08818135910264;43,98101848575367;35,02897251152735
551;490,25;44,95;38,12560323859444;46,572391157082784;35,05506454809835
552;491,1333333333333;45,3;38,163025118086225;50,93641046506811;35,08115658466935
553;492,01666666666665;45,28;38,20044699757803;50,12007071410199;35,10724862124035
554;492,9;45,4;38,237868877069815;51,29612222204518;35,13334065781135
555;493,78333333333336;45,71;38,27529075656161;55,27490153446825;35,15943269438236
556;494,6666666666667;45,74;38,312712636053405;55,16459758664079;35,18552473095336
557;495,55;46,09;38,3501345155452;59,905517717454785;35,21161676752436
558;496,4333333333333;46,5;38,387556395036995;65,81174124370516;35,23770880409536
559;497,31666666666666;46,72;38,42497827452878;68,80738542603946;35,26380084066636
560;498,2;47,2;38,462400154020585;76,34565106845955;35,289892877237364
561;499,0833333333333;47,72;38,49982203351237;85,01168173370388;35,315984913808364
562;499,9666666666666;47,84;38,53724391300416;86,54127081413819;35,342076950379365
563;500,85;48,12;38,57466579249596;91,11340513294667;35,36816898695037
564;501,73333333333335;48,32;38,61208767198776;94,24356176837206;35,39426102352137
565;502,6166666666667;48,21;38,649509551479554;91,4029776162507;35,420353060092374
566;503,5;48,22;38,68693143097134;90,87939634180209;35,446445096663375
567;504,3833333333333;48,23;38,724353310463144;90,35731898630293;35,472537133234376
568;505,26666666666665;48,0;38,76177518995493;85,34479764093223;35,498629169805376
569;506,15;47,97;38,79919706944673;84,10362639104449;35,524721206376384
570;507,03333333333336;47,7;38,83661894893852;78,55952365631572;35,550813242947385
571;507,9166666666667;47,16;38,87404082843032;68,65711939291968;35,576905279518385
572;508,8;46,39;38,91146270792211;55,92852002899968;35,602997316089386
573;509,6833333333333;45,08;38,9488845874139;37,5905762024508;35,62908935266039
574;510,56666666666666;43,13;38,9863064669057;17,170196096207523;35,65518138923139
575;511,45;39,83;39,02372834639749;0,6500739794029224;35,68127342580239
576;512,3333333333334;35,58;39,06115022588929;12,118406895209086;35,70736546237339
577;513,2166666666667;30,59;39,09857210538108;72,39579927246903;35,7334574989444
578;514,1;25,27;39,135993984872876;192,2657891885308;35,7595495355154
