;L, μμ;hn50, tib2-1, 53,1000.csv;Result;fail;Predict
0;3,533333333333333;14,12;17,309621150079984;10,173683081037565;17,363168423621005
1;4,416666666666667;14,44;17,364708338683567;8,553918866365192;17,419465353123254
2;5,3;14,49;17,419795527287146;8,583701831711766;17,475762282625503
3;6,183333333333334;14,26;17,474882715890725;10,335470876932927;17,532059212127752
4;7,066666666666666;14,36;17,529969904494305;10,048709195399635;17,58835614163
5;7,95;14,68;17,585057093097888;8,43935671415835;17,64465307113225
6;8,833333333333334;15,05;17,640144281701467;6,7088474000308045;17,700950000634496
7;9,716666666666669;15,58;17,695231470305046;4,4742041729688475;17,757246930136745
8;10,6;16,03;17,75031865890863;2,95949628818918;17,813543859638994
9;11,483333333333333;16,27;17,80540584751221;2,357471116574684;17,869840789141243
10;12,366666666666667;16,51;17,860493036115788;1,8238314405972338;17,926137718643492
11;13,25;16,7;17,91558022471937;1,477635282728797;17,98243464814574
12;14,133333333333333;16,79;17,97066741332295;1,3939755408827073;18,03873157764799
13;15,016666666666667;16,76;18,02575460192653;1,6021347122981822;18,095028507150236
14;15,9;16,95;18,080841790530112;1,2788031552093513;18,151325436652485
15;16,783333333333335;17,16;18,13592897913369;0,9524373723129286;18,207622366154734
16;17,666666666666668;17,35;18,19101616773727;0,7073081943954824;18,263919295656983
17;18,55;17,45;18,246103356340853;0,633780553977173;18,320216225159232
18;19,433333333333334;17,57;18,301190544944433;0,5346396130161362;18,37651315466148
19;20,316666666666663;17,76;18,356277733548012;0,3555471355251522;18,432810084163727
20;21,2;17,87;18,41136492215159;0,2930759789361975;18,489107013665976
21;22,08333333333333;17,99;18,466452110755174;0,2270066138430623;18,545403943168225
22;22,966666666666665;18,22;18,521539299358754;0,09092594905776867;18,601700872670474
23;23,85;18,43;18,576626487962333;0,021499326972168224;18,657997802172723
24;24,73333333333333;18,41;18,631713676565916;0,04915695437637541;18,714294731674972
25;25,616666666666667;18,48;18,686800865169495;0,042766597834851476;18,77059166117722
26;26,5;18,5;18,741888053773074;0,05850983055812569;18,826888590679467
27;27,383333333333333;18,46;18,796975242376657;0,11355231397480628;18,883185520181716
28;28,266666666666666;18,55;18,852062430980236;0,0912417122096897;18,939482449683965
29;29,15;18,74;18,907149619583816;0,027938995327014857;18,995779379186214
30;30,03333333333333;18,94;18,9622368081874;0,0004944756383631028;19,052076308688463
31;30,916666666666668;19,15;19,017323996790978;0,01760292182752005;19,108373238190712
32;31,8;19,27;19,072411185394557;0,03904133965718385;19,16467016769296
33;32,68333333333333;19,29;19,127498373998137;0,026406778453249218;19,220967097195206
34;33,56666666666667;19,32;19,18258556260172;0,01888272760548605;19,277264026697456
35;34,45;19,26;19,2376727512053;0,0004985060387405587;19,333560956199705
36;35,333333333333336;19,22;19,292759939808878;0,005294008840991722;19,389857885701954
37;36,21666666666667;19,31;19,34784712841246;0,0014324051290694022;19,446154815204203
38;37,1;19,48;19,40293431701604;0,005939119493784255;19,50245174470645
39;37,98333333333333;19,71;19,45802150561962;0,06349316163020387;19,558748674208697
40;38,86666666666667;19,72;19,513108694223202;0,0428040124060279;19,615045603710946
41;39,75;19,83;19,56819588282678;0,06854139576884734;19,671342533213195
42;40,63333333333333;19,85;19,62328307143036;0,05140056570005144;19,727639462715445
43;41,516666666666666;19,88;19,678370260033944;0,04065455203877902;19,783936392217694
44;42,4;19,8;19,733457448637523;0,004427911141827963;19,840233321719943
45;43,28333333333333;19,89;19,788544637241102;0,010293190632539608;19,896530251222188
46;44,16666666666666;19,92;19,84363182584468;0,005832098023817275;19,952827180724437
47;45,05;20,05;19,898719014448265;0,02288593658950458;20,009124110226686
48;45,93333333333333;20,01;19,953806203051844;0,0031577428154507692;20,065421039728935
49;46,81666666666667;19,99;20,008893391655427;0,00035696024824541;20,121717969231184
50;47,7;20,07;20,063980580259006;3,623341401827045e-05;20,178014898733434
51;48,583333333333336;20,28;20,119067768862585;0,0258991830188666;20,234311828235683
52;49,46666666666667;20,28;20,174154957466165;0,01120317302898964;20,290608757737928
53;50,35;20,47;20,229242146069748;0,05796434422910021;20,346905687240177
54;51,23333333333333;20,54;20,284329334673327;0,06536748910858325;20,403202616742426
55;52,11666666666667;20,76;20,339416523276906;0,1768904608924865;20,459499546244675
56;53,0;20,77;20,39450371188049;0,14099746239153046;20,515796475746924
57;53,88333333333333;20,84;20,44959090048407;0,1524192649848405;20,572093405249174
58;54,766666666666666;20,83;20,504678089087648;0,1058343457196634;20,62839033475142
59;55,65;20,87;20,559765277691227;0,09624558292600213;20,684687264253668
60;56,53333333333333;20,78;20,61485246629481;0,0272737078889073;20,740984193755917
61;57,41666666666666;20,94;20,66993965489839;0,07293258999640184;20,797281123258166
62;58,3;21,11;20,72502684350197;0,14820433122405746;20,853578052760415
63;59,18333333333333;21,16;20,78011403210555;0,14431334860310222;20,909874982262664
64;60,06666666666667;21,18;20,83520122070913;0,11888619820047347;20,96617191176491
65;60,95;21,2;20,89028840931271;0,09592126940605107;21,02246884126716
66;61,833333333333336;20,95;20,945375597916293;2,1385094631789146e-05;21,078765770769408
67;62,71666666666667;20,7;21,000462786519872;0,09027788608328666;21,135062700271657
68;63,6;20,57;21,05554997512345;0,23575877834238398;21,191359629773906
69;64,48333333333333;20,47;21,110637163727034;0,41041597554822035;21,247656559276155
70;65,36666666666666;20,31;21,165724352330614;0,7322641671716502;21,303953488778404
71;66,25;20,23;21,220811540934193;0,9817075096483889;21,36025041828065
72;67,13333333333334;20,08;21,275898729537776;1,4301737713100702;21,416547347782902
73;68,01666666666667;20,06;21,330985918141355;1,6154052041136264;21,472844277285148
74;68,9;19,93;21,386073106744934;2,1201488921858456;21,529141206787397
75;69,78333333333333;19,42;21,441160295348517;4,085088939493298;21,585438136289646
76;70,66666666666667;18,37;21,496247483952097;9,773423330916808;21,641735065791895
77;71,55;17,53;21,551334672555676;16,171132548698456;21,698031995294144
78;72,43333333333334;16,81;21,606421861159255;23,005662670206426;21,75432892479639
79;73,31666666666666;17,24;21,661509049762838;19,549742277134687;21,81062585429864
80;74,2;18,09;21,716596238366417;13,152200276133449;21,866922783800888
81;75,08333333333333;19,55;21,771683426969997;4,935877249673145;21,923219713303137
82;75,96666666666667;20,85;21,82677061557358;0,9540808354479865;21,979516642805386
83;76,85;22,06;21,88185780417716;0,03173464193258306;22,03581357230763
84;77,73333333333333;22,26;21,936944992780738;0,10436453768943839;22,092110501809884
85;78,61666666666666;22,17;21,992032181384317;0,03167254446282512;22,14840743131213
86;79,5;22,04;22,0471193699879;5,0685429024626636e-05;22,20470436081438
87;80,38333333333334;21,95;22,10220655859148;0,023166836478261708;22,261001290316628
88;81,26666666666667;21,84;22,157293747195062;0,10067532200908426;22,317298219818877
89;82,15;21,78;22,21238093579864;0,18695327364210812;22,373595149321126
90;83,03333333333333;22,06;22,26746812440222;0,043043022642975985;22,42989207882337
91;83,91666666666667;22,39;22,3225553130058;0,004548785803745645;22,486189008325624
92;84,8;22,61;22,377642501609383;0,05399000705834524;22,54248593782787
93;85,68333333333334;22,66;22,432729690212962;0,051651793710696066;22,59878286733012
94;86,56666666666666;22,81;22,487816878816542;0,10380196357551409;22,655079796832368
95;87,45;22,9;22,542904067420125;0,12751750506508988;22,711376726334617
96;88,33333333333333;22,89;22,597991256023704;0,08526910655861435;22,767673655836866
97;89,21666666666667;23,06;22,653078444627283;0,16558515222694994;22,82397058533911
98;90,1;23,35;22,708165633230863;0,41195135436594144;22,88026751484136
99;90,98333333333332;23,34;22,763252821834445;0,33263730752192977;22,93656444434361
100;91,86666666666666;23,32;22,818340010438025;0,2516627451273214;22,99286137384586
101;92,75;23,33;22,873427199041608;0,20845872257499026;23,049158303348108
102;93,63333333333334;23,42;22,928514387645187;0,2415581071517873;23,105455232850357
103;94,51666666666668;23,38;22,983601576248766;0,15713171035246193;23,161752162352606
104;95,4;23,44;23,038688764852346;0,16105070745573705;23,21804909185485
105;96,28333333333332;23,39;23,093775953455925;0,08774868575094676;23,2743460213571
106;97,16666666666669;23,5;23,14886314205951;0,12329709300431899;23,33064295085935
107;98,05;23,45;23,203950330663087;0,06054043978080388;23,3869398803616
108;98,93333333333334;23,45;23,25903751926667;0,03646666904782722;23,443236809863848
109;99,81666666666666;23,5;23,31412470787025;0,034549624224320216;23,499533739366093
110;100,7;23,57;23,36921189647383;0,04031586251763669;23,555830668868346
111;101,58333333333331;23,58;23,424299085077408;0,024242774907731773;23,61212759837059
112;102,46666666666668;23,65;23,47938627368099;0,029109043608457348;23,66842452787284
113;103,35;23,8;23,53447346228457;0,07050434223114409;23,72472145737509
114;104,23333333333332;23,9;23,58956065088815;0,09637258947698868;23,781018386877335
115;105,11666666666666;24,07;23,644647839491732;0,18092446044905153;23,837315316379588
116;106,0;24,04;23,69973502809531;0,11578025110529794;23,893612245881833
117;106,88333333333334;24,11;23,75482221669889;0,12615125775068933;23,949909175384086
118;107,76666666666668;24,0;23,809909405302474;0,036134434192459264;24,00620610488633
119;108,65;24,13;23,864996593906053;0,07022680524139292;24,06250303438858
120;109,53333333333332;24,11;23,920083782509632;0,03606816966584847;24,11879996389083
121;110,41666666666669;24,35;23,975170971113215;0,14049680089621133;24,17509689339308
122;111,3;24,33;24,030258159716794;0,08984517081636174;24,231393822895328
123;112,18333333333334;24,46;24,085345348320374;0,1403661080251828;24,287690752397573
124;113,06666666666666;24,5;24,140432536923953;0,12928876050294444;24,343987681899822
125;113,95;24,6;24,195519725527536;0,1636042924373211;24,40028461140207
126;114,83333333333331;24,49;24,250606914131115;0,05730904956182654;24,456581540904317
127;115,71666666666668;24,58;24,305694102734698;0,07524372527452149;24,51287847040657
128;116,6;24,73;24,360781291338277;0,13632245482583039;24,569175399908815
129;117,48333333333332;24,58;24,415868479941857;0,026939155876596167;24,625472329411064
130;118,36666666666666;24,59;24,470955668545436;0,014171552851464082;24,681769258913313
131;119,25;24,63;24,52604285714902;0,01080708754973911;24,738066188415562
132;120,13333333333334;24,65;24,581130045752598;0,004743070598039038;24,79436311791781
133;121,01666666666668;24,64;24,63621723435618;1,430931591606214e-05;24,85066004742006
134;121,9;24,82;24,69130442295976;0,016562551549720358;24,90695697692231
135;122,78333333333332;24,77;24,74639161156334;0,0005573560045762226;24,963253906424555
136;123,66666666666669;24,82;24,801478800166922;0,00034303484325680383;25,019550835926808
137;124,55;24,94;24,856565988770498;0,006961234229844852;25,075847765429053
138;125,43333333333334;24,84;24,91165317737408;0,005134177827801538;25,132144694931302
139;126,31666666666666;24,91;24,96674036597766;0,003219469131278818;25,18844162443355
140;127,2;25,13;25,021827554581243;0,011701277947873706;25,2447385539358
141;128,08333333333334;25,26;25,076914743184822;0,03352021126308007;25,30103548343805
142;128,96666666666667;25,32;25,132001931788402;0,035343273651292834;25,357332412940295
143;129,85;25,35;25,18708912039198;0,026539954694658887;25,413629342442544
144;130,73333333333332;25,27;25,24217630899556;0,0007741577811105083;25,469926271944793
145;131,61666666666667;25,1;25,297263497599147;0,038912887485048044;25,526223201447042
146;132,5;25,0;25,352350686202726;0,12415100606753199;25,58252013094929
147;133,38333333333333;24,87;25,407437874806305;0,288839469276317;25,638817060451537
148;134,26666666666668;24,89;25,462525063409885;0,3277849482324919;25,69511398995379
149;135,15;24,87;25,517612252013464;0,4194016289579492;25,751410919456035
150;136,03333333333333;24,72;25,572699440617043;0,7270963360286206;25,807707848958284
151;136,91666666666666;24,49;25,627786629220626;1,2945584136332384;25,864004778460533
152;137,8;24,38;25,68287381782421;1,6974801851718329;25,920301707962782
153;138,68333333333334;24,23;25,73796100642779;2,273946396906707;25,97659863746503
154;139,56666666666666;24,06;25,793048195031368;3,003456046301486;26,032895566967277
155;140,45;23,88;25,848135383634947;3,8735568883158837;26,089192496469526
156;141,33333333333334;23,37;25,903222572238526;6,4172166004987705;26,145489425971775
157;142,21666666666667;22,37;25,95830976084211;12,875966939754747;26,201786355474024
158;143,1;20,57;26,01339694944569;29,630570349234624;26,258083284976273
159;143,98333333333332;18,61;26,068484138049268;55,62898563753254;26,31438021447852
160;144,86666666666667;17,76;26,12357132665285;69,9493253360097;26,37067714398077
161;145,75;18,17;26,17865851525643;64,1386112139893;26,426974073483017
162;146,63333333333333;19,34;26,23374570386001;47,52372982948834;26,483271002985266
163;147,51666666666668;21,41;26,288832892463592;23,80301039258466;26,539567932487515
164;148,4;23,78;26,34392008106717;6,573686182099485;26,595864861989764
165;149,28333333333333;25,17;26,399007269670754;1,5104588689035578;26,652161791492013
166;150,16666666666666;25,71;26,454094458274334;0,5536765628345727;26,70845872099426
167;151,05;25,87;26,509181646877913;0,40855317770555966;26,76475565049651
168;151,93333333333334;25,84;26,564268835481492;0,524565346049717;26,821052579998756
169;152,81666666666666;25,84;26,61935602408507;0,6073958122776908;26,877349509501006
170;153,7;25,79;26,67444321268865;0,7822397964710235;26,933646439003255
171;154,58333333333334;25,87;26,729530401292237;0,7387925107455927;26,989943368505504
172;155,46666666666667;25,96;26,784617589895817;0,6799941695655837;27,046240298007753
173;156,35;26,08;26,839704778499396;0,5771513504748187;27,10253722751
174;157,23333333333332;26,22;26,894791967102975;0,45534419886670424;27,15883415701225
175;158,11666666666667;26,31;26,949879155706554;0,4094453339077346;27,215131086514496
176;159,0;26,42;27,004966344310134;0,34218562397555996;27,271428016016745
177;159,88333333333333;26,33;27,060053532913717;0,5329781609198017;27,327724945518995
178;160,76666666666668;26,51;27,1151407215173;0,3661952928384759;27,384021875021244
179;161,65;26,93;27,17022791012088;0,05770944880104516;27,440318804523493
180;162,53333333333333;27,57;27,225315098724458;0,11880768116733026;27,496615734025738
181;163,41666666666666;28,17;27,280402287328037;0,7913840903911907;27,552912663527987
182;164,3;28,92;27,33548947593162;2,510673600883457;27,609209593030236
183;165,18333333333334;29,61;27,3905766645352;4,925839942005697;27,665506522532485
184;166,06666666666666;29,95;27,44566385313878;6,271699536475704;27,721803452034735
185;166,95;30,19;27,50075104174236;7,232059959489799;27,77810038153698
186;167,83333333333334;30,27;27,55583823034594;7,36667411185165;27,834397311039233
187;168,71666666666667;30,42;27,61092541894952;7,890900001903938;27,890694240541478
188;169,6;30,64;27,6660126075531;8,844601010433117;27,946991170043727
189;170,48333333333332;30,61;27,72109979615668;8,34574438776598;28,003288099545976
190;171,36666666666667;30,7;27,776186984760262;8,548682548085285;28,059585029048225
191;172,25;30,89;27,831274173363845;9,355803682531036;28,115881958550474
192;173,13333333333333;30,97;27,886361361967424;9,508827249967393;28,17217888805272
193;174,01666666666668;30,97;27,941448550571003;9,17212388183847;28,228475817554973
194;174,9;31,06;27,996535739174583;9,384813277354613;28,284772747057218
195;175,78333333333333;31,01;28,051622927778162;8,751994901447864;28,341069676559467
196;176,66666666666666;30,98;28,106710116381745;8,25579475530301;28,397366606061716
197;177,55;31,36;28,161797304985328;10,22850047839911;28,453663535563965
198;178,43333333333334;31,29;28,216884493588907;9,444038915744304;28,509960465066214
199;179,31666666666666;31,49;28,271971682192486;10,355706254211047;28,56625739456846
200;180,2;31,65;28,327058870796066;11,04193774815511;28,622554324070713
201;181,0833333333333;31,77;28,382146059399645;11,477554322841351;28,678851253572958
202;181,96666666666667;31,62;28,437233248003228;10,13000419761609;28,735148183075207
203;182,85;31,7;28,492320436606807;10,289208181410341;28,791445112577456
204;183,7333333333333;31,78;28,547407625210383;10,449653461547985;28,8477420420797
205;184,61666666666667;32,01;28,60249481381397;11,611091593884684;28,904038971581954
206;185,5;32,13;28,65758200241755;12,05768674993454;28,9603359010842
207;186,38333333333333;32,08;28,712669191021128;11,338916777098294;29,016632830586452
208;187,26666666666668;32,19;28,76775637962471;11,711751397199352;29,072929760088698
209;188,15;32,09;28,82284356822829;10,674311149667275;29,129226689590947
210;189,03333333333333;32,02;28,87793075683187;9,87259912886317;29,185523619093196
211;189,91666666666663;31,94;28,93301794543545;9,04194107647326;29,24182054859544
212;190,8;32,12;28,98810513403903;9,808765451432658;29,298117478097694
213;191,6833333333333;32,24;29,04319232264261;10,219579326011159;29,35441440759994
214;192,56666666666663;32,15;29,09827951124619;9,312997941479784;29,410711337102185
215;193,45;32,38;29,15336669984977;10,411162453638385;29,467008266604438
216;194,3333333333333;32,46;29,20845388845335;10,572552115514155;29,523305196106683
217;195,21666666666667;32,55;29,263541077056935;10,800812252192072;29,579602125608936
218;196,1;32,52;29,318628265660514;10,248780981427826;29,63589905511118
219;196,9833333333333;32,92;29,373715454264094;12,576134079325335;29,69219598461343
220;197,86666666666667;32,65;29,428802642867673;10,37611241359628;29,74849291411568
221;198,75;32,83;29,483889831471252;11,196453259931474;29,80478984361793
222;199,63333333333333;32,65;29,538977020074835;9,678463981622444;29,861086773120178
223;200,51666666666668;32,76;29,594064208678418;10,023149434770998;29,917383702622427
224;201,4;32,61;29,649151397281997;8,766624448217145;29,973680632124676
225;202,28333333333333;32,68;29,704238585885577;8,855155993732271;30,02997756162692
226;203,16666666666663;32,61;29,759325774489156;8,126343539991847;30,08627449112917
227;204,05;32,73;29,814412963092735;8,500647769781665;30,14257142063142
228;204,9333333333333;32,6;29,869500151696315;7,455629421586457;30,198868350133665
229;205,81666666666663;32,68;29,924587340299894;7,592298925235611;30,255165279635918
230;206,7;32,96;29,97967452890348;8,882339913666698;30,311462209138163
231;207,5833333333333;32,87;30,034761717507056;8,038576118513523;30,367759138640412
232;208,46666666666667;32,85;30,08984890611064;7,618434061098645;30,42405606814266
233;209,35;32,67;30,144936094714218;6,375947725777093;30,480352997644914
234;210,2333333333333;32,4;30,200023283317798;4,839897553943797;30,53664992714716
235;211,11666666666667;32,16;30,25511047192138;3,6286041141835734;30,59294685664941
236;212,0;31,95;30,310197660524963;2,6889517125478015;30,649243786151658
237;212,88333333333333;31,63;30,365284849128543;1,599504412843811;30,705540715653903
238;213,76666666666668;31,27;30,420372037732122;0,7218676742674662;30,761837645156156
239;214,65;30,05;30,4754592263357;0,18101555327417276;30,8181345746584
240;215,53333333333333;27,89;30,53054641493928;6,972485369448684;30,874431504160654
241;216,41666666666663;25,19;30,58563360354286;29,112861983680894;30,9307284336629
242;217,3;21,88;30,640720792146446;76,75022879794707;30,98702536316515
243;218,1833333333333;19,72;30,695807980750022;120,4683608302959;31,043322292667398
244;219,06666666666663;19,9;30,7508951693536;117,74192597630135;31,099619222169643
245;219,95;21,85;30,805982357957184;80,2096199960403;31,155916151671896
246;220,8333333333333;25,06;30,861069546560763;33,652407884034716;31,21221308117414
247;221,71666666666667;29,46;30,916156735164346;2,1203924373644853;31,268510010676394
248;222,6;33,08;30,971243923767926;4,446852189045687;31,32480694017864
249;223,4833333333333;34,7;31,0263311123715;13,495843095929631;31,381103869680885
250;224,36666666666667;35,46;31,081418300975088;19,171977695035896;31,437400799183138
251;225,25;35,7;31,136505489578667;20,82548214664567;31,493697728685383
252;226,13333333333333;35,32;31,191592678182246;17,04374701483844;31,549994658187636
253;227,01666666666668;34,92;31,24667986678583;13,493280801076587;31,60629158768988
254;227,9;34,87;31,30176705538941;12,732286347004354;31,66258851719213
255;228,78333333333333;34,82;31,356854243992988;11,993378527349382;31,71888544669438
256;229,66666666666663;34,56;31,411941432596567;9,91027274380217;31,775182376196625
257;230,55;34,43;31,46702862120015;8,779199391587083;31,831479305698878
258;231,4333333333333;34,65;31,52211580980373;9,783659507279772;31,887776235201123
259;232,31666666666663;34,87;31,57720299840731;10,842512093697803;31,944073164703372
260;233,2;34,96;31,632290187010888;11,073652599464037;32,00037009420562
261;234,0833333333333;35,05;31,687377375614467;11,307230914029429;32,05666702370787
262;234,96666666666667;35,39;31,742464564218054;13,304514755284998;32,11296395321012
263;235,85;35,33;31,797551752821633;12,478190618993505;32,169260882712365
264;236,7333333333333;35,2;31,852638941425212;11,204826056462943;32,22555781221462
265;237,61666666666667;35,19;31,90772613002879;10,773321757495758;32,28185474171686
266;238,5;35,35;31,96281331863237;11,473033614434263;32,338151671219116
267;239,38333333333333;35,28;32,01790050723595;10,64129310069148;32,39444860072136
268;240,26666666666668;35,16;32,07298769583954;9,529644966038072;32,450745530223614
269;241,15;35,32;32,128074884443116;10,18838594332283;32,50704245972586
270;242,03333333333333;35,22;32,183162073046695;9,222384594582039;32,563339389228105
271;242,91666666666663;35,3;32,238249261650274;9,374317583785071;32,61963631873036
272;243,8;35,21;32,293336450253854;8,506926262417796;32,6759332482326
273;244,6833333333333;35,01;32,34842363885743;7,083988726192897;32,73223017773485
274;245,56666666666663;34,85;32,40351082746101;5,985309271350507;32,7885271072371
275;246,45;34,51;32,4585980160646;4,208250099694092;32,84482403673935
276;247,3333333333333;34,52;32,51368520466818;4,025299057967382;32,90112096624159
277;248,21666666666667;34,42;32,56877239327176;3,427043651912783;32,957417895743845
278;249,1;34,83;32,62385958187534;4,867055544483256;33,0137148252461
279;249,9833333333333;34,9;32,678946770478916;4,9330774483660305;33,07001175474834
280;250,86666666666667;35,16;32,734033959082495;5,885311231684935;33,126308684250596
281;251,75;35,1;32,789121147686075;5,340161070071732;33,18260561375284
282;252,63333333333333;35,23;32,84420833628966;5,692001862629732;33,238902543255094
283;253,51666666666668;35,04;32,89929552489324;4,582615649742103;33,29519947275734
284;254,4;34,97;32,95438271349682;4,0627130456504394;33,351496402259585
285;255,28333333333333;35,16;33,0094699021004;4,624779701972053;33,40779333176184
286;256,1666666666667;35,38;33,064557090703985;5,361275866209204;33,46409026126409
287;257,05;35,24;33,119644279307565;4,495908382273145;33,52038719076633
288;257,93333333333334;35,06;33,174731467911144;3,5542374380844786;33,57668412026858
289;258,81666666666666;35,18;33,22981865651472;3,8032072724780375;33,632981049770834
290;259,7;35,08;33,2849058451183;3,2223630248904294;33,68927797927307
291;260,5833333333333;34,64;33,33999303372188;1,6900181123716373;33,745574908775325
292;261,46666666666664;34,76;33,39508022232546;1,8630059994871069;33,80187183827758
293;262,35;34,72;33,45016741092904;1,6124748042666532;33,85816876777983
294;263,2333333333333;34,72;33,50525459953262;1,475606387956653;33,91446569728207
295;264,1166666666667;34,81;33,560341788136206;1,5616456464786201;33,97076262678432
296;265,0;34,86;33,615428976739786;1,5489570319389758;34,027059556286574
297;265,8833333333333;35,02;33,670516165343365;1,821106619999585;34,08335648578881
298;266,76666666666665;35,11;33,725603353946944;1,9165540736029483;34,139653415291065
299;267,65;35,19;33,78069054255052;1,9861531468565314;34,19595034479332
300;268,53333333333336;34,94;33,83577773115411;1,2193068190151601;34,25224727429557
301;269,4166666666667;35,05;33,89086491975769;1,3435941342483417;34,30854420379781
302;270,3;35,05;33,94595210836127;1,2189217470319218;34,36484113330006
303;271,18333333333334;34,88;34,00103929696485;0,7725719174800535;34,421138062802314
304;272,06666666666666;34,84;34,05612648556843;0,6144576866273106;34,47743499230455
305;272,95;35,02;34,11121367417201;0,8258925860119497;34,533731921806805
306;273,8333333333333;34,99;34,166300862775586;0,6784802686642477;34,59002885130906
307;274,71666666666664;34,91;34,221388051379165;0,4741864157833787;34,646325780811296
308;275,6;35,06;34,27647523998275;0,6139110495600905;34,70262271031355
309;276,4833333333333;35,07;34,331562428586324;0,5452900468753288;34,7589196398158
310;277,3666666666667;34,93;34,38664961718991;0,29522963849987094;34,81521656931805
311;278,25;34,97;34,4417368057935;0,27906200235325684;34,87151349882029
312;279,1333333333333;34,91;34,496823994397076;0,17071441160598483;34,927810428322545
313;280,01666666666665;34,83;34,551911183000655;0,07733339014009417;34,9841073578248
314;280,9;34,7;34,606998371604234;0,008649302884264598;35,040404287327036
315;281,78333333333336;34,71;34,662085560207814;0,002295793540599125;35,09670121682929
316;282,6666666666667;34,55;34,71717274881139;0,02794672794515806;35,15299814633154
317;283,55;34,31;34,77225993741497;0,21368424973889205;35,20929507583379
318;284,43333333333334;34,22;34,82734712601855;0,3688705314829958;35,26559200533603
319;285,31666666666666;33,96;34,88243431462213;0,8508850647923989;35,321888934838285
320;286,2;33,72;34,93752150322571;1,482358610816996;35,37818586434054
321;287,0833333333333;33,37;34,99260869182929;2,632858966799967;35,434482793842776
322;287,96666666666664;32,7;35,04769588043287;5,51167594700145;35,49077972334503
323;288,85;31,03;35,10278306903646;16,587561927430055;35,54707665284728
324;289,7333333333333;28,57;35,157870257640035;43,40003453149817;35,603373582349526
325;290,6166666666667;25,38;35,21295744624362;96,6870521396379;35,65967051185177
326;291,5;22,21;35,2680446348472;170,51252968566172;35,715967441354024
327;292,3833333333333;21,78;35,32313182345078;183,4164195873652;35,77226437085628
328;293,26666666666665;23,86;35,37821901205436;132,6693692096505;35,828561300358515
329;294,15;27,74;35,43330620065794;59,1869602970819;35,88485822986077
330;295,03333333333336;32,69;35,48839338926152;7,831005561062576;35,94115515936302
331;295,9166666666667;37,15;35,5434805778651;2,5809046536966584;35,99745208886527
332;296,8;39,21;35,598567766468676;13,042442777389052;36,05374901836751
333;297,68333333333334;39,34;35,653654955072255;13,58913979026336;36,110045947869764
334;298,56666666666666;38,59;35,70874214367584;8,301646834629702;36,16634287737202
335;299,45;37,47;35,76382933227942;2,911018347390082;36,222639806874255
336;300,3333333333333;36,8;35,818916520883;0,9625247929963104;36,27893673637651
337;301,21666666666664;36,51;35,87400370948658;0,4044912815468283;36,33523366587876
338;302,1;36,28;35,929090898090166;0,12313719780316691;36,39153059538101
339;302,9833333333333;36,18;35,98417808669374;0,03834622173092492;36,44782752488325
340;303,8666666666667;36,13;36,039265275297325;0,008232790266870718;36,504124454385504
341;304,75;36,25;36,094352463900904;0,024226155493719353;36,56042138388776
342;305,6333333333333;36,18;36,14943965250448;0,0009339348390467083;36,616718313389995
343;306,51666666666665;36,29;36,20452684110806;0,007305660890966207;36,67301524289225
344;307,4;36,33;36,25961402971164;0,004954184813433369;36,7293121723945
345;308,28333333333336;36,51;36,31470121831523;0,038141614127555276;36,78560910189675
346;309,1666666666667;36,39;36,36978840691881;0,0004085084948797208;36,84190603139899
347;310,05;36,2;36,42487559552239;0,05056903346154695;36,898202960901244
348;310,93333333333334;36,27;36,479962784125966;0,04408437071792585;36,9544998904035
349;311,81666666666666;36,08;36,535049972729546;0,20707047768116182;37,010796819905735
350;312,7;35,99;36,590137161333125;0,3601646124129789;37,06709374940799
351;313,5833333333333;36,19;36,64522434993671;0,20722920877530354;37,12339067891024
352;314,46666666666664;36,16;36,70031153854029;0,29193655867977975;37,179687608412486
353;315,35;36,32;36,75539872714387;0,18957205159850193;37,23598453791473
354;316,2333333333333;36,32;36,81048591574745;0,24057643354661368;37,292281467416984
355;317,1166666666667;36,52;36,86557310435103;0,11942077045080476;37,34857839691924
356;318,0;36,63;36,92066029295461;0,08448340590045703;37,404875326421475
357;318,8833333333333;36,93;36,97574748155819;0,002092832068916708;37,46117225592373
358;319,76666666666665;36,97;37,03083467016177;0,003700857093691068;37,51746918542598
359;320,65;37,06;37,085921858765346;0,0006719427618504201;37,573766114928226
360;321,53333333333336;37,05;37,14100904736893;0,008282646703001075;37,63006304443047
361;322,4166666666667;36,85;37,19609623597251;0,11978260455433944;37,686359973932724
362;323,3;36,91;37,2511834245761;0,11640612920547627;37,74265690343498
363;324,18333333333334;36,8;37,30627061317968;0,2563099337693293;37,798953832937215
364;325,06666666666666;36,8;37,36135780178326;0,3151225816229332;37,85525076243947
365;325,95;36,79;37,416444990386836;0,392433325980764;37,91154769194172
366;326,8333333333333;36,71;37,471532178990415;0,5799312596378885;37,96784462144396
367;327,71666666666664;36,6;37,526619367593995;0,8586234524002917;38,02414155094621
368;328,6;36,87;37,581706556197574;0,506526222134614;38,080438480448464
369;329,4833333333333;36,91;37,63679374480115;0,5282291474820887;38,13673540995071
370;330,3666666666667;36,97;37,69188093340473;0,5211120820132894;38,193032339452955
371;331,25;37,16;37,74696812200831;0,34453157625396835;38,24932926895521
372;332,1333333333333;37,18;37,80205531061189;0,3869528094604566;38,30562619845746
373;333,01666666666665;36,99;37,85714249921547;0,7519361139456485;38,3619231279597
374;333,9;37,05;37,91222968781906;0,743440034556553;38,41822005746195
375;334,78333333333336;36,95;37,96731687642264;1,0349336270543177;38,474516986964204
376;335,6666666666667;37,11;38,02240406502622;0,8324811778763763;38,53081391646646
377;336,55;37,18;38,0774912536298;0,8054905503419938;38,587110845968695
378;337,43333333333334;37,27;38,13257844223338;0,744041569005761;38,64340777547095
379;338,31666666666666;37,39;38,18766563083696;0,6362704586185252;38,6997047049732
380;339,2;37,58;38,24275281944054;0,4392412996763869;38,75600163447544
381;340,0833333333333;37,98;38,29784000804412;0,10102227071348764;38,81229856397769
382;340,96666666666664;38,23;38,3529271966477;0,015111095675662666;38,868595493479944
383;341,85;38,42;38,40801438525128;0,00014365496090483173;38,9248924229822
384;342,7333333333333;38,42;38,46310157385486;0,0018577456687655413;38,981189352484435
385;343,6166666666667;38,39;38,51818876245844;0,016432358820627074;39,03748628198669
386;344,5;38,33;38,57327595106202;0,05918318836513248;39,09378321148894
387;345,3833333333333;38,18;38,6283631396656;0,20102950501079636;39,15008014099118
388;346,26666666666665;38,21;38,68345032826918;0,22415521333819471;39,20637707049343
389;347,15;38,42;38,73853751687276;0,10146614965546315;39,262673999995684
390;348,03333333333336;38,32;38,79362470547635;0,22432036163755617;39,31897092949794
391;348,9166666666667;38,42;38,848711894079926;0,1837938881255965;39,375267859000175
392;349,8;38,56;38,903799082683506;0,11819780925401836;39,43156478850243
393;350,68333333333334;38,39;38,958886271287085;0,32363158965892214;39,48786171800468
394;351,56666666666666;38,18;39,013973459890664;0,6955117318020058;39,54415864750692
395;352,45;38,43;39,06906064849424;0,4083985124538835;39,60045557700917
396;353,3333333333333;38,12;39,12414783709782;1,008312878748241;39,656752506511424
397;354,21666666666664;38,38;39,1792350257014;0,6387766263079169;39,71304943601367
398;355,1;38,26;39,23432221430499;0,9493037772881799;39,769346365515915
399;355,9833333333333;38,64;39,28940940290856;0,4217325725860527;39,82564329501817
400;356,8666666666667;38,4;39,34449659151215;0,8920738113780665;39,88194022452042
401;357,75;38,38;39,39958378011573;1,0395510846750688;39,93823715402266
402;358,6333333333333;37,94;39,45467096871931;2,2942281434811087;39,99453408352491
403;359,51666666666665;37,86;39,50975815732289;2,7217019776534266;40,050831013027164
404;360,4;37,5;39,56484534592647;4,26358630259421;40,10712794252941
405;361,28333333333336;37,09;39,61993253453005;6,40055862927363;40,163424872031655
406;362,1666666666667;35,42;39,67501972313363;18,10519284425618;40,21972180153391
407;363,05;32,88;39,73010691173721;46,92396470222985;40,27601873103616
408;363,9333333333333;29,31;39,78519410034079;109,72969143981449;40,3323156605384
409;364,81666666666666;24,94;39,84028128894437;222,0183824896656;40,38861259004065
