;L, μμ;vt18u, naco3-1, 280, 2000.csv;Result;fail;Predict
0;18,666666666666668;18,03;15,807323522627271;4,940290723066046;18,36780972151456
1;23,33333333333333;19,36;15,85411582966195;12,291223815826914;18,40606521082368
2;28,0;19,29;15,900908136696629;11,485943657909113;18,4443207001328
3;32,666666666666664;19,37;15,947700443731307;11,7121342528369;18,482576189441918
4;37,333333333333336;19,56;15,994492750765986;12,7128419443403;18,520831678751037
5;42,0;19,62;16,041285057800664;12,807200637520804;18,559087168060152
6;46,66666666666666;19,58;16,088077364835343;12,193523689975274;18,59734265736927
7;51,333333333333336;19,64;16,13486967187002;12,285938617176578;18,63559814667839
8;56,0;19,56;16,1816619789047;11,413167784778102;18,67385363598751
9;60,66666666666666;19,41;16,228454285939378;10,122233130657513;18,712109125296628
10;65,33333333333333;19,42;16,275246592974057;9,889473991001289;18,750364614605743
11;70,0;19,56;16,322038900008735;10,484392085056633;18,788620103914862
12;74,66666666666667;19,57;16,368831207043414;10,24748164099913;18,82687559322398
13;79,33333333333333;19,67;16,415623514078092;10,590966312121436;18,8651310825331
14;84,0;19,84;16,46241582111277;11,408074885469318;18,90338657184222
15;88,66666666666667;19,91;16,50920812814745;11,565385355658377;18,941642061151335
16;93,33333333333331;19,89;16,556000435182128;11,115553098205766;18,979897550460453
17;98,0;19,95;16,602792742216806;11,203796426556483;19,018153039769572
18;102,66666666666669;19,94;16,649585049251485;10,826830548109362;19,05640852907869
19;107,33333333333331;19,79;16,696377356286163;9,570501061698984;19,09466401838781
20;112,0;19,72;16,743169663320842;8,861518853373344;19,13291950769693
21;116,66666666666669;19,69;16,78996197035552;8,410220573384244;19,171174997006045
22;121,33333333333331;19,8;16,8367542773902;8,780825212565286;19,209430486315163
23;126,0;19,91;16,883546584424877;9,159420276646326;19,247685975624282
24;130,66666666666666;20,06;16,930338891459556;9,794778654310594;19,2859414649334
25;135,33333333333334;20,13;16,977131198494234;9,940581679508396;19,32419695424252
26;140,0;20,15;17,023923505528913;9,772354249284632;19,362452443551636
27;144,66666666666666;20,14;17,07071581256359;9,420505423247178;19,400707932860755
28;149,33333333333334;20,17;17,11750811959827;9,317706679918501;19,438963422169873
29;154,0;20,13;17,16430042663295;8,795373959469506;19,477218911478992
30;158,66666666666666;20,09;17,211092733667627;8,288107048141336;19,51547440078811
31;163,33333333333334;20,07;17,257885040702305;7,907990544305876;19,55372989009723
32;168,0;19,99;17,304677347736984;7,21095774675687;19,591985379406346
33;172,66666666666666;20,04;17,351469654771662;7,228195417213599;19,630240868715465
34;177,33333333333334;20,01;17,39826196180634;6,821175580147671;19,668496358024584
35;182,0;20,13;17,44505426884102;7,208933579268827;19,706751847333702
36;186,66666666666663;20,32;17,491846575875698;7,9984517903860155;19,745007336642818
37;191,3333333333333;20,35;17,538638882910377;7,9037513306834235;19,783262825951937
38;196,0;20,36;17,585431189945055;7,69823208172971;19,821518315261056
39;200,66666666666663;20,64;17,632223496979734;9,046719492120825;19,859773804570175
40;205,3333333333333;20,69;17,679015804014412;9,066025828474984;19,898029293879294
41;210,0;20,77;17,72580811104909;9,267104256754504;19,936284783188412
42;214,66666666666663;20,88;17,77260041808377;9,65593216169316;19,974540272497528
43;219,3333333333333;20,54;17,819392725118448;7,401703944138422;20,012795761806647
44;224,0;20,15;17,866185032153126;5,215810807361411;20,051051251115766
45;228,66666666666663;20,03;17,912977339187805;4,481784946392352;20,089306740424885
46;233,3333333333333;19,89;17,959769646222483;3,72578921864408;20,127562229734004
47;238,0;19,78;18,00656195325716;3,1450825056350578;20,16581771904312
48;242,66666666666663;19,98;18,05335426029184;3,711963806335604;20,204073208352238
49;247,3333333333333;20,25;18,10014656732652;4,621869781977951;20,242328697661357
50;252,0;20,48;18,146938874361197;5,443174215967;20,280584186970476
51;256,6666666666667;20,51;18,193731181395876;5,3651012400377525;20,318839676279595
52;261,3333333333333;20,59;18,240523488430554;5,520039878416531;20,35709516558871
53;266,0;20,65;18,287315795465233;5,582276650358079;20,39535065489783
54;270,6666666666667;20,48;18,33410810249991;4,604852035756533;20,433606144206948
55;275,3333333333333;20,27;18,38090040953459;3,568697262696579;20,471861633516067
56;280,0;20,2;18,42769271656927;3,1410731069016173;20,510117122825186
57;284,6666666666667;20,12;18,474485023603947;2,707719537543707;20,548372612134305
58;289,3333333333333;20,16;18,521277330638625;2,6854119870788695;20,58662810144342
59;294,0;20,28;18,568069637673304;2,930705565456017;20,62488359075254
60;298,6666666666667;20,31;18,614861944707982;2,873493026499199;20,663139080061658
61;303,3333333333333;20,44;18,66165425174266;3,1625136003449597;20,701394569370777
62;308,0;20,57;18,70844655877734;3,465381214527931;20,739650058679896
63;312,6666666666667;20,83;18,755238865812018;4,3046337639369945;20,777905547989015
64;317,3333333333333;20,8;18,802031172846696;3,9918794342763504;20,81616103729813
65;322,0;21,08;18,848823479881375;4,97814866392865;20,85441652660725
66;326,6666666666667;21,14;18,895615786916053;5,037260495940449;20,892672015916368
67;331,3333333333333;21,17;18,942408093950732;4,962165699896218;20,930927505225487
68;336,0;21,13;18,98920040098541;4,583022923141023;20,969182994534606
69;340,6666666666667;21,48;19,03599270802009;5,97317164325098;21,00743848384372
70;345,3333333333333;21,38;19,082785015054768;5,27719668705692;21,04569397315284
71;350,0;21,43;19,129577322089446;5,291944497045163;21,08394946246196
72;354,6666666666667;21,38;19,176369629124125;4,855986811446544;21,122204951771078
73;359,3333333333333;21,28;19,223161936158803;4,230582820866008;21,160460441080197
74;364,0;21,03;19,26995424319348;3,0977610660526342;21,198715930389312
75;368,6666666666667;21,02;19,31674655022816;2,901072314159672;21,23697141969843
76;373,3333333333333;21,09;19,36353885726284;2,9806680773813046;21,27522690900755
77;378,0;21,2;19,410331164297517;3,202914541484678;21,31348239831667
78;382,6666666666667;21,28;19,457123471332196;3,3228788387679886;21,351737887625788
79;387,3333333333333;21,37;19,503915778366874;3,482270322228113;21,389993376934903
80;392,0;21,65;19,550708085401553;4,407026542698409;21,428248866244022
81;396,6666666666667;21,72;19,59750039243623;4,505004584108348;21,46650435555314
82;401,3333333333333;21,76;19,64429269947091;4,476217381512097;21,50475984486226
83;406,0;21,73;19,69108500650559;4,157174350696319;21,54301533417138
84;410,6666666666667;21,64;19,737877313540267;3,6180707143447948;21,581270823480498
85;415,3333333333333;21,53;19,784669620574945;3,0461781333440094;21,619526312789613
86;420,0;21,48;19,831461927609624;2,7176777761205786;21,657781802098732
87;424,6666666666667;21,61;19,878254234644302;2,9989433958273892;21,69603729140785
88;429,3333333333333;21,63;19,92504654167898;2,9068662950407997;21,73429278071697
89;434,0;21,41;19,97183884871366;2,068307497069253;21,77254827002609
90;438,6666666666667;20,8;20,018631155748338;0,6105372707671793;21,810803759335208
91;443,3333333333333;19,67;20,065423462783016;0,15635971491931017;21,849059248644323
92;448,0;18,24;20,112215769817695;3,50519188875407;21,887314737953442
93;452,6666666666667;16,8;20,159008076852373;11,282935260359475;21,92557022726256
94;457,3333333333333;15,77;20,205800383887052;19,676325045692522;21,96382571657168
95;462,0;14,97;20,25259269092173;27,905785538179682;22,0020812058808
96;466,6666666666667;15,02;20,29938499795641;27,871905956647197;22,040336695189914
97;471,3333333333333;15,01;20,346177304991087;28,474788230301947;22,078592184499033
98;476,0;15,11;20,392969612025766;27,90976792158768;22,116847673808152
99;480,6666666666667;15,38;20,439761919060444;25,601190677574223;22,15510316311727
100;485,3333333333333;15,52;20,486554226095123;24,66666088074333;22,19335865242639
101;490,0;15,39;20,5333465331298;26,454013559858343;22,231614141735506
102;494,6666666666667;15,52;20,58013884016448;25,605005081741133;22,269869631044624
103;499,3333333333333;15,8;20,62693114719916;23,29926429980138;22,308125120353743
104;504,0;15,7;20,673723454233837;24,73792499919578;22,346380609662862
105;508,6666666666667;15,61;20,720515761268516;26,117371346173922;22,38463609897198
106;513,3333333333334;15,63;20,767308068303194;26,39193418865309;22,422891588281097
107;518,0;15,78;20,814100375337873;25,342166588976916;22,461147077590216
108;522,6666666666666;15,91;20,86089268237255;24,51133835237007;22,499402566899334
109;527,3333333333334;16,01;20,90768498940723;23,98731825546488;22,537658056208453
110;532,0;16,14;20,954477296441908;23,17919163795458;22,575913545517572
111;536,6666666666666;16,31;21,001269603476587;22,008010492503384;22,614169034826688
112;541,3333333333334;16,4;21,048061910511265;21,604479523945646;22,65242452413581
113;546,0;16,22;21,094854217545944;23,764203642325487;22,690680013444926
114;550,6666666666666;16,08;21,141646524580622;25,62026553979911;22,728935502754045
115;555,3333333333334;16,13;21,1884388316153;25,58780341319358;22,767190992063163
116;560,0;16,14;21,23523113864998;25,961380356268357;22,805446481372282
117;564,6666666666666;16,14;21,282023445684658;26,440405115970716;22,8437019706814
118;569,3333333333334;16,19;21,328815752719336;26,407427340396385;22,881957459990517
119;574,0;16,36;21,375608059754015;25,15632420906944;22,920212949299636
120;578,6666666666666;16,55;21,422400366788693;23,740285334282586;22,958468438608755
121;583,3333333333334;16,7;21,469192673823372;22,745198760050528;22,996723927917873
122;588,0;16,92;21,51598498085805;21,123077944272758;23,034979417226992
123;592,6666666666666;17,06;21,56277728789273;20,27500330436261;23,073234906536108
124;597,3333333333334;16,99;21,609569594927407;21,340423242377785;23,111490395845227
125;602,0;16,88;21,656361901962086;22,813633018514885;23,149745885154346
126;606,6666666666666;16,9;21,703154208996764;23,070290355403348;23,188001374463465
127;611,3333333333334;16,64;21,749946516031443;26,111553396701876;23,226256863772583
128;616,0;16,84;21,79673882306612;24,56925976009092;23,2645123530817
129;620,6666666666666;17,09;21,8435311301008;22,59605820483739;23,302767842390818
130;625,3333333333334;17,4;21,89032343713548;20,16300457008819;23,341023331699937
131;630,0;17,31;21,937115744170157;21,410200109947358;23,379278821009056
132;634,6666666666666;17,44;21,983908051204835;20,647100377804115;23,417534310318175
133;639,3333333333334;17,49;22,030700358239514;20,617959743316465;23,45578979962729
134;644,0;17,31;22,077492665274193;22,728986313443237;23,49404528893641
135;648,6666666666666;17,13;22,12428497230887;24,94288238463023;23,532300778245528
136;653,3333333333334;16,53;22,17107727934355;31,82175287152601;23,570556267554647
137;658,0;16,94;22,217869586378228;27,855907370816276;23,608811756863766
138;662,6666666666666;17,86;22,264661893412907;19,401046395283775;23,64706724617288
139;667,3333333333334;19,26;22,311454200447585;9,3113727374292;23,685322735482004
140;672,0;20,68;22,358246507482264;2,8165113398764166;23,72357822479112
141;676,6666666666666;22,63;22,405038814516942;0,05060753497394232;23,761833714100238
142;681,3333333333334;23,84;22,451831121551624;1,9270128350926212;23,800089203409357
143;686,0;24,18;22,4986234285863;2,827027174898891;23,838344692718476
144;690,6666666666666;24,46;22,545415735620978;3,665632905407765;23,87660018202759
145;695,3333333333334;24,48;22,59220804265566;3,563758474213977;23,91485567133671
146;700,0;24,53;22,639000349690335;3,575879677471281;23,95311116064583
147;704,6666666666666;24,34;22,685792656725013;2,7364019345448893;23,991366649954948
148;709,3333333333334;24,16;22,732584963759695;2,0375136856849108;24,029622139264067
149;714,0;24,01;22,77937727079437;1,5144323016375165;24,067877628573186
150;718,6666666666666;23,89;22,82616957782905;1,1317351671364255;24,1061331178823
151;723,3333333333334;23,7;22,87296188486373;0,6839920438881516;24,14438860719142
152;728,0;23,65;22,919754191898406;0,5332589402499482;24,18264409650054
153;732,6666666666666;23,79;22,966546498933084;0,6780756684193595;24,220899585809658
154;737,3333333333334;23,74;23,013338805967766;0,5280364909123492;24,259155075118777
155;742,0;23,83;23,06013111300244;0,5926981031668571;24,297410564427892
156;746,6666666666666;24,0;23,10692342003712;0,7975857776781946;24,33566605373701
157;751,3333333333334;24,07;23,153715727071802;0,8395768688155572;24,37392154304613
158;756,0;24,21;23,200508034106477;1,0190740292035718;24,41217703235525
159;760,6666666666666;24,4;23,247300341141155;1,3287165035332935;24,450432521664368
160;765,3333333333334;24,58;23,294092648175837;1,6535577174754261;24,488688010973483
161;770,0;24,76;23,340884955210512;2,0138875103478737;24,526943500282602
162;774,6666666666666;24,86;23,38767726224519;2,1677342441098144;24,56519898959172
163;779,3333333333334;24,97;23,434469569279873;2,3578537036675353;24,60345447890084
164;784,0;25,08;23,481261876314548;2,555963588125274;24,64170996820996
165;788,6666666666666;25,03;23,528054183349226;2,255841236154762;24,679965457519074
166;793,3333333333334;25,08;23,57484649038391;2,2654870875096322;24,718220946828197
167;798,0;25,13;23,621638797418584;2,275153517452854;24,756476436137312
168;802,6666666666666;25,13;23,668431104453262;2,1361836364297084;24,79473192544643
169;807,3333333333334;25,13;23,71522341148794;2,0015927954018182;24,83298741475555
170;812,0;25,3;23,76201571852262;2,365395650071498;24,871242904064665
171;816,6666666666666;25,41;23,808808025557298;2,56381573901972;24,909498393373784
172;821,3333333333334;25,47;23,855600332591976;2,6062862861271343;24,947753882682903
173;826,0;25,42;23,902392639626655;2,3031321002593583;24,986009371992022
174;830,6666666666666;25,61;23,949184946661333;2,758306641396317;25,02426486130114
175;835,3333333333334;25,64;23,99597725369601;2,70281079036491;25,06252035061026
176;840,0;25,71;24,04276956073069;2,779657337626139;25,10077583991938
177;844,6666666666666;25,91;24,08956186776537;3,3139949932939134;25,139031329228494
178;849,3333333333334;26,18;24,13635417480005;4,17648825885718;25,177286818537613
179;854,0;26,23;24,183146481834726;4,189609324825563;25,215542307846732
180;858,6666666666666;26,46;24,229938788869404;4,973173005389263;25,25379779715585
181;863,3333333333334;26,52;24,276731095904086;5,03225537608368;25,29205328646497
182;868,0;26,15;24,32352340293876;3,3360167596123973;25,330308775774085
183;872,6666666666666;25,48;24,37031570997344;1,231399223531752;25,368564265083204
184;877,3333333333334;23,76;24,417108017008122;0,4317909460163441;25,406819754392323
185;891,3333333333334;22,53;24,557484938112157;4,110695174271654;25,521586222319677
186;896,0;22,27;24,604277245146832;5,448850257210287;25,559841711628795
187;900,6666666666666;22,53;24,65106955218151;4,498936045191471;25,598097200937914
188;905,3333333333334;23,01;24,697861859216193;2,848877655796738;25,636352690247033
189;910,0;24,77;24,744654166250868;0,0006424112884386228;25,674608179556152
190;914,6666666666666;26,02;24,791446473285546;1,5093437680025206;25,712863668865268
191;919,3333333333334;26,14;24,83823878032023;1,6945822730621678;25,75111915817439
192;924,0;26,13;24,885031087354903;1,5499475934527116;25,789374647483505
193;928,6666666666666;26,31;24,931823394389582;1,8993707562518503;25,827630136792624
194;933,3333333333334;26,37;24,978615701424264;1,9359502663230956;25,865885626101743
195;938,0;26,22;25,02540800845894;1,4270500262540358;25,90414111541086
196;942,6666666666666;26,27;25,072200315493617;1,4347240842035884;25,942396604719978
197;947,3333333333334;26,27;25,1189926225283;1,3248179829942806;25,980652094029097
198;952,0;26,12;25,165784929562975;0,9105264006491394;26,018907583338216
199;956,6666666666666;26,05;25,212577236597653;0,7012768846644244;26,057163072647334
200;961,3333333333334;26,05;25,259369543632335;0,6250965185361432;26,095418561956453
201;966,0;26,11;25,30616185066701;0,6461557703230854;26,133674051265572
202;970,6666666666666;26,25;25,35295415770169;0,804691243184687;26,171929540574688
203;975,3333333333334;26,48;25,39974646473637;1,1669477004495703;26,210185029883807
204;980,0;26,45;25,44653877177105;1,0069344365587531;26,248440519192926
205;984,6666666666666;26,64;25,493331078805724;1,3148496148328457;26,28669600850204
206;989,3333333333334;26,88;25,540123385840406;1,7952693411717744;26,324951497811163
207;994,0;27,02;25,586915692875085;2,0537306313276975;26,36320698712028
208;998,6666666666666;27,03;25,63370799990976;1,949631349516007;26,401462476429398
209;1003,3333333333334;27,25;25,68050030694444;2,4633292865014917;26,439717965738517
210;1008,0;27,14;25,72729261397912;1,9957421585179485;26,477973455047636
211;1012,6666666666666;27,07;25,774084921013795;1,679395891943822;26,516228944356754
212;1017,3333333333334;26,88;25,820877228048477;1,1217410460662751;26,55448443366587
213;1022,0;26,96;25,867669535083156;1,1931858445854508;26,59273992297499
214;1026,6666666666667;26,89;25,914461842117834;0,9516746974841304;26,630995412284108
215;1031,3333333333333;27,14;25,96125414915251;1,3894417808901762;26,669250901593223
216;1036,0;27,13;26,00804645618719;1,2587797544741177;26,707506390902346
217;1040,6666666666667;27,49;26,05483876322187;2,0596877755505276;26,74576188021146
218;1045,3333333333333;27,62;26,101631070256545;2,3054442068102885;26,78401736952058
219;1050,0;27,75;26,148423377291227;2,5650476784072396;26,8222728588297
220;1054,6666666666667;27,57;26,195215684325905;1,8900319146234894;26,860528348138818
221;1059,3333333333333;27,69;26,24200799136058;2,0966808570836246;26,898783837447937
222;1064,0;27,51;26,288800298395262;1,491328711199504;26,937039326757052
223;1068,6666666666667;27,41;26,33559260542994;1,1543512495068229;26,975294816066175
224;1073,3333333333333;27,46;26,382384912464616;1,1612542768838954;27,01355030537529
225;1078,0;27,64;26,429177219499298;1,4660918057794525;27,05180579468441
226;1082,6666666666667;27,77;26,475969526533977;1,6745148662587;27,090061283993528
227;1087,3333333333333;27,7;26,52276183356865;1,3858897005026418;27,128316773302643
228;1092,0;27,78;26,569554140603334;1,4651791785305373;27,166572262611766
229;1096,6666666666667;27,62;26,616346447638012;1,0073204531688398;27,20482775192088
230;1101,3333333333333;27,36;26,663138754672687;0,4856155952391327;27,24308324123
231;1106,0;27,15;26,70993106170737;0,19366067045000215;27,28133873053912
232;1110,6666666666667;25,59;26,756723368742048;1,3612434191687923;27,319594219848238
233;1115,3333333333333;25,08;26,803515675776723;2,9705062846480987;27,357849709157357
234;1120,0;25,15;26,850307982811405;2,891047236412193;27,396105198466472
235;1124,6666666666667;25,45;26,897100289846083;2,09409924887262;27,434360687775595
236;1129,3333333333333;25,39;26,943892596880758;2,4145822026408243;27,47261617708471
237;1134,0;27,06;26,99068490391544;0,004804582545211583;27,51087166639383
238;1138,6666666666667;27,54;27,03747721095012;0,25252915351447064;27,549127155702948
239;1143,3333333333333;27,61;27,084269517984794;0,2763925397199406;27,587382645012063
240;1148,0;27,62;27,131061825019476;0,23906053895328674;27,625638134321182
241;1152,6666666666667;27,69;27,177854132054154;0,262293390054005;27,6638936236303
242;1157,3333333333333;27,62;27,22464643908883;0,15630443812514364;27,702149112939416
243;1162,0;27,69;27,27143874612351;0,17519352324665952;27,74040460224854
244;1166,6666666666667;27,88;27,31823105315819;0,3155843496357555;27,778660091557654
245;1171,3333333333333;27,77;27,365023360192865;0,16400607878947782;27,816915580866773
246;1176,0;27,94;27,411815667227547;0,2789786893862829;27,855171070175892
247;1180,6666666666667;28,09;27,458607974262225;0,39865589016525055;27,89342655948501
248;1185,3333333333333;28,02;27,5054002812969;0,2648128704893089;27,93168204879413
249;1190,0;27,97;27,552192588331582;0,17456303324506167;27,969937538103245
250;1194,6666666666667;28,09;27,59898489536626;0,24109583297848164;28,008193027412368
251;1199,3333333333333;28,09;27,645777202400936;0,197333893906739;28,046448516721483
252;1204,0;28,2;27,692569509435618;0,25748570275440874;28,084704006030602
253;1208,6666666666667;28,35;27,739361816470296;0,37287899118445766;28,12295949533972
254;1213,3333333333333;28,25;27,78615412350497;0,21515299714144134;28,161214984648836
255;1218,0;28,31;27,832946430539653;0,22758010813485646;28,19947047395796
256;1222,6666666666667;28,39;27,879738737574332;0,26036655593223706;28,237725963267074
257;1227,3333333333333;28,39;27,926531044609007;0,21480347261121885;28,275981452576193
258;1232,0;28,37;27,97332335164369;0,1573523633511972;28,314236941885312
259;1236,6666666666667;28,5;28,020115658678368;0,23028898104569706;28,35249243119443
260;1241,3333333333333;28,58;28,066907965713042;0,2632634356487267;28,39074792050355
261;1246,0;28,62;28,113700272747725;0,25633941381572956;28,429003409812665
262;1250,6666666666667;28,63;28,160492579782403;0,22043721763938223;28,467258899121788
263;1255,3333333333333;28,63;28,207284886817078;0,1786880669132497;28,505514388430903
264;1260,0;28,49;28,25407719385176;0,05565957046085925;28,54376987774002
265;1264,6666666666667;28,72;28,30086950088644;0,17567037528718213;28,58202536704914
266;1269,3333333333333;28,87;28,347661807921117;0,272837186904237;28,620280856358256
267;1274,0;29,04;28,394454114955796;0,416729489697504;28,658536345667375
268;1278,6666666666667;29,34;28,441246421990474;0,8077579939849246;28,696791834976494
269;1283,3333333333333;29,67;28,488038729025153;1,3970324460844805;28,73504732428561
270;1288,0;29,57;28,53483103605983;1,0715747839049632;28,773302813594732
271;1292,6666666666667;29,43;28,58162334309451;0,7197429519821356;28,811558302903848
272;1297,3333333333333;29,42;28,628415650129188;0,6266057829603985;28,849813792212966
273;1302,0;29,32;28,675207957163867;0,4157567785047943;28,888069281522085
274;1306,6666666666667;29,36;28,722000264198545;0,40704366288272537;28,926324770831204
275;1311,3333333333333;29,36;28,768792571233224;0,34952622382902215;28,964580260140323
276;1316,0;29,5;28,815584878267902;0,46842405885556215;29,00283574944944
277;1320,6666666666667;29,38;28,86237718530258;0,26793337829527775;29,04109123875856
278;1325,3333333333333;29,28;28,90916949233726;0,13751526541340683;29,079346728067677
279;1330,0;27,89;28,955961799371938;1,1362745577202582;29,117602217376795
280;1334,6666666666667;26,83;29,002754106406616;4,720860406906821;29,155857706685914
281;1339,3333333333333;26,46;29,049546413441295;6,705750627366669;29,19411319599503
282;1344,0;26,73;29,096338720475973;5,599558940023865;29,232368685304152
283;1348,6666666666667;26,94;29,143131027510652;4,853786324380135;29,270624174613268
284;1353,3333333333333;28,37;29,18992333454533;0,6722742745319321;29,308879663922387
285;1358,0;29,51;29,23671564158001;0,07468434055702701;29,347135153231505
286;1362,6666666666667;29,95;29,28350794861469;0,44421165455979644;29,385390642540624
287;1367,3333333333333;29,89;29,330300255649366;0,31326380382616575;29,423646131849743
288;1372,0;29,77;29,377092562684044;0,1543762542981912;29,46190162115886
289;1376,6666666666667;29,65;29,423884869718727;0,05112805214211664;29,500157110467978
290;1381,3333333333333;29,52;29,4706771767534;0,002432740893015157;29,538412599777097
291;1386,0;29,46;29,51746948378808;0,0033027415668682916;29,576668089086212
292;1390,6666666666667;29,38;29,564261790822762;0,03395240755721169;29,614923578395334
293;1395,3333333333333;29,39;29,611054097857437;0,048864914179565094;29,65317906770445
294;1400,0;29,42;29,657846404892116;0,056570912320103355;29,69143455701357
295;1404,6666666666667;29,42;29,704638711926798;0,0810191963273455;29,729690046322688
296;1409,3333333333333;29,31;29,751431018961473;0,19486134450136508;29,767945535631803
297;1414,0;29,23;29,79822332599615;0,3228777482061277;29,806201024940925
298;1418,6666666666667;29,26;29,845015633030833;0,3422432908904646;29,84445651425004
299;1423,3333333333333;29,28;29,891807940065508;0,374308955527199;29,88271200355916
300;1428,0;29,39;29,938600247100187;0,3009622311183852;29,92096749286828
301;1432,6666666666667;29,42;29,98539255413487;0,3196687402711485;29,959222982177398
302;1437,3333333333333;29,44;30,032184861169544;0,3506829097983902;29,997478471486517
303;1442,0;29,41;30,078977168204222;0,44753045157854;30,035733960795632
304;1446,6666666666667;29,32;30,125769475238904;0,6492644472267787;30,073989450104754
305;1451,3333333333333;29,33;30,17256178227358;0,7099103569480332;30,11224493941387
306;1456,0;29,4;30,219354089308258;0,6713411236661667;30,15050042872299
307;1460,6666666666667;29,5;30,26614639634294;0,586980300629273;30,188755918032108
308;1465,3333333333333;29,64;30,312938703377615;0,45284649850354464;30,227011407341223
309;1470,0;29,79;30,359731010412293;0,3245934242254136;30,265266896650346
310;1474,6666666666667;30,02;30,406523317446975;0,1494002749302156;30,30352238595946
311;1479,3333333333333;30,21;30,45331562448165;0,05920249311689505;30,34177787526858
312;1484,0;30,4;30,50010793151633;0,010021597952478265;30,3800333645777
313;1488,6666666666667;30,36;30,54690023855101;0,03493169917042499;30,418288853886818
314;1493,3333333333333;30,32;30,593692545585686;0,07490760950917257;30,456544343195933
315;1498,0;30,26;30,640484852620364;0,1447687230735392;30,494799832505052
316;1502,6666666666667;30,15;30,687277159655046;0,2886667462869958;30,53305532181417
317;1507,3333333333333;30,03;30,73406946668972;0,4957138139247471;30,57131081112329
318;1512,0;30,03;30,7808617737244;0,5637934032405503;30,609566300432405
319;1516,6666666666667;30,07;30,827654080759082;0,5740397060908891;30,647821789741528
320;1521,3333333333333;30,18;30,874446387793757;0,4822557855197974;30,686077279050643
321;1526,0;30,25;30,921238694828435;0,4505613854349815;30,724332768359762
322;1530,6666666666667;30,24;30,968031001863118;0,5300291396738169;30,76258825766888
323;1535,3333333333333;30,35;31,014823308897792;0,4419900320538077;30,800843746977996
324;1540,0;30,5;31,06161561593247;0,3154121000592088;30,83909923628712
325;1544,6666666666667;30,27;31,108407922967153;0,7029278452940964;30,877354725596234
326;1549,3333333333333;29,52;31,155200230001828;2,673879792198033;30,915610214905353
327;1554,0;28,01;31,201992537036507;10,188816356496744;30,953865704214472
328;1558,6666666666667;27,45;31,24878484407119;14,43076629154497;30,99212119352359
329;1563,3333333333333;27,6;31,295577151105864;13,657290479775721;31,03037668283271
330;1568,0;27,81;31,342369458140542;12,477633988804117;31,068632172141825
331;1572,6666666666667;28,7;31,389161765175224;7,231590999280331;31,106887661450948
332;1577,3333333333333;30,21;31,4359540722099;1,5029633871680326;31,145143150760063
333;1582,0;30,72;31,482746379244578;0,5817820390507148;31,183398640069182
334;1586,6666666666667;30,43;31,52953868627926;1,208985322624721;31,2216541293783
335;1591,3333333333333;30,13;31,576330993313935;2,0918733422204756;31,259909618687416
336;1596,0;29,72;31,623123300348613;3,621878296329802;31,29816510799654
337;1600,6666666666667;29,64;31,66991560738329;4,120557373098276;31,336420597305654
338;1605,3333333333333;29,6;31,71670791441797;4,480452394959667;31,374676086614773
339;1610,0;29,56;31,76350022145265;4,855413225941878;31,412931575923892
340;1614,6666666666667;29,68;31,810292528487327;4,538146256928931;31,45118706523301
341;1619,3333333333333;29,87;31,857084835522006;3,9485061435615125;31,489442554542126
342;1624,0;29,91;31,903877142556684;3,9755460596100076;31,527698043851245
343;1628,6666666666667;30,0;31,950669449591363;3,8051113015690703;31,565953533160364
344;1633,3333333333333;30,0;31,99746175662604;3,9898534691835907;31,604209022469483
345;1638,0;29,94;32,044254063660716;4,427885164432633;31,6424645117786
346;1642,6666666666667;30,1;32,091046370695395;3,9642656502592977;31,68072000108772
347;1647,3333333333333;30,23;32,13783867773007;3,6398484202428327;31,718975490396836
348;1652,0;30,36;32,18463098476475;3,32927823056359;31,757230979705955
349;1656,6666666666667;30,49;32,23142329179943;3,0325550812215694;31,795486469015074
350;1661,3333333333333;30,87;32,27821559883411;1,983071172799705;31,83374195832419
351;1666,0;31,03;32,32500790586879;1,677045476262659;31,871997447633312
352;1670,6666666666667;31,16;32,371800212903466;1,468459755992885;31,910252936942427
353;1675,3333333333333;31,3;32,418592519938144;1,2512492256615664;31,948508426251546
354;1680,0;31,45;32,46538482697282;1,031006346846631;31,986763915560665
355;1684,6666666666667;31,62;32,51217713400751;0,7959800384458501;32,02501940486978
356;1689,3333333333333;31,65;32,55896944104218;0,8262254447485357;32,0632748941789
357;1694,0;31,68;32,60576174807686;0,8570348142023213;32,10153038348802
358;1698,6666666666667;31,59;32,652554055111544;1,1290211200339866;32,13978587279714
359;1703,3333333333333;31,58;32,699346362146215;1,2529362784499705;32,178041362106256
360;1708,0;31,39;32,746138669180894;1,8391120900477247;32,21629685141538
361;1712,6666666666667;31,4;32,79293097621558;1,9402567045008916;32,254552340724494
362;1717,3333333333333;31,4;32,83972328325025;2,072803132332887;32,29280783003361
363;1722,0;31,45;32,88651559028493;2,0635770411316616;32,33106331934273
364;1726,6666666666667;31,43;32,933307897319615;2,2599346341435234;32,36931880865185
365;1731,3333333333333;31,38;32,98010020435429;2,560320663974633;32,40757429796096
366;1736,0;31,52;33,026892511388965;2,2707250408801434;32,445829787270085
367;1740,6666666666667;31,65;33,07368481842365;2,026878462209987;32,4840852765792
368;1745,3333333333333;31,76;33,12047712545832;1,8508980088953348;32,522340765888316
369;1750,0;31,92;33,167269432493;1,5556810372314076;32,56059625519744
370;1754,6666666666667;32,13;33,214061739527686;1,1751898551077875;32,59885174450656
371;1759,3333333333333;31,95;33,26085404656236;1,7183383313889096;32,63710723381568
372;1764,0;31,92;33,307646353597036;1,925562402651146;32,67536272312479
373;1768,6666666666667;31,3;33,35443866063172;4,22071821029826;32,713618212433914
374;1773,3333333333333;28,28;33,40123096766639;26,22700662418525;32,75187370174303
375;1792,0;25,61;33,58840019580511;63,654869684422984;32,904895658979505
376;1796,6666666666667;24,46;33,63519250283979;84,18415746416753;32,94315114828862
377;1801,3333333333333;24,16;33,681984809874464;90,66819471948004;32,98140663759774
378;1806,0;24,43;33,72877711690914;86,46725586995312;33,01966212690686
379;1810,6666666666667;27,32;33,77556942394383;41,67437658735845;33,057917616215974
380;1815,3333333333333;29,67;33,8223617309785;17,242107944894748;33,0961731055251
381;1820,0;30,73;33,86915403801318;9,854288074374441;33,13442859483421
382;1824,6666666666667;30,84;33,915946345047864;9,461445917613315;33,172684084143334
383;1829,3333333333333;31,14;33,962738652082535;7,967853497960726;33,21093957345245
384;1834,0;31,23;34,009530959117214;7,725792352691057;33,24919506276157
385;1838,6666666666667;31,27;34,0563232661519;7,7635973434993915;33,28745055207069
386;1843,3333333333333;31,46;34,10311557318657;6,986059933221371;33,3257060413798
387;1848,0;31,61;34,14990788022125;6,451132040010004;33,363961530688925
388;1852,6666666666667;31,75;34,196700187255935;5,986341806318228;33,40221701999804
389;1857,3333333333333;31,8;34,24349249429061;5,970655569654526;33,440472509307156
390;1862,0;32,13;34,290284801325285;4,666830422837015;33,47872799861628
391;1866,6666666666667;32,15;34,33707710835997;4,783306277912217;33,516983487925394
392;1871,3333333333333;32,4;34,38386941539464;3,9357378573382844;33,55523897723451
393;1876,0;32,47;34,43066172242932;3,8441943897995143;33,59349446654363
394;1880,6666666666667;32,73;34,477454029464006;3,0535955850900027;33,631749955852754
395;1885,3333333333333;32,85;34,52424633649868;2,803100795279238;33,67000544516187
396;1890,0;32,99;34,571038643533356;2,4996831923457883;33,708260934470985
397;1894,6666666666667;33,1;34,61783095056804;2,3038107945022808;33,74651642378011
398;1899,3333333333333;33,3;34,66462325760271;1,8621966351902486;33,78477191308922
399;1904,0;33,36;34,71141556463739;1,8263240283442015;33,82302740239834
400;1908,6666666666667;33,54;34,75820787167208;1,4840304186038142;33,86128289170746
401;1913,3333333333333;33,72;34,80500017870675;1,177225387793679;33,899538381016576
402;1918,0;33,97;34,85179248574143;0,777557987910047;33,9377938703257
403;1922,6666666666667;34,31;34,89858479277611;0,34643205828729695;33,976049359634814
404;1927,3333333333333;34,44;34,945377099810784;0,2554060130131616;34,01430484894394
405;1932,0;34,6;34,99216940684546;0,15379684366552096;34,05256033825305
406;1936,6666666666667;34,83;35,03896171388015;0,0436649978677297;34,09081582756217
407;1941,3333333333333;34,86;35,08575402091482;0,050964877959209134;34,12907131687129
408;1946,0;34,58;35,1325463279495;0,30530744453047637;34,167326806180405
409;1950,6666666666667;34,56;35,179338634984184;0,3835803447840694;34,20558229548953
410;1955,3333333333333;34,45;35,226130942018855;0,6023792391590713;34,24383778479864
411;1960,0;34,51;35,27292324905354;0,5820518839464143;34,282093274107766
412;1964,6666666666667;34,42;35,31971555608822;0,8094880818671308;34,32034876341688
413;1969,3333333333333;34,49;35,36650786312289;0,7682660341162528;34,358604252725996
414;1974,0;34,6;35,41330017015758;0,6614571667783405;34,39685974203512
415;1978,6666666666667;34,66;35,460092477192255;0,6401479720596446;34,435115231344234
416;1983,3333333333333;34,62;35,506884784226926;0,7865646204932464;34,47337072065335
417;1988,0;34,71;35,55367709126161;0,711791034319653;34,51162620996247
418;1992,6666666666667;34,92;35,60046939829629;0,46303860201771335;34,549881699271594
419;1997,3333333333333;34,8;35,64726170533096;0,7178523973203346;34,5881371885807
420;2002,0;34,86;35,69405401236565;0,6956460955432368;34,626392677889825
421;2006,6666666666667;34,6;35,740846319400326;1,3015303244892675;34,66464816719895
422;2011,3333333333333;32,71;35,787638626435;9,471859514924693;34,70290365650806
423;2016,0;31,16;35,83443093346968;21,85030455177825;34,74115914581718
424;2020,6666666666667;30,94;35,88122324050436;24,41568711250041;34,7794146351263
425;2025,3333333333333;30,64;35,92801554753903;27,963108431014533;34,817670124435416
426;2030,0;30,97;35,97480785457372;25,0481016612028;34,85592561374453
427;2034,6666666666667;32,84;36,0216001616084;10,122579588346557;34,894181103053654
428;2039,3333333333333;34,27;36,06839246864307;3,234215471272099;34,93243659236277
429;2044,0;34,67;36,115184775677754;2,0885590358507558;34,970692081671885
430;2048,6666666666665;35,03;36,161977082712426;1,281372115786131;35,00894757098101
431;2053,333333333333;34,81;36,208769389747104;1,9565558056934798;35,04720306029012
432;2058,0;34,86;36,25556169678179;1,9475924495244696;35,085458549599245
433;2062,6666666666665;34,97;36,30235400381646;1,7751671914857576;35,12371403890836
434;2067,333333333333;35,16;36,34914631085114;1,4140689486108835;35,16196952821748
435;2072,0;35,11;36,395938617885825;1,653638128970108;35,2002250175266
436;2076,6666666666665;35,26;36,4427309249205;1,3988524407632983;35,238480506835714
437;2081,333333333333;35,26;36,489523231955175;1,5117273779175044;35,276735996144836
438;2086,0;35,22;36,53631553898986;1,7326865981861708;35,31499148545396
439;2090,6666666666665;35,08;36,58310784602453;2,259333196780514;35,35324697476307
440;2095,333333333333;35,11;36,62990015305921;2,310096475269414;35,39150246407219
441;2100,0;35,18;36,676692460093896;2,2400883201019206;35,42975795338131
442;2104,6666666666665;35,1;36,72348476712857;2,635702789098495;35,46801344269043
443;2109,333333333333;34,9;36,770277074163246;3,4979363341406384;35,50626893199954
444;2114,0;34,8;36,81706938119793;4,06856888856622;35,544524421308665
445;2118,6666666666665;34,62;36,8638616882326;5,03491527591808;35,58277991061778
446;2123,333333333333;34,38;36,91065399526728;6,404209643762242;35,621035399926896
447;2128,0;34,26;36,95744630230197;7,276216553802568;35,65929088923602
448;2132,6666666666665;34,33;37,00423860933664;7,151552139666769;35,69754637854514
449;2137,333333333333;34,31;37,05103091637132;7,513250484503372;35,73580186785425
450;2142,0;34,42;37,097823223406;7,170737215812507;35,77405735716337
451;2146,6666666666665;34,57;37,144615530440674;6,628645129586314;35,812312846472494
452;2151,333333333333;34,73;37,19140783747535;6,058528542385109;35,8505683357816
453;2156,0;34,78;37,23820014451004;6,042747950469169;35,888823825090725
454;2160,6666666666665;34,99;37,28499245154471;5,266990352647189;35,92707931439985
455;2165,333333333333;35,12;37,33178475857939;4,891991818284096;35,96533480370896
456;2170,0;35,19;37,378577065614074;4,789869572131921;36,00359029301808
457;2174,6666666666665;35,21;37,425369372648746;4,9078614572700925;36,0418457823272
458;2179,333333333333;35,43;37,472161679683424;4,170424325967425;36,080101271636316
459;2184,0;35,58;37,51895398671811;3,759542562610058;36,11835676094544
460;2188,6666666666665;35,77;37,56574629375278;3,224704751526838;36,156612250254554
461;2193,333333333333;35,86;37,61253860078746;3,0713915472500686;36,194867739563676
462;2198,0;36,15;37,659330907822145;2,2780797893072253;36,23312322887279
463;2202,6666666666665;36,24;37,70612321485682;2,1495172811420815;36,27137871818191
464;2207,333333333333;36,33;37,752915521891495;2,024688582439751;36,30963420749103
465;2212,0;36,66;37,79970782892618;1,2989339353156362;36,34788969680015
466;2216,6666666666665;37,05;37,84650013596085;0,6344124665856605;36,38614518610926
467;2221,333333333333;37,41;37,89329244299553;0,23357158545659157;36,42440067541838
468;2226,0;37,81;37,940084750030216;0,01692204219042327;36,462656164727505
469;2230,6666666666665;36,99;37,98687705706489;0,9937638669023474;36,50091165403662
470;2235,333333333333;32,87;38,033669364099566;26,663481301740443;36,539167143345736
471;2240,0;29,44;38,08046167113425;74,6575778903401;36,57742263265486
472;2244,6666666666665;28,28;38,12725397816892;96,96841091056366;36,615678121963974
473;2249,333333333333;27,81;38,1740462852036;107,4134554018426;36,65393361127309
474;2254,0;29,12;38,22083859223829;82,82526308197376;36,69218910058221
475;2258,6666666666665;33,25;38,26763089927296;25,176619841338763;36,730444589891334
476;2263,333333333333;36,9;38,31442320630764;2,0005930065415813;36,76870007920044
477;2268,0;38,26;38,36121551334232;0,010244580141150355;36,806955568509565
478;2272,6666666666665;38,76;38,408007820376994;0,12389849451575288;36,84521105781869
479;2277,333333333333;38,62;38,45480012741167;0,027290997903198676;36,883466547127796
480;2282,0;38,68;38,50159243444636;0,031829259446776795;36,92172203643692
481;2286,6666666666665;38,51;38,54838474148103;0,0014733883785656495;36,95997752574604
482;2291,333333333333;38,57;38,59517704851571;0,0006338837719623206;36,998233015055156
483;2296,0;38,64;38,641969355550394;3,878361283865524e-06;37,03648850436427
484;2300,6666666666665;38,82;38,688761662585065;0,01722350120743629;37,074743993673394
485;2305,333333333333;38,92;38,735553969619744;0,03402033812303497;37,11299948298251
486;2310,0;39,31;38,78234627665443;0,27841845176044616;37,15125497229163
487;2314,6666666666665;39,34;38,8291385836891;0,26097938667518117;37,18951046160075
488;2319,333333333333;39,63;38,87593089072378;0,5686202215646364;37,22776595090987
489;2324,0;39,8;38,922723197758465;0,7696145877511281;37,266021440218985
490;2328,6666666666665;40,06;38,96951550479314;1,1891564342865728;37,3042769295281
491;2333,333333333333;40,15;39,016307811827815;1,2852579775226336;37,34253241883722
492;2338,0;40,25;39,0631001188625;1,40873132784421;37,380787908146345
493;2342,6666666666665;40,18;39,10989242589717;1,1451302201522386;37,419043397455454
494;2347,333333333333;40,2;39,15668473293185;1,0885067464974898;37,457298886764576
495;2352,0;40,27;39,203477039966536;1,137471224278548;37,4955543760737
496;2356,6666666666665;40,26;39,25026934700121;1,0195559916053636;37,533809865382814
497;2361,333333333333;40,37;39,297061654035886;1,151196694240203;37,57206535469193
498;2366,0;40,66;39,34385396107057;1,732240395789615;37,61032084400105
499;2370,6666666666665;40,66;39,39064626810524;1,6112588966751376;37,64857633331017
500;2375,333333333333;40,93;39,43743857513992;2,2277396069803466;37,68683182261928
501;2380,0;41,11;39,48423088217461;2,643125224474754;37,725087311928405
502;2384,6666666666665;41,3;39,53102318920928;3,1292789571153015;37,76334280123753
503;2389,333333333333;41,34;39,57781549624396;3,1052942252779427;37,801598290546636
504;2394,0;41,67;39,62460780327864;4,183629238408626;37,83985377985576
505;2398,6666666666665;41,56;39,671400110313314;3,5668095433245703;37,87810926916488
506;2403,333333333333;41,4;39,71819241734799;2,8284767450657835;37,91636475847399
507;2408,0;41,23;39,76498472438268;2,1462697577920875;37,95462024778311
508;2412,6666666666665;40,66;39,81177703141735;0,7194822044311578;37,992875737092234
509;2417,333333333333;40,27;39,85856933845203;0,16927518926180418;38,03113122640135
510;2422,0;40,06;39,905361645486714;0,02391302068657744;38,069386715710465
511;2426,6666666666665;40,04;39,952153952521385;0,00771692805761487;38,10764220501959
512;2431,333333333333;40,15;39,998946259556064;0,022817232502103598;38,1458976943287
513;2436,0;40,64;40,04573856659075;0,35314665123761774;38,184153183637825
514;2440,6666666666665;40,95;40,09253087362542;0,7352533026855887;38,22240867294694
515;2445,333333333333;41,06;40,1393231806601;0,8476458056698402;38,26066416225606
516;2450,0;41,17;40,186115487694785;0,968028733554074;38,29891965156518
517;2454,6666666666665;41,09;40,232907794729456;0,7346070483355295;38,337175140874294
518;2459,333333333333;38,51;40,279700101764135;3,131838450183997;38,375430630183416
519;2492,0;32,59;40,60724625100689;64,27623744928401;38,643219055347245
520;2501,333333333333;30,94;40,70083086507624;95,27381917662498;38,719730033965476
521;2506,0;31,01;40,74762317211093;94,82130504203164;38,7579855232746
522;2510,6666666666665;31,38;40,7944154791456;88,63121881397628;38,796241012583714
523;2515,333333333333;34,37;40,84120778618028;41,876530211920276;38,83449650189283
524;2520,0;40,74;40,88800009321496;0,021904027591637076;38,87275199120195
525;2524,6666666666665;43,16;40,93479240024964;4,951548861986738;38,911007480511074
526;2529,333333333333;43,63;40,98158470728431;7,014103562690333;38,94926296982018
527;2534,0;43,83;41,028377014319;7,849091353896121;38,987518459129305
528;2538,6666666666665;44,01;41,07516932135368;8,613231112323627;39,02577394843843
529;2543,333333333333;44,35;41,12196162838835;10,420231728597214;39,06402943774754
530;2548,0;44,57;41,168753935423034;11,568474791800302;39,10228492705666
531;2552,6666666666665;44,86;41,21554624245771;13,282043190864096;39,14054041636578
532;2557,333333333333;45,42;41,262338549492384;17,28614873703711;39,178795905674896
533;2562,0;45,88;41,30913085652707;20,892844726752987;39,21705139498402
534;2566,6666666666665;45,88;41,35592316356175;20,467271221997166;39,255306884293134
535;2571,333333333333;46,03;41,40271547059642;21,411762116057727;39,293562373602256
536;2576,0;46,56;41,449507777631105;26,11713075489299;39,33181786291137
537;2580,6666666666665;46,62;41,49630008466578;26,25230082239583;39,37007335222049
538;2585,333333333333;46,64;41,543092391700455;25,978467167541794;39,40832884152961
539;2590,0;47,02;41,58988469873514;29,48615218503079;39,44658433083873
540;2594,6666666666665;47,16;41,63667700576982;30,507096898591815;39,48483982014784
541;2599,333333333333;47,01;41,68346931280449;28,371929161635446;39,52309530945696
542;2604,0;47,11;41,730261619839176;28,9415850389754;39,561350798766085
543;2608,6666666666665;47,28;41,777053926873855;30,28241548373448;39,5996062880752
544;2613,333333333333;47,27;41,823846233908526;29,66059084391238;39,637861777384316
545;2618,0;47,28;41,87063854094321;29,261191394729;39,67611726669344
546;2622,6666666666665;47,48;41,91743084797789;30,94217557102794;39,714372756002554
547;2627,333333333333;47,5;41,96422315501256;30,644825277499077;39,75262824531167
548;2632,0;47,43;42,01101546204725;29,365393422571007;39,79088373462079
549;2636,6666666666665;47,75;42,057807769081926;32,401052393724086;39,82913922392991
550;2641,333333333333;48,06;42,1046000761166;35,46678825339047;39,86739471323902
551;2646,0;48,18;42,15139238315128;36,344109797926365;39,905650202548145
552;2650,6666666666665;48,6;42,19818469018596;40,983239260969434;39,94390569185727
553;2655,333333333333;49,0;42,24497699722063;45,63033576807838;39,982161181166376
554;2660,0;49,13;42,29176930425532;46,76139904822483;40,0204166704755
555;2664,6666666666665;49,53;42,33856161129;51,71678609861195;40,05867215978462
556;2669,333333333333;50,08;42,38535391832467;59,20757832224151;40,096927649093736
557;2674,0;50,66;42,432146225359354;67,69757773686827;40,13518313840285
558;2678,6666666666665;51,19;42,47893853239403;75,8825918924094;40,173438627711974
559;2683,333333333333;51,96;42,525730839428704;89,00543459410665;40,21169411702109
560;2688,0;52,57;42,57252314646339;99,9495434370003;40,24994960633021
561;2692,6666666666665;52,98;42,61931545349807;107,34378427212388;40,28820509563933
562;2697,333333333333;53,35;42,66610776053274;114,14555338454879;40,32646058494845
563;2702,0;53,93;42,712900067567425;125,82333089417888;40,364716074257565
564;2706,6666666666665;54,24;42,7596923746021;131,79746317376913;40,40297156356668
565;2711,333333333333;54,08;42,806484681636775;127,09214763337025;40,4412270528758
566;2716,0;52,73;42,85327698867146;97,54965744250663;40,479482542184925
567;2720,6666666666665;46,01;42,90006929570614;9,6716689855097;40,517738031494034
