;L, μμ;hn50,altincrn3-3,53,800.csv;Result;fail;Predict
0;3,533333333333333;18,55;23,60193567748149;25,522054089410343;25,38866077597172
1;4,416666666666667;18,59;23,63649553908236;25,46711722597817;25,422949714360755
2;5,3;19,14;23,671055400683233;20,53046304406069;25,45723865274979
3;6,183333333333334;19,33;23,705615262284105;19,146008923533614;25,49152759113883
4;7,066666666666666;19,38;23,740175123884978;19,011127110945388;25,525816529527866
5;7,95;19,53;23,774734985485853;18,01777509700758;25,5601054679169
6;8,833333333333334;19,83;23,809294847086726;15,83478748005098;25,594394406305938
7;9,716666666666669;20,16;23,843854708687598;13,570785514719786;25,628683344694977
8;10,6;20,19;23,87841457028847;13,60440204231627;25,662972283084013
9;11,483333333333333;20,16;23,912974431889342;14,08481708641513;25,69726122147305
10;12,366666666666667;20,35;23,947534293490214;12,942252992838126;25,731550159862085
11;13,25;20,41;23,98209415509109;12,759856652835929;25,76583909825112
12;14,133333333333333;20,54;24,016654016691962;12,087123151780363;25,80012803664016
13;15,016666666666667;20,56;24,051213878292835;12,188574343984504;25,834416975029196
14;15,9;20,68;24,085773739893707;11,59929476734957;25,868705913418232
15;16,783333333333335;20,85;24,12033360149458;10,695081865064495;25,902994851807268
16;17,666666666666668;20,83;24,15489346309545;11,054916540934874;25,937283790196307
17;18,55;20,82;24,189453324696327;11,35321570730713;25,971572728585343
18;19,433333333333334;21,04;24,2240131862972;10,137939970514449;26,00586166697438
19;20,316666666666663;20,94;24,25857304789807;11,012927074235487;26,040150605363415
20;21,2;21,01;24,293132909498944;10,778961701434989;26,07443954375245
21;22,08333333333333;21,31;24,327692771099816;9,106469660748093;26,10872848214149
22;22,966666666666665;21,28;24,362252632700688;9,500281291790316;26,143017420530526
23;23,85;21,24;24,396812494301564;9,96546512417847;26,177306358919562
24;24,73333333333333;21,05;24,431372355902436;11,433679009261185;26,211595297308598
25;25,616666666666667;20,89;24,46593221750331;12,787291224178123;26,245884235697638
26;26,5;20,74;24,50049207910418;14,141300677005294;26,280173174086674
27;27,383333333333333;20,62;24,535051940705053;15,327631698418392;26,31446211247571
28;28,266666666666666;20,35;24,569611802305925;17,805123762159443;26,348751050864745
29;29,15;20,44;24,604171663906797;17,340325646484292;26,38303998925378
30;30,03333333333333;20,67;24,638731525507673;15,750829921558447;26,41732892764282
31;30,916666666666668;20,73;24,673291387108545;15,54954696364443;26,451617866031857
32;31,8;20,6;24,707851248709417;16,874441881523506;26,485906804420893
33;32,68333333333333;20,75;24,74241111031029;15,939346473729039;26,52019574280993
34;33,56666666666667;20,75;24,77697097191116;16,216495208615125;26,554484681198968
35;34,45;20,42;24,811530833512037;19,285543061686916;26,588773619588004
36;35,333333333333336;20,43;24,84609069511291;19,501857027462826;26,62306255797704
37;36,21666666666667;20,47;24,880650556713782;19,453838333439606;26,657351496366076
38;37,1;20,45;24,915210418314654;19,938104079825735;26,691640434755115
39;37,98333333333333;20,46;24,949770279915526;20,158037166412736;26,72592937314415
40;38,86666666666667;20,43;24,9843301415164;20,74192303792478;26,760218311533187
41;39,75;20,41;25,01889000311727;21,241867060834316;26,794507249922223
42;40,63333333333333;20,53;25,053449864718147;20,461598678618607;26,82879618831126
43;41,516666666666666;20,64;25,08800972631902;19,784790525428587;26,863085126700298
44;42,4;20,87;25,12256958791989;18,084348100101142;26,897374065089334
45;43,28333333333333;21,11;25,157129449520763;16,37925678117824;26,93166300347837
46;44,16666666666666;21,3;25,191689311121635;15,145245694298383;26,965951941867406
47;45,05;21,47;25,22624917272251;14,109407847578558;27,000240880256445
48;45,93333333333333;21,53;25,260809034323383;13,918936050588968;27,03452981864548
49;46,81666666666667;21,62;25,295368895924256;13,508336521127474;27,068818757034517
50;47,7;21,81;25,329928757525128;12,389898458052398;27,103107695423553
51;48,583333333333336;21,95;25,364488619126;11,658732530140982;27,137396633812592
52;49,46666666666667;22,23;25,399048480726872;10,042868273197294;27,17168557220163
53;50,35;22,53;25,433608342327748;8,430941405635286;27,205974510590664
54;51,23333333333333;22,76;25,46816820392862;7,33417502076996;27,2402634489797
55;52,11666666666667;22,9;25,502728065529492;6,774193383094901;27,274552387368736
56;53,0;22,99;25,537287927130365;6,488675783704117;27,308841325757776
57;53,88333333333333;22,94;25,571847788731237;6,926622783049494;27,34313026414681
58;54,766666666666666;23,19;25,60640765033211;5,839025932583538;27,377419202535847
59;55,65;23,27;25,640967511932985;5,62148694264169;27,411708140924883
60;56,53333333333333;23,59;25,675527373533857;4,349424425759028;27,445997079313923
61;57,41666666666666;23,81;25,71008723513473;3,6103315011219443;27,48028601770296
62;58,3;24,06;25,7446470967356;2,838035840539695;27,514574956091995
63;59,18333333333333;23,95;25,779206958336474;3,345998096426576;27,54886389448103
64;60,06666666666667;24,15;25,813766819937346;2,768120031124433;27,58315283287007
65;60,95;24,12;25,84832668153822;2,9871131181169175;27,617441771259106
66;61,833333333333336;24,35;25,882886543139094;2,3497411541369164;27,65173070964814
67;62,71666666666667;24,47;25,917446404739966;2,0951010945946567;27,686019648037178
68;63,6;24,76;25,952006266340838;1,4208789389958216;27,720308586426214
69;64,48333333333333;24,81;25,98656612794171;1,3843078534197522;27,754597524815253
70;65,36666666666666;24,94;26,021125989542583;1,1688334052644256;27,78888646320429
71;66,25;24,82;26,05568585114346;1,5269195227161325;27,823175401593325
72;67,13333333333334;24,87;26,09024571274433;1,4889995994709169;27,85746433998236
73;68,01666666666667;24,77;26,124805574345203;1,8354981442768359;27,891753278371397
74;68,9;24,9;26,159365435946075;1,586001301255651;27,926042216760436
75;69,78333333333333;24,85;26,193925297546947;1,8061352053866468;27,960331155149472
76;70,66666666666667;24,24;26,228485159147823;3,9540732281511493;27,994620093538508
77;71,55;23,23;26,26304502074869;9,199362097888429;28,028909031927544
78;72,43333333333334;22,07;26,297604882349567;17,872643041265896;28,063197970316583
79;73,31666666666666;19,91;26,33216474395044;41,24419999844002;28,09748690870562
80;74,2;19,12;26,366724605551312;52,515017508702805;28,131775847094655
81;75,08333333333333;19,7;26,401284467152184;44,90721350969514;28,16606478548369
82;75,96666666666667;20,87;26,435844328753056;30,97862309191255;28,20035372387273
83;76,85;22,29;26,470404190353932;17,47577919472872;28,234642662261766
84;77,73333333333333;24,72;26,504964051954804;3,186096666770917;28,268931600650802
85;78,61666666666666;25,65;26,539523913555676;0,791252792787409;28,303220539039838
86;79,5;26,02;26,57408377515655;0,3070088298917332;28,337509477428874
87;80,38333333333334;26,12;26,60864363675742;0,23877260374351728;28,371798415817914
88;81,26666666666667;26,18;26,643203498358293;0,21455748089136145;28,40608735420695
89;82,15;25,92;26,67776335995917;0,5742053096966062;28,440376292595985
90;83,03333333333333;26,15;26,71232322156004;0,31620740550566456;28,47466523098502
91;83,91666666666667;26,5;26,746883083160913;0,0609512567510384;28,50895416937406
92;84,8;26,63;26,781442944761785;0,0229349655181215;28,543243107763097
93;85,68333333333334;26,89;26,816002806362658;0,0054755846662024234;28,577532046152132
94;86,56666666666666;27,15;26,85056266796353;0,08966271581711842;28,61182098454117
95;87,45;27,36;26,885122529564406;0,22550861192730828;28,646109922930208
96;88,33333333333333;27,5;26,919682391165278;0,33676852712364963;28,680398861319244
97;89,21666666666667;27,48;26,95424225276615;0,2764212087764133;28,71468779970828
98;90,1;27,55;26,988802114367022;0,3149430668389256;28,748976738097316
99;90,98333333333332;27,6;27,023361975967894;0,33251141075965274;28,78326567648635
100;91,86666666666666;27,8;27,057921837568767;0,5506799991573169;28,81755461487539
101;92,75;27,78;27,092481699169642;0,4726814139766636;28,851843553264427
102;93,63333333333334;28,16;27,127041560770515;1,0670031371754147;28,886132491653463
103;94,51666666666668;28,23;27,161601422371387;1,1414755206788445;28,920421430042502
104;95,4;28,51;27,19616128397226;1,726172171733427;28,954710368431538
105;96,28333333333332;28,65;27,23072114557313;2,0143524666232406;28,988999306820574
106;97,16666666666669;28,58;27,265281007174007;1,7284860300973888;29,02328824520961
107;98,05;28,58;27,29984086877488;1,6388074012590514;29,057577183598646
108;98,93333333333334;28,61;27,33440073037575;1,627153496665915;29,091866121987685
109;99,81666666666666;28,91;27,368960591976624;2,3748024570810387;29,12615506037672
110;100,7;28,84;27,403520453577496;2,0634734872902025;29,160443998765757
111;101,58333333333331;29,12;27,438080315178368;2,828853826190501;29,194732937154793
112;102,46666666666668;29,07;27,472640176779244;2,551558404839846;29,229021875543832
113;103,35;29,19;27,507200038380113;2,831815710827899;29,26331081393287
114;104,23333333333332;29,08;27,54175989998099;2,366182605306494;29,297599752321904
115;105,11666666666666;28,95;27,57631976158186;1,8869973974205148;29,33188869071094
116;106,0;28,98;27,610879623182733;1,8744906062162572;29,366177629099976
117;106,88333333333334;29,13;27,645439484783605;2,2039199233395657;29,400466567489016
118;107,76666666666668;29,38;27,679999346384477;2,8900022222932016;29,43475550587805
119;108,65;29,31;27,714559207985353;2,54543132082432;29,469044444267087
120;109,53333333333332;29,68;27,74911906958622;3,7283011674355775;29,503333382656123
121;110,41666666666669;29,53;27,783678931187097;3,0496372753798426;29,537622321045163
122;111,3;29,7;27,81823879278797;3,5410252409680756;29,5719112594342
123;112,18333333333334;29,56;27,85279865438884;2,914536434456545;29,606200197823235
124;113,06666666666666;29,96;27,887358515989717;4,29584272124035;29,64048913621227
125;113,95;29,9;27,921918377590586;3,9128069049138534;29,674778074601306
126;114,83333333333331;30,16;27,956478239191462;4,855508150356761;29,709067012990346
127;115,71666666666668;30,24;27,991038100792334;5,057829624087744;29,74335595137938
128;116,6;30,38;28,025597962393206;5,543208954687017;29,777644889768418
129;117,48333333333332;30,29;28,06015782399408;4,972196129894819;29,811933828157454
130;118,36666666666666;30,4;28,09471768559495;5,314326549108694;29,84622276654649
131;119,25;30,8;28,129277547195827;7,132758419912345;29,88051170493553
132;120,13333333333334;30,54;28,1638374087967;5,646148659833983;29,914800643324565
133;121,01666666666668;30,57;28,19839727039757;5,624499507057694;29,9490895817136
134;121,9;30,51;28,232957131998443;5,184924222716763;29,98337852010264
135;122,78333333333332;30,56;28,267516993599315;5,2554783346359155;30,017667458491673
136;123,66666666666669;30,12;28,30207685520019;3,3048445603988306;30,051956396880712
137;124,55;30,52;28,33663671680106;4,7670752264212535;30,086245335269748
138;125,43333333333334;30,32;28,371196578401936;3,7978347760323246;30,120534273658784
139;126,31666666666666;30,65;28,405756440002808;5,036629156588865;30,154823212047823
140;127,2;30,65;28,44031630160368;4,882702046958433;30,18911215043686
141;128,08333333333334;30,93;28,474876163204552;6,0276330540012;30,223401088825895
142;128,96666666666667;30,89;28,509436024805424;5,667084839994203;30,25769002721493
143;129,85;31,34;28,5439958864063;7,81763900323289;30,291978965603967
144;130,73333333333332;31,24;28,57855574800717;7,083285506465672;30,326267903993006
145;131,61666666666667;31,24;28,613115609608045;6,9005216004849075;30,360556842382042
146;132,5;31,12;28,647675471208917;6,112388575662057;30,394845780771078
147;133,38333333333333;31,2;28,68223533280979;6,339138919351431;30,429134719160114
148;134,26666666666668;31,16;28,716795194410665;5,969249722054822;30,463423657549153
149;135,15;31,14;28,751355056011537;5,705624668441651;30,49771259593819
150;136,03333333333333;31,44;28,78591491761241;7,044167624552352;30,532001534327225
151;136,91666666666666;31,7;28,82047477921328;8,291665497146797;30,56629047271626
152;137,8;31,92;28,855034640814154;9,394012653009234;30,6005794111053
153;138,68333333333334;31,77;28,889594502415026;8,29673583051774;30,634868349494337
154;139,56666666666666;31,99;28,924154364015898;9,399409463682753;30,669157287883372
155;140,45;31,75;28,958714225616774;7,791276274274167;30,70344622627241
156;141,33333333333334;31,8;28,993274087217646;7,877710349483943;30,737735164661444
157;142,21666666666667;31,61;29,027833948818518;6,667581515874164;30,772024103050484
158;143,1;31,54;29,06239381041939;6,1385324306481435;30,80631304143952
159;143,98333333333332;30,39;29,096953672020263;1,671968806301884;30,840601979828556
160;144,86666666666667;28,89;29,13151353362114;0,05832878692216846;30,874890918217595
161;145,75;26,52;29,166073395222007;7,001704412901722;30,909179856606627
162;146,63333333333333;23,58;29,200633256822883;31,591518207703427;30,943468794995667
163;147,51666666666668;20,9;29,235193118423755;69,47544432141875;30,977757733384703
164;148,4;20,61;29,269752980024627;74,99132167504543;31,01204667177374
165;149,28333333333333;21,58;29,3043128416255;59,66500887530062;31,046335610162778
166;150,16666666666666;23,35;29,33887270322637;35,866596255449934;31,080624548551814
167;151,05;26,32;29,373432564827247;9,3234504279475;31,11491348694085
168;151,93333333333334;29,07;29,40799242642812;0,11423888032276766;31,149202425329886
169;152,81666666666666;30,35;29,442552288028992;0,8234613499614204;31,18349136371892
170;153,7;30,76;29,477112149629864;1,6458012366273125;31,21778030210796
171;154,58333333333334;31,23;29,511672011230736;2,9526510769878245;31,252069240496997
172;155,46666666666667;31,24;29,546231872831612;2,868850468611503;31,286358178886033
173;156,35;31,61;29,58079173443248;4,117686185047538;31,32064711727507
174;157,23333333333332;31,58;29,615351596033356;3,8598433512086734;31,354936055664105
175;158,11666666666667;31,91;29,64991145763423;5,108000219333038;31,389224994053144
176;159,0;31,98;29,6844713192351;5,26945192421424;31,42351393244218
177;159,88333333333333;32,03;29,719031180835973;5,340576883148382;31,457802870831216
178;160,76666666666668;31,91;29,753591042436845;4,650099592258612;31,492091809220256
179;161,65;32,29;29,78815090403772;6,259248898967268;31,52638074760929
180;162,53333333333333;32,67;29,822710765638593;8,107055984110376;31,560669685998327
181;163,41666666666666;32,44;29,857270627239465;6,670491012920013;31,594958624387363
182;164,3;32,51;29,891830488840338;6,854811589166014;31,6292475627764
183;165,18333333333334;32,4;29,92639035044121;6,118744698390353;31,66353650116544
184;166,06666666666666;32,22;29,960950212042086;5,103305944472693;31,697825439554475
185;166,95;32,05;29,995510073642954;4,220928857502567;31,73211437794351
186;167,83333333333334;32,52;30,03006993524383;6,19975172737668;31,76640331633255
187;168,71666666666667;32,42;30,064629796844702;5,547768793911836;31,800692254721582
188;169,6;32,75;30,099189658445574;7,02679546689189;31,83498119311062
189;170,48333333333332;32,66;30,133749520046447;6,381941487465541;31,869270131499658
190;171,36666666666667;32,32;30,16830938164732;4,629772517106944;31,903559069888694
191;172,25;31,93;30,202869243248195;2,982980650918063;31,937848008277733
192;173,13333333333333;32,21;30,237429104849067;3,8910359363965568;31,972136946666765
193;174,01666666666668;32,25;30,27198896644994;3,91252764884578;32,006425885055805
194;174,9;32,41;30,30654882805081;4,4245068327744015;32,040714823444844
195;175,78333333333333;32,72;30,341108689651684;5,659123866450725;32,07500376183388
196;176,66666666666666;32,95;30,375668551252556;6,62718240801013;32,109292700222916
197;177,55;32,94;30,41022841285343;6,399744283134057;32,14358163861195
198;178,43333333333334;32,72;30,444788274454304;5,17658839606062;32,17787057700099
199;179,31666666666666;32,52;30,479348136055176;4,164260029821498;32,21215951539003
200;180,2;32,61;30,513907997656048;4,393601682290275;32,24644845377906
201;181,0833333333333;32,53;30,54846785925692;3,9264696247978566;32,2807373921681
202;181,96666666666667;32,33;30,583027720857793;3,051912144091313;32,31502633055713
203;182,85;32,41;30,61758758245867;3,212742274556349;32,34931526894617
204;183,7333333333333;32,66;30,652147444059537;4,031471886396637;32,38360420733521
205;184,61666666666667;32,38;30,686707305660413;2,8672401487038277;32,41789314572424
206;185,5;32,42;30,721267167261285;2,885693237024505;32,45218208411328
207;186,38333333333333;32,42;30,755827028862157;2,769471677865761;32,486471022502315
208;187,26666666666668;32,75;30,790386890463033;3,8400835390691412;32,520759960891354
209;188,15;32,51;30,824946752063905;2,839404448379976;32,55504889928039
210;189,03333333333333;32,59;30,859506613664777;2,994607360149958;32,589337837669426
211;189,91666666666663;32,97;30,894066475265646;4,309499999115994;32,623626776058465
212;190,8;33,44;30,92862633686652;6,306997675880454;32,657915714447505
213;191,6833333333333;33,54;30,963186198467394;6,639969367768916;32,69220465283654
214;192,56666666666663;33,9;30,997746060068266;8,423077931849264;32,72649359122558
215;193,45;34,32;31,032305921669142;10,808932352691793;32,76078252961461
216;194,3333333333333;34,17;31,06686578327001;9,629441967040455;32,79507146800365
217;195,21666666666667;34,11;31,101425644870886;9,051519650340559;32,82936040639269
218;196,1;34,17;31,13598550647176;9,205243946939442;32,86364934478172
219;196,9833333333333;34,25;31,17054536807263;9,483040830098929;32,89793828317076
220;197,86666666666667;34,38;31,205105229673507;10,079956802646533;32,9322272215598
221;198,75;34,73;31,23966509127438;12,182437775068669;32,96651615994883
222;199,63333333333333;35,02;31,27422495287525;14,03083070366244;33,00080509833787
223;200,51666666666668;34,74;31,308784814476123;11,773237649369666;33,0350940367269
224;201,4;34,82;31,343344676076995;12,087132241362173;33,06938297511594
225;202,28333333333333;35,0;31,377904537677868;13,119575538174582;33,10367191350498
226;203,16666666666663;34,66;31,41246439927874;10,546487477951974;33,137960851894015
227;204,05;34,53;31,447024260879616;9,504739408004887;33,172249790283054
228;204,9333333333333;34,68;31,481584122480484;10,229864125568932;33,206538728672086
229;205,81666666666663;35,15;31,51614398408136;13,20490954442808;33,240827667061126
230;206,7;34,81;31,550703845682232;10,623011421550606;33,275116605450165
231;207,5833333333333;34,96;31,585263707283104;11,388845045380583;33,3094055438392
232;208,46666666666667;35,04;31,61982356888398;11,697606819961509;33,34369448222824
233;209,35;35,27;31,65438343048485;13,072683177752532;33,37798342061727
234;210,2333333333333;35,09;31,688943292085725;11,567186730448713;33,41227235900631
235;211,11666666666667;35,11;31,723503153686597;11,468360890090622;33,44656129739535
236;212,0;35,45;31,75806301528747;13,630398699088277;33,48085023578438
237;212,88333333333333;34,96;31,79262287688834;10,032277840011094;33,51513917417342
238;213,76666666666668;35,0;31,827182738489213;10,066769374940806;33,54942811256246
239;214,65;34,93;31,86174260009009;9,414203472101924;33,58371705095149
240;215,53333333333333;35,22;31,89630246169096;11,046965326161555;33,61800598934053
241;216,41666666666663;35,0;31,930862323291834;9,4196060785896;33,652294927729564
242;217,3;35,1;31,96542218489271;9,825578078962804;33,6865838661186
243;218,1833333333333;33,83;31,999982046493578;3,348965710155827;33,720872804507636
244;219,06666666666663;31,78;32,034541908094454;0,06479158297636478;33,755161742896675
245;219,95;28,63;32,06910176969532;11,827420982321506;33,789450681285714
246;220,8333333333333;25,05;32,1036616312962;49,75414240882014;33,82373961967475
247;221,71666666666667;22,26;32,138221492897074;97,57925986273366;33,858028558063786
248;222,6;21,97;32,17278135449794;104,0967473676909;33,892317496452826
249;223,4833333333333;23,31;32,20734121609881;79,1626807156907;33,92660643484186
250;224,36666666666667;26,05;32,24190107769969;38,33963895601854;33,9608953732309
251;225,25;29,77;32,27646093930056;6,282346440239462;33,99518431161994
252;226,13333333333333;33,12;32,31102080090143;0,6544473445741572;34,02947325000897
253;227,01666666666668;34,84;32,34558066250231;6,222127831282445;34,06376218839801
254;227,9;35,56;32,38014052410318;10,111506286450794;34,09805112678704
255;228,78333333333333;35,87;32,41470038570405;11,939095424553711;34,13234006517608
256;229,66666666666663;36,08;32,44926024730492;13,182271151800316;34,16662900356512
257;230,55;35,92;32,4838201089058;11,807332243960138;34,20091794195415
258;231,4333333333333;35,83;32,51837997050667;10,966827219741381;34,23520688034319
259;232,31666666666663;35,92;32,55293983210754;11,337094174208008;34,269495818732224
260;233,2;36,03;32,587499693708416;11,850808358817655;34,303784757121264
261;234,0833333333333;35,95;32,62205955530929;11,075187603408207;34,3380736955103
262;234,96666666666667;35,97;32,65661941691016;10,978490888396756;34,372362633899336
263;235,85;36,09;32,691179278511036;11,551982296822782;34,406651572288375
264;236,7333333333333;36,01;32,725739140111905;10,786369395792875;34,44094051067741
265;237,61666666666667;35,96;32,76029900171278;10,238086478440232;34,47522944906645
266;238,5;36,08;32,79485886331365;10,792152287948875;34,509518387455486
267;239,38333333333333;36,03;32,829418724914525;10,24372049842777;34,54380732584452
268;240,26666666666668;35,89;32,8639785865154;9,156805594867334;34,57809626423356
269;241,15;36,08;32,89853844811627;10,121697606114422;34,6123852026226
270;242,03333333333333;36,17;32,933098309717145;10,477532552556012;34,64667414101163
271;242,91666666666663;35,92;32,967658171318014;8,716322273385302;34,68096307940067
272;243,8;35,97;33,00221803291889;8,807729804131817;34,71525201778971
273;244,6833333333333;36,27;33,03677789451976;10,453725183366107;34,74954095617874
274;245,56666666666663;36,12;33,071337756120634;9,294341477255553;34,78382989456777
275;246,45;36,01;33,10589761772151;8,433810646755589;34,81811883295681
276;247,3333333333333;36,27;33,14045747932238;9,794036388729259;34,85240777134585
277;248,21666666666667;36,28;33,175017340923254;9,640917313167304;34,88669670973489
278;249,1;36,0;33,20957720252413;7,786459388673059;34,920985648123924
279;249,9833333333333;35,96;33,244137064125;7,375911486459585;34,95527458651296
280;250,86666666666667;36,51;33,278696925725875;10,4413195578134;34,989563524901996
281;251,75;36,37;33,31325678732674;9,343679068224008;35,023852463291036
282;252,63333333333333;36,38;33,34781664892762;9,19413587452055;35,058141401680075
283;253,51666666666668;36,53;33,38237651052849;9,907533631472827;35,09243034006911
284;254,4;36,82;33,41693637212936;11,58084205533606;35,12671927845815
285;255,28333333333333;36,27;33,45149623373024;7,943963480476843;35,16100821684718
286;256,1666666666667;36,44;33,48605609533111;8,725784591930488;35,19529715523622
287;257,05;36,62;33,520615956931984;9,606181446424626;35,22958609362526
288;257,93333333333334;36,76;33,55517581853286;10,270898034116515;35,26387503201429
289;258,81666666666666;36,49;33,58973568013373;8,411533125089381;35,29816397040333
290;259,7;36,55;33,6242955417346;8,55974657711404;35,33245290879236
291;260,5833333333333;36,46;33,65885540333547;7,846411051422883;35,3667418471814
292;261,46666666666664;36,37;33,69341526493635;7,164105843975745;35,40103078557044
293;262,35;36,02;33,72797512653722;5,253378020572101;35,43531972395948
294;263,2333333333333;36,1;33,76253498813809;5,463742681678593;35,46960866234851
295;264,1166666666667;36,34;33,79709484973897;6,466366603224096;35,503897600737545
296;265,0;36,24;33,83165471133984;5,8001270294116125;35,538186539126585
297;265,8833333333333;36,17;33,86621457294071;5,30742729393075;35,572475477515624
298;266,76666666666665;36,18;33,90077443454158;5,194869178239246;35,60676441590466
299;267,65;36,41;33,93533429614246;6,12397034584873;35,641053354293696
300;268,53333333333336;36,28;33,969894157743326;5,336589002428423;35,675342292682735
301;269,4166666666667;36,35;34,0044540193442;5,501585947370577;35,70963123107177
302;270,3;36,53;34,03901388094508;6,20501184532431;35,74392016946081
303;271,18333333333334;36,65;34,073573742545946;6,637972260098695;35,77820910784985
304;272,06666666666666;36,64;34,10813360414682;6,410347446450564;35,81249804623888
305;272,95;36,7;34,14269346574769;6,539816710129573;35,84678698462792
306;273,8333333333333;37,11;34,177253327348566;8,601003045948051;35,88107592301695
307;274,71666666666664;36,89;34,211813188949435;7,172684594885197;35,91536486140599
308;275,6;36,92;34,24637305055031;7,14828106482366;35,94965379979503
309;276,4833333333333;36,91;34,28093291215119;6,911993752409822;35,98394273818406
310;277,3666666666667;37,27;34,315492773752055;8,729112949951343;36,0182316765731
311;278,25;36,84;34,35005263535293;6,199837878712901;36,052520614962134
312;279,1333333333333;36,94;34,38461249695381;6,530005290724647;36,08680955335117
313;280,01666666666665;37,06;34,419172358554675;6,973970631821688;36,12109849174021
314;280,9;36,92;34,453732220155544;6,08247676189891;36,155387430129245
315;281,78333333333336;36,57;34,48829208175642;4,333507856878022;36,189676368518285
316;282,6666666666667;36,51;34,522851943357296;3,948757399018869;36,22396530690732
317;283,55;36,67;34,557411804958164;4,4630288818301285;36,25825424529636
318;284,43333333333334;36,63;34,59197166655904;4,153559487908147;36,292543183685396
319;285,31666666666666;36,53;34,626531528159916;3,6231922232892297;36,32683212207443
320;286,2;36,58;34,661091389760784;3,682210254450191;36,36112106046347
321;287,0833333333333;37,02;34,69565125136165;5,402597105296664;36,3954099988525
322;287,96666666666664;37,26;34,73021111296253;6,399831812978277;36,42969893724154
323;288,85;37,27;34,764770974563405;6,276172469890009;36,46398787563058
324;289,7333333333333;37,3;34,79933083616427;6,253346266958858;36,49827681401961
325;290,6166666666667;37,03;34,83389069776515;4,822896067362449;36,53256575240865
326;291,5;36,5;34,868450559366025;2,6619535772330374;36,56685469079768
327;292,3833333333333;34,93;34,90301042096689;0,0007284373763842902;36,60114362918672
328;293,26666666666665;32,73;34,93757028256777;4,873366552476354;36,63543256757576
329;294,15;29,95;34,97213014416864;25,22179118496731;36,669721505964795
330;295,03333333333336;26,2;35,006690005769514;77,55778885772065;36,704010444353834
331;295,9166666666667;22,0;35,04124986737039;170,0741981031882;36,73829938274287
332;296,8;20,7;35,07580972897126;206,6639053635847;36,772588321131906
333;297,68333333333334;22,01;35,110369590572134;171,61968340958705;36,806877259520945
334;298,56666666666666;24,46;35,144929452173;114,16771739791405;36,841166197909985
335;299,45;28,66;35,17948931377388;42,50374091241179;36,87545513629902
336;300,3333333333333;33,49;35,21404917537475;2,972345559110338;36,90974407468806
337;301,21666666666664;36,52;35,24860903697562;1,6164349808600615;36,94403301307709
338;302,1;37,72;35,2831688985765;5,93814581686487;36,97832195146613
339;302,9833333333333;38,3;35,31772876017737;8,893941747873207;37,01261088985516
340;303,8666666666667;38,44;35,35228862177824;9,533961555200088;37,0468998282442
341;304,75;38,33;35,38684848337911;8,662140849787827;37,08118876663324
342;305,6333333333333;38,05;35,42140834497999;6,909494088840835;37,11547770502227
343;306,51666666666665;38,17;35,45596820658086;7,365968575689906;37,14976664341131
344;307,4;38,21;35,49052806818173;7,395527587947389;37,18405558180035
345;308,28333333333336;38,07;35,52508792978261;6,476577445138176;37,21834452018939
346;309,1666666666667;38,13;35,55964779138348;6,606710476339819;37,25263345857842
347;310,05;38,34;35,59420765298435;7,53937561292972;37,286922396967455
348;310,93333333333334;38,0;35,62876751458522;5,622743499886353;37,321211335356494
349;311,81666666666666;38,3;35,663327376186096;6,952042525169681;37,355500273745534
350;312,7;38,11;35,69788723778697;5,818287977630961;37,389789212134566
351;313,5833333333333;37,84;35,73244709938784;4,44177922887874;37,424078150523606
352;314,46666666666664;37,92;35,76700696098872;4,63537902603105;37,45836708891264
353;315,35;38,01;35,80156682258959;4,877177099087021;37,49265602730168
354;316,2333333333333;37,6;35,83612668419046;3,111249074224943;37,52694496569072
355;317,1166666666667;38,02;35,87068654579133;4,61954832444242;37,56123390407976
356;318,0;38,09;35,905246407392205;4,773148260412681;37,59552284246879
357;318,8833333333333;37,66;35,93980626899308;2,9590664721954925;37,62981178085782
358;319,76666666666665;38,09;35,97436613059395;4,475906669378031;37,66410071924686
359;320,65;38,18;36,008925992194825;4,713562347367222;37,6983896576359
360;321,53333333333336;37,81;36,0434858537957;3,1205722287399107;37,73267859602494
361;322,4166666666667;38,39;36,07804571539657;5,345132614096161;37,76696753441397
362;323,3;38,53;36,112605576997446;5,8437957963638585;37,80125647280301
363;324,18333333333334;37,92;36,147165438598314;3,1429423821003133;37,835545411192044
364;325,06666666666666;38,18;36,18172530019919;3,993101775864016;37,86983434958108
365;325,95;38,34;36,21628516180006;4,510164713990617;37,90412328797012
366;326,8333333333333;37,66;36,250845023400935;1,9857177480739032;37,938412226359155
367;327,71666666666664;37,64;36,28540488500181;1,8349279255769604;37,972701164748194
368;328,6;38,05;36,31996474660268;2,993021977997523;38,00699010313723
369;329,4833333333333;37,7;36,35452460820355;1,8103040299298248;38,041279041526266
370;330,3666666666667;37,61;36,38908446980442;1,4906347318727446;38,075567979915306
371;331,25;37,97;36,4236443314053;2,391215853794961;38,10985691830434
372;332,1333333333333;37,88;36,45820419300617;2,02150331678525;38,14414585669338
373;333,01666666666665;37,46;36,49276405460704;0,9355453740602079;38,17843479508241
374;333,9;38,01;36,52732391620792;2,1983283694490154;38,21272373347145
375;334,78333333333336;37,81;36,56188377780879;1,5577941040968686;38,24701267186049
376;335,6666666666667;37,41;36,596443639409664;0,6618739518569877;38,28130161024953
377;336,55;37,62;36,63100350101054;0,978114075013405;38,31559054863856
378;337,43333333333334;37,57;36,66556336261141;0,8180056310507837;38,34987948702759
379;338,31666666666666;36,92;36,70012322421228;0,04834579653080545;38,38416842541663
380;339,2;37,23;36,73468308581315;0,24533884547957768;38,41845736380567
381;340,0833333333333;37,49;36,76924294741403;0,51949072885242;38,452746302194704
382;340,96666666666664;37,18;36,8038028090149;0,14152432650508187;38,487035240583744
383;341,85;37,21;36,83836267061577;0,13811430459184126;38,52132417897278
384;342,7333333333333;37,78;36,87292253221664;0,822789532560272;38,555613117361816
385;343,6166666666667;37,5;36,90748239381752;0,3510771136362198;38,589902055750855
386;344,5;37,19;36,94204225541839;0,06148304309799636;38,624190994139894
387;345,3833333333333;37,35;36,97660211701926;0,13942597901449827;38,65847993252893
388;346,26666666666665;37,5;37,01116197862014;0,23896261114657905;38,69276887091796
389;347,15;37,16;37,045721840221006;0,013059497802472501;38,727057809307
390;348,03333333333336;37,45;37,08028170182188;0,13669162000772606;38,76134674769604
391;348,9166666666667;38,11;37,11484156342276;0,9903403138908604;38,79563568608508
392;349,8;37,91;37,149401425023626;0,5785101922560854;38,82992462447411
393;350,68333333333334;38,09;37,1839612866245;0,8209061501351341;38,86421356286315
394;351,56666666666666;38,6;37,21852114822537;1,9084838179005523;38,89850250125218
395;352,45;38,65;37,253081009826246;1,9513826651080557;38,93279143964122
396;353,3333333333333;38,06;37,287640871427115;0,5965386234898697;38,96708037803026
397;354,21666666666664;38,44;37,32220073302799;1,249475201243156;39,00136931641929
398;355,1;38,95;37,35676059462887;2,538411802827372;39,03565825480833
399;355,9833333333333;38,45;37,391320456229735;1,120802376397622;39,069947193197365
400;356,8666666666667;38,55;37,42588031783061;1,2636450598406017;39,104236131586404
401;357,75;39,09;37,46044017943149;2,655465208811296;39,138525069975444
402;358,6333333333333;39,29;37,495000041032355;3,222024852693843;39,172814008364476
403;359,51666666666665;38,88;37,529559902633224;1,823688456575994;39,207102946753515
404;360,4;39,06;37,5641197642341;2,237657679755052;39,24139188514255
405;361,28333333333336;39,37;37,598679625834976;3,137575867932113;39,27568082353159
406;362,1666666666667;39,01;37,633239487435844;1,8954695089559115;39,30996976192063
407;363,05;38,7;37,66779934903672;1,0654381838490248;39,344258700309666
408;363,9333333333333;38,72;37,70235921063759;1,0355927761741492;39,3785476386987
409;364,81666666666666;38,62;37,736919072238464;0,7798319249761699;39,41283657708773
410;365,7;37,9;37,77147893383933;0,016517664447074157;39,44712551547677
411;366,5833333333333;37,06;37,80603879544021;0,5565738843018744;39,48141445386581
412;367,4666666666666;35,42;37,84059865704108;5,85929785846906;39,51570339225484
413;368,35;32,63;37,87515851864195;27,51168788568222;39,54999233064388
414;369,23333333333335;28,81;37,90971838024283;82,8048745997292;39,58428126903292
415;370,1166666666667;24,71;37,944278241843705;175,1461205825377;39,61857020742195
416;371,0;22,63;37,97883810344457;235,58683112575204;39,65285914581099
417;371,8833333333333;23,13;38,01339796504545;221,51553498591906;39,68714808420003
418;372,76666666666665;25,26;38,04795782664632;163,53186537608477;39,721437022589065
419;373,65;29,23;38,082517688247194;78,36706942072944;39,7557259609781
420;374,53333333333336;33,64;38,11707754984806;20,044223387353522;39,79001489936714
421;375,4166666666667;36,93;38,15163741144894;1,4923979650516626;39,824303837756176
422;376,3;38,63;38,186197273049814;0,19696086044842379;39,858592776145215
423;377,1833333333333;39,43;38,22075713465068;1,462268307398227;39,89288171453425
424;378,06666666666666;39,44;38,25531699625156;1,403473819370425;39,92717065292329
425;378,95;39,46;38,28987685785243;1,3691881677893116;39,96145959131232
426;379,8333333333333;39,74;38,3244367194533;2,0038194012321333;39,99574852970136
427;380,7166666666666;39,43;38,35899658105417;1,1470483233936537;40,03003746809039
428;381,6;39,36;38,39355644265505;0,9340131495335662;40,06432640647943
429;382,48333333333335;39,86;38,42811630425592;2,050290918137715;40,09861534486847
430;383,3666666666667;39,98;38,46267616585679;2,3022716176590374;40,1329042832575
431;384,25;39,72;38,49723602745767;1,4951517325475039;40,16719322164654
432;385,1333333333333;40,04;38,53179588905854;2,274679640260708;40,20148216003558
433;386,01666666666665;40,16;38,56635575065941;2,5397019934563163;40,235771098424614
434;386,9;39,74;38,60091561226028;1,2975132423923765;40,27006003681365
435;387,78333333333336;39,83;38,63547547386116;1,4268888435472085;40,30434897520269
436;388,6666666666667;40,24;38,67003533546203;2,464789047897821;40,338637913591725
437;389,55;40,01;38,7045951970629;1,7040816995312422;40,372926851980765
438;390,4333333333333;39,79;38,739155058663776;1,1042750907319296;40,4072157903698
439;391,31666666666666;40,06;38,77371492026465;1,6545293063497764;40,44150472875884
440;392,2;40,28;38,80827478186552;2,165975117692984;40,47579366714787
441;393,0833333333333;39,92;38,8428346434664;1,160285205316169;40,51008260553691
442;393,9666666666666;40,05;38,877394505067265;1,3750036467464375;40,54437154392595
443;394,85;40,46;38,91195436666814;2,3964452828778393;40,57866048231499
444;395,73333333333335;40,11;38,94651422826901;1,353699141020457;40,61294942070402
445;396,6166666666667;40,08;38,981074089869885;1,207638155955297;40,64723835909306
446;397,5;40,15;39,01563395147076;1,2867863320558364;40,68152729748209
447;398,3833333333333;39,95;39,05019381307163;0,8096511740345783;40,71581623587113
448;399,26666666666665;39,66;39,084753674672505;0,3309083348027817;40,75010517426017
449;400,15;39,95;39,119313536273374;0,6900400010186516;40,7843941126492
450;401,03333333333336;40,32;39,15387339787425;1,359851252185348;40,81868305103824
451;401,9166666666667;40,18;39,188433259475126;0,9832046009151229;40,852971989427274
452;402,8;40,08;39,222993121075994;0,7344607905230623;40,887260927816314
453;403,6833333333333;40,11;39,25755298267687;0,7266659173430996;40,921549866205346
454;404,56666666666666;39,56;39,29211284427774;0,07176352820096427;40,955838804594386
455;405,45;38,94;39,326672705878615;0,1495157814714913;40,990127742983425
456;406,3333333333333;39,06;39,36123256747949;0,0907410597102843;41,02441668137246
457;407,2166666666666;39,13;39,39579242908036;0,07064561535643628;41,0587056197615
458;408,1;39,0;39,430352290681235;0,18520309409458593;41,09299455815054
459;408,98333333333335;39,4;39,46491215228211;0,004213587513896084;41,12728349653957
460;409,8666666666667;39,59;39,49947201388298;0,008195316270404141;41,16157243492861
461;410,75;39,17;39,53403187548385;0,13251920636828643;41,19586137331764
462;411,6333333333333;39,23;39,56859173708472;0,11464436442205267;41,23015031170668
463;412,51666666666665;39,25;39,6031515986856;0,12471605165419458;41,26443925009572
464;413,4;39,39;39,63771146028647;0,06136096755725411;41,29872818848475
465;414,28333333333336;39,25;39,672271321887344;0,17831306928848467;41,33301712687379
466;415,1666666666667;39,61;39,70683118348822;0,009376278095729341;41,367306065262824
467;416,05;39,93;39,74139104508909;0,03557333787258627;41,40159500365186
468;416,9333333333333;39,94;39,77595090668996;0,02691210501584651;41,4358839420409
469;417,81666666666666;39,76;39,81051076829083;0,002551337713330378;41,47017288042994
470;418,7;40,04;39,84507062989171;0,03799745933081502;41,504461818818974
471;419,5833333333333;40,11;39,87963049149258;0,05307011044995138;41,53875075720801
472;420,4666666666666;39,84;39,914190353093446;0,005504208492129635;41,573039695597046
473;421,35;40,08;39,94875021469433;0,01722650614278441;41,607328633986086
474;422,23333333333335;40,15;39,9833100762952;0,027785530664712513;41,641617572375125
475;423,1166666666667;40,22;40,017869937896066;0,040856562006139824;41,67590651076416
476;424,0;40,13;40,05242979949694;0,006017136006085079;41,71019544915319
477;424,8833333333333;40,39;40,08698966109782;0,09181526548161592;41,74448438754223
478;425,76666666666665;40,39;40,121549522698686;0,07206565876330359;41,77877332593127
479;426,65;40,72;40,15610938429956;0,317972626475018;41,81306226432031
480;427,53333333333336;40,47;40,19066924590044;0,0780256701858296;41,84735120270935
481;428,4166666666667;40,61;40,225229107501306;0,14804863971424095;41,88164014109838
482;429,3;40,58;40,259788969102175;0,10253510430864683;41,91592907948741
483;430,1833333333333;40,66;40,29434883070305;0,13370077760822385;41,95021801787645
484;431,06666666666666;40,38;40,328908692303926;0,002610321722095132;41,98450695626549
485;431,95;40,5;40,363468553904795;0,018640835772847857;42,018795894654524
486;432,8333333333333;40,45;40,39802841550567;0,002701045594851494;42,053084833043556
487;433,7166666666666;40,73;40,43258827710654;0,0884537329144547;42,087373771432596
488;434,6;40,83;40,467148138707415;0,13166147324349195;42,121662709821635
489;435,48333333333335;40,7;40,50170800030829;0,039319717141737855;42,155951648210674
490;436,3666666666667;40,86;40,53626786190917;0,10480249723286196;42,190240586599714
491;437,25;41,04;40,570827723510035;0,220122625026775;42,224529524988746
492;438,1333333333333;40,86;40,605387585110904;0,06482748181565683;42,25881846337778
493;439,01666666666665;40,55;40,63994744671178;0,008090543169968984;42,29310740176682
494;439,9;40,56;40,674507308312656;0,013111923657009045;42,32739634015586
495;440,78333333333336;39,66;40,709067169913524;1,1005419269903782;42,3616852785449
496;441,6666666666667;37,73;40,7436270315144;9,081947885074314;42,39597421693393
497;442,55;34,73;40,778186893115276;36,58056469405145;42,43026315532296
498;443,4333333333333;30,93;40,812746754716144;97,66868341785249;42,464552093712
499;444,31666666666666;26,34;40,84730661631701;210,46194525983537;42,49884103210104
500;445,2;22,89;40,88186647791789;323,7072593592254;42,53312997049008
501;446,0833333333333;22,45;40,916426339518765;341,0089017528724;42,56741890887911
502;446,9666666666666;24,29;40,95098620111963;277,58846119389887;42,601707847268145
503;447,85;27,93;40,98554606272051;170,447282995817;42,635996785657184
504;448,73333333333335;33,42;41,020105924321385;57,761610060904985;42,670285724046224
505;449,6166666666667;37,73;41,05466578592225;11,053402588082056;42,70457466243526
506;450,5;40,32;41,08922564752312;0,591708096807366;42,738863600824295
507;451,3833333333333;41,67;41,123785509124;0,2983502700429321;42,77315253921333
508;452,26666666666665;42,54;41,158345370724874;1,9089695145973844;42,80744147760237
509;453,15;41,99;41,19290523232574;0,635360068653682;42,84173041599141
510;454,03333333333336;42,09;41,22746509392662;0,7439664641950237;42,876019354380446
511;454,9166666666667;42,43;41,262024955527494;1,3641657045105522;42,910308292769486
512;455,8;42,38;41,29658481712836;1,1737884584767893;42,94459723115852
513;456,6833333333333;42,15;41,33114467872923;0,6705240371734518;42,97888616954755
514;457,56666666666666;42,59;41,365704540330114;1,4988993725683057;43,01317510793659
515;458,45;42,46;41,40026440193098;1,1230395378146996;43,04746404632563
516;459,3333333333333;41,99;41,43482426353185;0,3082200983629535;43,08175298471466
517;460,2166666666666;42,19;41,46938412513272;0,519287239110732;43,116041923103694
518;461,1;42,26;41,5039439867336;0,5716206951962755;43,15033086149273
519;461,98333333333335;41,84;41,53850384833447;0,09089992946912541;43,18461979988177
520;462,8666666666667;42,01;41,57306370993535;0,1909133215754606;43,21890873827081
521;463,75;42,28;41,60762357153622;0,4520900615537061;43,25319767665985
522;464,6333333333333;41,96;41,64218343313709;0,101007370172526;43,287486615048884
523;465,51666666666665;41,63;41,67674329473796;0,002184935602959593;43,32177555343792
524;466,4;41,53;41,711303156338836;0,03287083449842404;43,356064491826956
525;467,28333333333336;41,78;41,74586301793971;0,0011653335441845106;43,390353430215995
526;468,1666666666667;41,28;41,78042287954058;0,25042305836768525;43,424642368605035
527;469,05;41,31;41,814982741141456;0,2550075688507368;43,45893130699407
528;469,9333333333333;41,72;41,849542602742325;0,01678128592525611;43,4932202453831
529;470,81666666666666;41,74;41,8841024643432;0,020765520229782862;43,52750918377214
530;471,7;41,48;41,91866232594407;0,1924246362026637;43,56179812216118
531;472,5833333333333;41,6;41,953222187544945;0,1247659137740354;43,59608706055022
532;473,4666666666666;41,78;41,98778204914582;0,043173379947235864;43,63037599893924
533;474,35;41,32;42,02234191074669;0,49328415959131044;43,66466493732829
534;475,23333333333335;41,25;42,056901772347565;0,6510904702176421;43,69895387571732
535;476,1166666666667;41,08;42,09146163394844;1,0230546369496536;43,73324281410636
536;477,0;41,39;42,12602149554931;0,5417276419106417;43,7675317524954
537;477,8833333333333;40,88;42,16058135715018;1,6398886122805862;43,80182069088443
538;478,76666666666665;40,85;42,19514121875106;1,8094048983830866;43,836109629273466
539;479,65;40,95;42,22970108035193;1,6376348550538893;43,870398567662505
540;480,53333333333336;41,09;42,2642609419528;1,378888759795866;43,904687506051545
541;481,4166666666667;40,69;42,298820803553674;2,5883043779470976;43,938976444440584
542;482,3;40,78;42,33338066515455;2,412991490875989;43,973265382829624
543;483,1833333333333;41,18;42,36794052675542;1,4112026951079426;44,00755432121865
544;484,06666666666666;41,0;42,402500388356295;1,967007339339557;44,04184325960769
545;484,95;40,71;42,43706024995717;2,9827371069821207;44,07613219799673
546;485,8333333333333;40,68;42,47162011155804;3,2099026241392408;44,11042113638577
547;486,7166666666666;40,91;42,50617997315891;2,5477905067135818;44,1447100747748
548;487,6;40,26;42,54073983475979;5,201774193860126;44,17899901316384
549;488,48333333333335;40,3;42,57529969636066;5,1769887082589205;44,21328795155287
550;489,3666666666667;40,59;42,60985955796153;4,0798326338885245;44,24757688994191
551;490,25;40,6;42,644419419562404;4,1796507630838695;44,28186582833095
552;491,1333333333333;40,37;42,67897928116328;5,331385320841306;44,31615476671999
553;492,01666666666665;40,63;42,71353914276415;4,34113535943035;44,35044370510902
554;492,9;41,06;42,74809900436502;2,8496782485381527;44,384732643498054
555;493,78333333333336;41,14;42,7826588659659;2,698328149936373;44,419021581887094
556;494,6666666666667;41,26;42,81721872756677;2,4249301654846707;44,45331052027613
557;495,55;41,55;42,85177858916764;1,6946274952152904;44,48759945866517
558;496,4333333333333;41,44;42,886338450768505;2,0918949141714474;44,521888397054205
559;497,31666666666666;41,04;42,92089831236939;3,537778461474016;44,55617733544324
560;498,2;40,75;42,95545817397026;4,86404575713222;44,59046627383228
561;499,0833333333333;40,76;42,990018035571126;4,972980438972511;44,62475521222132
562;499,9666666666666;40,73;43,024577897172;5,265087726190298;44,65904415061035
563;500,85;40,98;43,05913775877288;4,322813819955116;44,693333088999395
564;501,73333333333335;40,9;43,093697620373746;4,812309249633441;44,72762202738843
565;502,6166666666667;41,01;43,12825748197462;4,487014759941473;44,76191096577746
566;503,5;41,39;43,1628173435755;3,142881333682081;44,7961999041665
567;504,3833333333333;42,02;43,197377205176366;1,3862170832689034;44,83048884255554
568;505,26666666666665;42,3;43,23193706677724;0,8685066964333745;44,86477778094457
569;506,15;43,24;43,26649692837812;0,0007020872134749862;44,899066719333604
570;507,03333333333336;44,08;43,301056789978986;0,6067525244378386;44,93335565772264
571;507,9166666666667;44,82;43,335616651579855;2,2033939250670027;44,96764459611168
572;508,8;44,82;43,37017651318074;2,1019881429327643;45,00193353450072
573;509,6833333333333;45,27;43,404736374781606;3,4792083915628758;45,036222472889754
574;510,56666666666666;45,46;43,439296236382475;4,083243700298033;45,070511411278794
575;511,45;45,71;43,47385609798335;5,000339550526249;45,104800349667826
576;512,3333333333334;45,23;43,50841595958423;2,9638516082142887;45,139089288056866
577;513,2166666666667;45,42;43,542975821185095;3,5232197678557737;45,173378226445905
578;514,1;44,99;43,57753568278597;1,9950554474028988;45,207667164834945
579;514,9833333333333;44,39;43,61209554438685;0,6051353420627972;45,24195610322398
580;515,8666666666667;42,22;43,646655405987715;2,035345647433976;45,27624504161301
581;516,75;39,19;43,681215267588584;20,171014579820817;45,31053398000205
582;517,6333333333333;34,83;43,71577512918946;78,956999646522;45,34482291839109
583;518,5166666666667;30,25;43,750334990790336;182,2590448635579;45,37911185678013
584;519,4;24,77;43,784894852391204;361,56622624749355;45,41340079516916
585;520,2833333333333;23,17;43,81945471399207;426,39997998520937;45,44768973355819
586;521,1666666666666;24,38;43,85401457559295;379,2372436904067;45,48197867194723
587;522,05;27,58;43,888574437193824;265,9696001734919;45,51626761033627
588;522,9333333333333;32,89;43,92313429879469;121,73005245523986;45,550556548725304
589;523,8166666666667;38,86;43,957694160395576;25,986485752931163;45,58484548711435
590;524,7;42,62;43,992254021996445;1,8830811008854258;45,61913442550338
591;525,5833333333334;44,94;44,02681388359731;0,8339088831906172;45,653423363892415
592;526,4666666666667;46,49;44,06137374519819;5,898225485512681;45,687712302281454
593;527,35;46,5;44,095933606799065;5,779535222918153;45,722001240670494
594;528,2333333333333;46,95;44,13049346839993;7,949617081735453;45,756290179059526
595;529,1166666666667;47,3;44,1650533300008;9,827890623739043;45,790579117448566
596;530,0;47,23;44,19961319160168;9,18324420851455;45,8248680558376
597;530,8833333333333;47,12;44,234173053202554;8,327997166862257;45,85915699422664
598;531,7666666666667;47,4;44,26873291480342;9,804833558835464;45,89344593261568
599;532,65;47,2;44,3032927764043;8,390912739231537;45,92773487100471
600;533,5333333333333;47,16;44,337852638005174;7,964515732814337;45,96202380939374
601;534,4166666666666;47,59;44,37241249960604;10,352869322691458;45,99631274778278
602;535,3;47,43;44,40697236120691;9,138696104906916;46,03060168617182
603;536,1833333333333;47,36;44,44153222280779;8,517454166509253;46,06489062456086
604;537,0666666666667;47,73;44,47609208440866;10,587916723147941;46,0991795629499
605;537,95;47,59;44,51065194600953;9,482384437614908;46,13346850133893
606;538,8333333333334;47,48;44,545211807610414;8,612981734189313;46,167757439727964
607;539,7166666666667;47,87;44,57977166921128;10,825602468724691;46,202046378117004
608;540,6;47,82;44,61433153081215;10,276310334345165;46,23633531650604
609;541,4833333333333;47,66;44,64889139241303;9,066775046684336;46,27062425489508
610;542,3666666666667;47,91;44,6834512540139;10,410616810224433;46,304913193284115
611;543,25;47,6;44,71801111561477;8,305859929720022;46,33920213167315
612;544,1333333333333;47,4;44,75257097721564;7,008880430680942;46,37349107006219
613;545,0166666666667;47,73;44,787130838816516;8,660478899844763;46,407780008451226
614;545,9;47,71;44,82169070041739;8,342330610055381;46,442068946840266
615;546,7833333333333;47,58;44,85625056201826;7,418811000905833;46,4763578852293
616;547,6666666666666;48,02;44,89081042361913;9,791827404930713;46,51064682361833
617;548,55;48,21;44,925370285220005;10,788792363215718;46,54493576200737
618;549,4333333333333;48,16;44,95993014682088;10,240447065225808;46,57922470039641
619;550,3166666666667;48,65;44,99449000842176;13,362753298528359;46,61351363878545
620;551,2;48,69;45,02904987002263;13,402555854181289;46,64780257717449
621;552,0833333333334;48,72;45,0636097316235;13,369189794678359;46,68209151556352
622;552,9666666666667;49,01;45,09816959322437;15,302417131374378;46,71638045395255
623;553,85;48,79;45,132729454825245;13,37562784060284;46,75066939234159
624;554,7333333333333;48,46;45,16728931642612;10,841943645721566;46,78495833073063
625;555,6166666666667;48,74;45,20184917802699;12,518511239028301;46,819247269119664
626;556,5;48,7;45,23640903962786;11,996462340771634;46,853536207508704
627;557,3833333333333;48,53;45,27096890122874;10,621283702758205;46,887825145897736
628;558,2666666666667;49,02;45,30552876282961;13,797296571766152;46,922114084286775
629;559,15;48,99;45,34008862443048;13,32185304951181;46,956403022675815
630;560,0333333333333;48,82;45,374648486031354;11,870447054806041;46,99069196106485
631;560,9166666666666;49,13;45,40920834763223;13,844290520329698;47,02498089945388
632;561,8;49,08;45,4437682092331;13,222181636183853;47,05926983784292
633;562,6833333333333;48,8;45,47832807083397;11,033504405009573;47,09355877623196
634;563,5666666666667;49,16;45,51288793243485;13,301426433379316;47,127847714621
635;564,45;49,21;45,54744779403572;13,414288661413828;47,16213665301004
636;565,3333333333334;48,91;45,582007655636595;11,075533044141412;47,19642559139907
637;566,2166666666667;49,15;45,61656751723747;12,485145110241364;47,2307145297881
638;567,1;49,24;45,65112737883834;12,880006690923784;47,26500346817714
639;567,9833333333333;49,08;45,68568724043921;11,521359109717189;47,29929240656618
640;568,8666666666667;49,24;45,720247102040084;12,388660462697244;47,33358134495522
641;569,75;49,47;45,75480696364096;13,802659297410699;47,36787028334425
642;570,6333333333333;49,38;45,78936682524183;12,892646595673968;47,402159221733285
643;571,5166666666667;49,65;45,8239266868427;14,638836997654494;47,436448160122325
644;572,4;49,93;45,85848654844357;16,57722178620493;47,470737098511364
645;573,2833333333333;49,8;45,89304641004445;15,264286354066552;47,505026036900404
646;574,1666666666666;49,94;45,92760627164532;16,099303431339976;47,539314975289436
647;575,05;50,03;45,962166133246185;16,5472723675093;47,57360391367847
648;575,9333333333333;49,78;45,99672599484707;14,313162198065914;47,60789285206751
649;576,8166666666667;49,71;46,03128585644794;13,532937749969994;47,64218179045655
650;577,7;49,92;46,06584571804881;14,854505229082685;47,67647072884559
651;578,5833333333334;49,71;46,10040557964969;13,029171879424107;47,710759667234626
652;579,4666666666667;49,8;46,13496544125056;13,432478316827702;47,74504860562366
653;580,35;49,9;46,169525302851426;13,916441466065736;47,77933754401269
654;581,2333333333333;49,76;46,2040851644523;12,6445303176682;47,81362648240173
655;582,1166666666667;49,93;46,23864502605318;13,626101543681946;47,84791542079077
656;583,0;49,69;46,273204887654046;11,674488839751184;47,8822043591798
657;583,8833333333333;49,32;46,30776474925492;9,073561205831266;47,91649329756884
658;584,7666666666667;49,04;46,3423246108558;7,2774525051943195;47,950782235957874
659;585,65;48,8;46,376884472456666;5,871488859821595;47,98507117434691
660;586,5333333333333;48,48;46,411444334057535;4,278922543102662;48,01936011273595
661;587,4166666666666;48,44;46,44600419565841;3,9760192677318527;48,053649051124985
662;588,3;48,23;46,480564057259286;3,0605261177530783;48,08793798951402
663;589,1833333333333;47,79;46,515123918860155;1,6253090222624862;48,12222692790306
664;590,0666666666667;46,33;46,54968378046103;0,048260963397651145;48,1565158662921
665;590,95;43,46;46,58424364206191;9,760898334964242;48,190804804681136
666;591,8333333333334;39,81;46,618803503662775;46,359805151490455;48,225093743070175
667;592,7166666666667;34,84;46,65336336526365;139,55555399975324;48,25938268145921
668;593,6;29,42;46,68792322686453;298,18117256888735;48,29367161984824
669;594,4833333333333;24,61;46,722483088465395;488,96190833766815;48,32796055823728
670;595,3666666666667;23,84;46,757042950066264;525,1908575751819;48,36224949662632
671;596,25;26,17;46,79160281166714;425,250502522158;48,39653843501536
672;597,1333333333333;30,68;46,826162673268016;260,69856907163336;48,43082737340439
673;598,0166666666667;36,25;46,860722534868884;112,58743271197436;48,46511631179342
674;598,9;42,76;46,89528239646975;17,10056049855264;48,49940525018246
675;599,7833333333333;46,69;46,92984225807063;0,05752430875641915;48,5336941885715
676;600,6666666666666;48,93;46,964402119671504;3,8635750271518736;48,56798312696054
677;601,55;50,4;46,99896198127237;11,567059604830732;48,602272065349574
678;602,4333333333333;51,73;47,03352184287325;22,056907080368656;48,636561003738606
679;603,3166666666667;52,89;47,068081704474125;33,89473263977892;48,670849942127646
680;604,2;53,42;47,10264156607499;39,90901758268343;48,705138880516685
681;605,0833333333334;53,52;47,13720142767587;40,740117614863;48,739427818905725
682;605,9666666666667;53,83;47,171761289276745;44,33214272897365;48,773716757294764
683;606,85;53,66;47,20632115087761;41,64997068760961;48,808005695683796
684;607,7333333333333;53,28;47,24088101247848;36,470958145442935;48,84229463407283
685;608,6166666666667;53,55;47,27544087407936;39,370092224673975;48,87658357246187
686;609,5;53,5;47,310000735680234;38,31609089227925;48,91087251085091
687;610,3833333333333;53,32;47,3445605972811;35,70587605556558;48,94516144923994
688;611,2666666666667;53,37;47,37912045888198;35,89063767618645;48,97945038762898
689;612,15;53,21;47,413680320482854;33,597321827157764;49,01373932601801
690;613,0333333333333;52,74;47,44824018208372;28,002721970513335;49,04802826440705
691;613,9166666666666;52,65;47,48280004368459;26,69995538854595;49,08231720279609
692;614,8;52,38;47,51735990528547;23,645268690725388;49,11660614118512
693;615,6833333333333;52,25;47,55191976688634;22,071957876773276;49,150895079574155
694;616,5666666666667;52,37;47,58647962848721;22,882067144677823;49,1851840179632
695;617,45;52,38;47,62103949008809;22,647705134901077;49,219472956352234
696;618,3333333333334;52,31;47,65559935168896;21,663445394998224;49,253761894741274
697;619,2166666666667;52,51;47,69015921328983;23,230865209234878;49,28805083313031
698;620,1;52,56;47,72471907489071;23,3799416247258;49,322339771519346
699;620,9833333333333;52,61;47,75927893649158;23,529494835964222;49,35662870990838
700;621,8666666666667;52,52;47,79383879809245;22,33659970641623;49,39091764829742
701;622,75;52,5;47,82839865969332;21,823859082755167;49,42520658668646
702;623,6333333333333;52,64;47,862958521294196;22,82012528927574;49,459495525075496
703;624,5166666666667;52,51;47,89751838289507;21,274986668130875;49,49378446346453
704;625,4;52,38;47,93207824449594;19,784007943086337;49,52807340185356
705;626,2833333333333;52,74;47,96663810609681;22,784983770167074;49,5623623402426
706;627,1666666666666;52,58;48,001197967697685;20,965428051015795;49,59665127863164
707;628,05;52,47;48,03575782929856;19,662503628427;49,63094021702068
708;628,9333333333333;52,79;48,07031769089943;22,275401098836888;49,66522915540971
709;629,8166666666667;52,71;48,10487755250031;21,207152756465522;49,69951809379875
710;630,7;52,57;48,13943741410118;19,629884827566432;49,733807032187784
711;631,5833333333334;52,84;48,17399727570205;21,771581423155926;49,76809597057682
712;632,4666666666667;52,77;48,208557137302925;20,806760989650112;49,80238490896586
713;633,35;52,63;48,2431169989038;19,244742465306814;49,8366738473549
714;634,2333333333333;52,73;48,27767686050467;19,823181338485526;49,870962785743934
715;635,1166666666667;52,83;48,31223672210554;20,410185035091693;49,90525172413297
716;636,0;52,94;48,346796583706414;21,097517623451047;49,939540662522006
717;636,8833333333333;53,15;48,38135644530729;22,739961351712314;49,973829600911046
718;637,7666666666667;53,37;48,41591630690816;24,542945238158474;50,00811853930008
719;638,65;53,34;48,450476168509034;23,907443298718125;50,04240747768912
720;639,5333333333333;52,93;48,48503603010991;19,757704693621065;50,07669641607815
721;640,4166666666666;52,58;48,51959589171078;16,48688152261197;50,11098535446719
722;641,3;51,98;48,55415575331165;11,736408802567665;50,14527429285623
723;642,1833333333333;51,47;48,58871561491252;8,301799707748913;50,17956323124526
724;643,0666666666667;51,26;48,6232754765134;6,952316212755632;50,21385216963431
725;643,95;51,32;48,65783533811427;7,0871206869931775;50,24814110802334
726;644,8333333333334;51,12;48,69239519971515;5,893265066366031;50,28243004641237
727;645,7166666666667;51,32;48,72695506131602;6,723882054034611;50,31671898480141
728;646,6;51,73;48,76151492291689;8,811903652865112;50,35100792319045
729;647,4833333333333;51,72;48,796074784517764;8,549338665732837;50,385296861579484
730;648,3666666666667;52,19;48,83063464611864;11,285335580858424;50,419585799968516
731;649,25;52,75;48,86519450771951;15,091713712852675;50,453874738357555
732;650,1333333333333;52,94;48,89975436932038;16,32358475622577;50,488163676746595
733;651,0166666666667;52,91;48,93431423092125;15,806077334455246;50,522452615135634
734;651,9;53,39;48,96887409252213;19,54635428977204;50,55674155352467
735;652,7833333333333;53,41;49,003433954123;19,417824316676057;50,5910304919137
736;653,6666666666666;53,23;49,037993815723866;17,57291584900933;50,62531943030274
737;654,55;53,51;49,07255367732475;19,690929866624096;50,65960836869178
738;655,4333333333333;53,59;49,10711353892562;20,096271022884036;50,69389730708082
739;656,3166666666667;53,3;49,14167340052649;17,29168010788888;50,72818624546986
740;657,2;53,05;49,17623326212737;15,006068739448347;50,76247518385889
741;658,0833333333334;53,58;49,21079312372824;19,08996872766044;50,79676412224792
742;658,9666666666667;53,66;49,245352985329106;19,489108264142608;50,83105306063696
743;659,85;53,74;49,27991284692998;19,892377412980238;50,865341999026
744;660,7333333333333;54,36;49,31447270853086;25,457345648959937;50,89963093741504
745;661,6166666666667;54,83;49,349032570131726;30,041003967276815;50,93391987580407
746;662,5;54,84;49,3835924317326;29,772383551045777;50,968208814193105
747;663,3833333333333;54,4;49,41815229333348;24,818806572418474;51,002497752582144
748;664,2666666666667;52,56;49,452712154934346;9,655237752092768;51,036786690971184
749;665,15;49,25;49,487272016535215;0,05629800983068729;51,071075629360216
750;666,0333333333333;44,79;49,52183187813609;22,390232922944932;51,105364567749255
751;666,9166666666666;39,47;49,556391739736966;101,73529832743414;51,13965350613829
752;667,8;33,51;49,590951601337835;258,59700440456993;51,17394244452733
753;668,6833333333333;28,05;49,625511462938704;465,5026948873994;51,20823138291637
754;669,5666666666667;24,65;49,66007132453959;625,5036676585573;51,242520321305406
755;670,45;25,07;49,694631186140455;606,372461053441;51,276809259694446
756;671,3333333333334;27,92;49,72919104774133;475,64081415688054;51,31109819808348
757;672,2166666666667;33,09;49,76375090934221;278,01396938678994;51,34538713647251
758;673,1;39,34;49,798310770943075;109,37626418162387;51,37967607486155
759;673,9833333333333;45,16;49,832870632543944;21,835719948491672;51,41396501325059
760;674,8666666666667;47,7;49,86743049414482;4,697754946948845;51,44825395163962
761;675,75;48,73;49,901990355745696;1,3735613939609295;51,482542890028654
762;676,6333333333333;48,83;49,936550217346564;1,2244533835097324;51,51683182841769
763;677,5166666666667;48,13;49,97111007894743;3,3896863228018135;51,55112076680673
764;678,4;47,56;50,00566994054831;5,981301458101557;51,58540970519577
765;679,2833333333333;47,88;50,040229802149184;4,666592798093494;51,619698643584805
766;680,1666666666666;47,81;50,07478966375005;5,129272221029068;51,65398758197384
767;681,05;47,88;50,10934952535093;4,969999306182401;51,68827652036288
768;681,9333333333333;48,61;50,143909386951805;2,352878007378863;51,722565458751916
769;682,8166666666667;49,0;50,17846924855267;1,3887897697843026;51,756854397140955
770;683,7;49,34;50,21302911015355;0,7621798271754918;51,791143335529995
771;684,5833333333334;50,01;50,247588971754425;0,05644851949932583;51,82543227391903
772;685,4666666666667;50,4;50,28214883335529;0,013888897479518046;51,85972121230806
773;686,35;50,61;50,31670869495616;0,08601978961431721;51,8940101506971
774;687,2333333333333;50,82;50,35126855655704;0,219709166072123;51,92829908908614
775;688,1166666666667;50,65;50,385828418157914;0,06978662465294935;51,96258802747518
776;689,0;50,45;50,42038827975878;0,0008768539756443077;51,99687696586421
777;689,8833333333333;50,22;50,45494814135966;0,05520062912835842;52,03116590425324
778;690,7666666666667;50,47;50,489508002960534;0,00038056217950824267;52,06545484264228
779;691,65;50,14;50,5240678645614;0,1475081245887554;52,09974378103132
780;692,5333333333333;50,03;50,55862772616227;0,279447272867492;52,134032719420354
781;693,4166666666666;49,86;50,59318758776315;0,5375640388499432;52,16832165780939
782;694,3;49,83;50,62774744936402;0,6364009929668067;52,202610596198426
783;695,1833333333333;49,58;50,66230731096489;1,1713891153680578;52,236899534587465
784;696,0666666666667;49,75;50,69686717256577;0,8965574424826902;52,271188472976505
785;696,95;49,63;50,73142703416664;1,2131415115931214;52,305477411365544
786;697,8333333333334;49,82;50,76598689576751;0,8948912069638523;52,33976634975458
787;698,7166666666667;50,23;50,80054675736839;0,325523602343585;52,374055288143616
788;699,6;50,25;50,83510661896926;0,34234975556164243;52,40834422653265
789;700,4833333333333;49,87;50,86966648057013;0,9993330723754786;52,44263316492169
790;701,3666666666667;49,68;50,904226342171;1,498730136865388;52,47692210331073
791;702,25;49,53;50,938786203771876;1,984678567937971;52,51121104169976
792;703,1333333333333;49,26;50,97334606537275;2,935554739728297;52,54549998008879
793;704,0166666666667;49,26;51,00790592697362;3,055175129549519;52,57978891847783
794;704,9;49,11;51,04246578857449;3,7344240240108246;52,61407785686687
795;705,7833333333333;49,2;51,077025650175365;3,523225291416241;52,64836679525591
796;706,6666666666666;49,11;51,11158551177624;4,006344560952558;52,68265573364494
797;707,55;48,75;51,14614537337711;5,741512650356527;52,716944672033975
798;708,4333333333333;48,7;51,180705234977985;6,153898462847167;52,751233610423014
799;709,3166666666667;49,17;51,21526509657886;4,183109315283731;52,785522548812054
800;710,2;49,49;51,24982495817973;3,09698388343228;52,81981148720109
801;711,0833333333334;49,92;51,284384819780605;1,8615459364477502;52,85410042559013
802;711,9666666666667;50,33;51,31894468138148;0,9780115828327226;52,888389363979165
803;712,85;50,27;51,35350454298235;1,1739820946633839;52,9226783023682
804;713,7333333333333;50,47;51,38806440458322;0,8428422509627415;52,95696724075724
805;714,6166666666667;50,68;51,422624266184094;0,5514908007254649;52,991256179146276
806;715,5;50,49;51,45718412778497;0,9354451370391693;53,025545117535316
807;716,3833333333333;50,49;51,49174398938584;1,0034910202706513;53,05983405592435
808;717,2666666666667;50,69;51,526303850986714;0,6994041311752124;53,09412299431338
809;718,15;50,52;51,56086371258759;1,083397268181615;53,12841193270242
810;719,0333333333333;50,67;51,59542357418846;0,8564087916637387;53,16270087109146
811;719,9166666666666;51,06;51,62998343578933;0,3248811170742038;53,19698980948049
812;720,8;51,16;51,6645432973902;0,2545639389413825;53,23127874786953
813;721,6833333333333;51,37;51,69910315899108;0,1083088892579091;53,265567686258564
814;722,5666666666667;51,6;51,73366302059195;0,017865803073763044;53,2998566246476
815;723,45;51,51;51,76822288219283;0,06667905688797346;53,33414556303664
816;724,3333333333334;51,56;51,8027827437937;0,05894346068399588;53,36843450142568
817;725,2166666666667;51,76;51,83734260539457;0,005981878609220143;53,402723439814714
818;726,1;51,68;51,871902466995444;0,03682655683893743;53,437012378203754
819;726,9833333333333;51,6;51,90646232859632;0,09391915884867756;53,471301316592786
820;727,8666666666667;51,76;51,94102219019719;0,03276903334378763;53,505590254981826
821;728,75;51,6;51,97558205179806;0,14106187763283706;53,539879193370865
822;729,6333333333333;51,56;52,01014191339893;0,20262774219844995;53,5741681317599
823;730,5166666666667;52,01;52,04470177499981;0,001204213188137452;53,60845707014893
824;731,4;52,64;52,07926163660068;0,314427512187752;53,64274600853797
825;732,2833333333333;53,08;52,113821498201546;0,9335008973375029;53,67703494692701
826;733,1666666666666;53,72;52,14838135980242;2,4699851502164827;53,71132388531605
827;734,05;54,26;52,1829412214033;4,31417316974562;53,74561282370508
828;734,9333333333333;54,56;52,217501083004166;5,4873011761266675;53,77990176209411
829;735,8166666666667;54,63;52,25206094460505;5,654594151172646;53,81419070048315
830;736,7;54,55;52,28662080620592;5,122885374899939;53,84847963887219
831;737,5833333333334;54,42;52,321180667806786;4,4050425891879765;53,88276857726123
832;738,4666666666667;53,98;52,35574052940766;2,638218827808893;53,91705751565027
833;739,35;52,43;52,39030039100854;0,0015760589540749941;53,9513464540393
834;740,2333333333333;49,24;52,424860252609406;10,143334828651238;53,985635392428335
835;741,1166666666667;45,02;52,459420114210275;55,34497163571637;54,019924330817375
836;742,0;40,1;52,49397997581116;153,6107396408079;54,054213269206414
837;742,8833333333333;34,93;52,528539837412026;309,7086044089781;54,088502207595454
838;743,7666666666667;29,29;52,563099699012895;541,6371696001942;54,122791145984486
839;744,65;24,47;52,59765956061377;791,1652323577873;54,15708008437352
