;L, μμ;hn58,nacro,53,800;Result;fail;Predict
0;3,533333333333333;348,768;420,63977317333183;5165,551779078865;432,43551146732744
1;4,416666666666667;301,296;420,97714703249693;14323,57695501415;432,7947114737931
2;5,3;319,60799999999995;421,314520891662;10344,216391886095;433,15391148025867
3;6,183333333333334;316,896;421,6518947508271;10973,797485046367;433,51311148672426
4;7,066666666666666;320,088;421,9892686099922;10383,868544325782;433,8723114931899
5;7,95;320,66400000000004;422,3266424691574;10335,292873811712;434,2315114996555
6;8,833333333333334;317,28;422,6640163283225;11105,790897488143;434,59071150612107
7;9,716666666666669;317,568;423,0013901874876;11116,199766427004;434,9499115125867
8;10,6;321,984;423,33876404665267;10272,78819495264;435,3091115190523
9;11,483333333333333;324,79200000000003;423,67613790581777;9778,07272937678;435,6683115255179
10;12,366666666666667;327,16799999999995;424,01351176498287;9379,053149021445;436,02751153198346
11;13,25;331,44;424,35088562414796;8632,432667463505;436,3867115384491
12;14,133333333333333;336,072;424,68825948331306;7852,841444813872;436,7459115449147
13;15,016666666666667;334,848;425,02563334247816;8132,005555250426;437,1051115513803
14;15,9;337,008;425,36300720164326;7806,607297602435;437,4643115578459
15;16,783333333333335;340,008;425,70038106080835;7343,184171870789;437,8235115643115
16;17,666666666666668;342,09599999999995;426,03775491997345;7046,218219044896;438,1827115707771
17;18,55;340,488;426,37512877913855;7376,598889924329;438,54191157724273
18;19,433333333333334;341,95199999999994;426,71250263830365;7184,342807497889;438,9011115837083
19;20,316666666666663;342,23999999999995;427,04987649746874;7192,715151515909;439,2603115901739
20;21,2;343,704;427,38725035663384;7002,886390251057;439,61951159663954
21;22,08333333333333;343,92;427,72462421579894;7023,215039951271;439,9787116031051
22;22,966666666666665;347,44800000000004;428,0619980749641;6498,616685630309;440,3379116095707
23;23,85;353,136;428,3993719341292;5664,575154895062;440,69711161603635
24;24,73333333333333;355,008;428,7367457932943;5435,927956252213;441,05631162250194
25;25,616666666666667;355,632;429,0741196524594;5393,744939046161;441,4155116289675
26;26,5;358,60799999999995;429,4114935116245;5013,134693450658;441,77471163543316
27;27,383333333333333;357,79200000000003;429,7488673707896;5177,790761817399;442,13391164189875
28;28,266666666666666;357,12;430,0862412299547;5324,072359227937;442,49311164836433
29;29,15;361,968;430,4236150891198;4686,171237229721;442,85231165483
30;30,03333333333333;366,216;430,7609889482849;4166,055598334216;443,21151166129556
31;30,916666666666668;369,864;431,09836280745;3749,6471884344155;443,57071166776115
32;31,8;372,288;431,43573666661507;3498,4547527832397;443,9299116742268
33;32,68333333333333;370,44;431,77311052578017;3761,7504467675662;444,2891116806924
34;33,56666666666667;367,008;432,11048438494527;4238,333473092045;444,64831168715796
35;34,45;365,856;432,44785824411036;4434,47558440369;445,0075116936236
36;35,333333333333336;364,728;432,78523210327546;4631,7868415591065;445,3667117000892
37;36,21666666666667;364,776;433,12260596244056;4671,258546585114;445,72591170655477
38;37,1;366,36;433,45997982160566;4502,407292059885;446,0851117130204
39;37,98333333333333;369,432;433,79735368077075;4142,898754450707;446,444311719486
40;38,86666666666667;369,048;434,1347275399359;4236,282101857852;446,8035117259516
41;39,75;367,896;434,472101399101;4432,377277503377;447,16271173241716
42;40,63333333333333;368,52;434,8094752582661;4394,294530016276;447,5219117388828
43;41,516666666666666;370,704;435,1468491174312;4152,880802372002;447,8811117453484
44;42,4;375,12;435,4842229765963;3643,8394155682363;448,240311751814
45;43,28333333333333;377,832;435,8215968357614;3362,793341174149;448,5995117582796
46;44,16666666666666;380,424;436,1589706949265;3106,3869583643177;448,9587117647452
47;45,05;383,568;436,4963445540916;2801,409657236639;449,3179117712108
48;45,93333333333333;385,584;436,8337184132567;2626,5336374381013;449,67711177767643
49;46,81666666666667;383,256;437,1710922724218;2906,8371747437586;450,036311784142
50;47,7;390,048;437,5084661315869;2252,4958454275056;450,3955117906076
51;48,583333333333336;393,408;437,845839990752;1974,7216230436748;450,75471179707324
52;49,46666666666667;394,296;438,1832138499171;1926,0875395083544;451,1139118035388
53;50,35;395,952;438,5205877090822;1812,0846595458224;451,4731118100044
54;51,23333333333333;401,52;438,8579615682473;1394,123374071912;451,83231181647005
55;52,11666666666667;397,104;439,1953354274124;1771,6805180629412;452,19151182293564
56;53,0;377,256;439,5327092865775;3878,388519564888;452,5507118294012
57;53,88333333333333;369,768;439,87008314574257;4914,3020613726085;452,90991183586686
58;54,766666666666666;375,504;440,2074570049077;4186,53734838594;453,26911184233245
59;55,65;388,968;440,5448308640728;2660,169481981173;453,62831184879803
60;56,53333333333333;373,56;440,8822047232379;4532,279248797558;453,9875118552636
61;57,41666666666666;395,496;441,219578582403;2090,6456383811856;454,34671186172926
62;58,3;416,064;441,5569524415681;649,8906241880526;454,70591186819485
63;59,18333333333333;427,416;441,8943263007332;209,62193247050314;455,0651118746605
64;60,06666666666667;427,608;442,2317001598983;213,85260636660973;455,4243118811261
65;60,95;458,76;442,5690740190634;262,14608412016725;455,78351188759166
66;61,833333333333336;472,656;442,9064478782285;885,0358514459992;456,14271189405724
67;62,71666666666667;478,8;443,2438217373936;1264,2418126422444;456,5019119005229
68;63,6;482,808;443,5811955965587;1538,7421837058412;456,86111190698847
69;64,48333333333333;485,232;443,9185694557238;1706,7995433367362;457,22031191345405
70;65,36666666666666;489,192;444,2559433148889;2019,249190407519;457,5795119199197
71;66,25;491,424;444,593317174054;2193,112853944352;457,9387119263853
72;67,13333333333334;490,296;444,9306910332191;2058,0112576514916;458,29791193285087
73;68,01666666666667;488,76;445,2680648923842;1891,548419405064;458,6571119393165
74;68,9;488,4;445,60543875154934;1831,3744724473927;459,0163119457821
75;69,78333333333333;488,088;445,94281261071444;1776,2168200779963;459,3755119522477
76;70,66666666666667;489,768;446,28018646987954;1891,189925630526;459,7347119587133
77;71,55;494,952;446,61756032904464;2336,2180583052236;460,0939119651789
78;72,43333333333334;495,816;446,95493418820973;2387,403752264097;460,4531119716445
79;73,31666666666666;496,848;447,29230804737483;2455,76660490348;460,81231197811013
80;74,2;495,792;447,62968190653993;2319,6088841356286;461,1715119845757
81;75,08333333333333;494,448;447,967055765705;2160,478176911637;461,5307119910413
82;75,96666666666667;492,648;448,3044296248701;1966,3522336140982;461,88991199750694
83;76,85;493,584;448,6418034840352;2019,801027679597;462,2491120039725
84;77,73333333333333;493,896;448,9791773432003;2017,5209575823944;462,6083120104381
85;78,61666666666666;494,712;449,3165512023654;2060,746771538662;462,9675120169037
86;79,5;497,544;449,6539250615305;2293,4592776122213;463,32671202336934
87;80,38333333333334;496,512;449,9912989206956;2164,1756289099926;463,6859120298349
88;81,26666666666667;496,488;450,3286727798607;2130,683489415892;464,04511203630057
89;82,15;497,4;450,6660466390258;2184,062396745709;464,40431204276615
90;83,03333333333333;498,504;451,0034204981909;2256,305053007688;464,76351204923174
91;83,91666666666667;497,208;451,340794357356;2103,800553464596;465,1227120556973
92;84,8;499,632;451,67816821652116;2299,569982718186;465,48191206216296
93;85,68333333333334;502,056;452,01554207568626;2504,0474292750127;465,84111206862855
94;86,56666666666666;502,848;452,35291593485135;2549,75351474643;466,20031207509413
95;87,45;502,8;452,69028979401645;2510,983056927653;466,5595120815598
96;88,33333333333333;504,624;453,02766365318155;2662,181924414021;466,91871208802536
97;89,21666666666667;504,912;453,36503751234665;2657,08934170354;467,27791209449094
98;90,1;505,2;453,70241137151174;2652,0016345490017;467,6371121009566
99;90,98333333333332;504,48;454,03978523067684;2544,215265975448;467,99631210742217
100;91,86666666666666;505,512;454,37715908984194;2614,7719549071744;468,35551211388776
101;92,75;506,784;454,71453294900704;2711,229398974441;468,7147121203534
102;93,63333333333334;505,896;455,05190680817213;2585,1218124992783;469,073912126819
103;94,51666666666668;504,864;455,38928066733723;2447,747853045753;469,43311213328457
104;95,4;504,912;455,72665452650233;2419,1982093473157;469,7923121397502
105;96,28333333333332;504,792;456,0640283856674;2374,4152176471985;470,1515121462158
106;97,16666666666669;503,016;456,4014022448325;2172,9207238760664;470,5107121526814
107;98,05;503,16;456,7387761039976;2154,9300280027846;470,869912159147
108;98,93333333333334;504,72;457,0761499631627;2269,9364463326424;471,2291121656126
109;99,81666666666666;505,368;457,4135238223279;2299,6317854749227;471,5883121720782
110;100,7;505,488;457,750897681493;2278,830937767609;471,94751217854383
111;101,58333333333331;506,928;458,08827154065807;2385,3190759822537;472,3067121850094
112;102,46666666666668;508,92;458,42564539982317;2549,679846488401;472,665912191475
113;103,35;509,112;458,76301925898827;2535,0198616587727;473,02511219794064
114;104,23333333333332;511,896;459,10039311815336;2787,3761060224933;473,3843122044062
115;105,11666666666666;512,424;459,43776697731846;2807,5408899339054;473,7435122108718
116;106,0;514,776;459,77514083648356;3025,0945087249656;474,1027122173374
117;106,88333333333334;505,992;460,11251469564866;2104,9271717921924;474,46191222380304
118;107,76666666666668;489,192;460,44988855481375;826,1089703275067;474,8211122302686
119;108,65;479,904;460,78726241397885;365,4496559327936;475,18031223673427
120;109,53333333333332;448,608;461,12463627314395;156,66618359418274;475,53951224319985
121;110,41666666666669;410,952;461,46201013230905;2551,261123565963;475,89871224966544
122;111,3;393,36;461,79938399147414;4683,949281132445;476,257912256131
123;112,18333333333334;395,832;462,13675785063924;4396,320913631907;476,61711226259666
124;113,06666666666666;394,248;462,47413170980434;4654,805048083571;476,97631226906225
125;113,95;415,776;462,81150556896944;2212,338784128554;477,33551227552783
126;114,83333333333331;439,008;463,14887942813453;582,7820595637301;477,6947122819935
127;115,71666666666668;452,184;463,4862532872997;127,74092937027605;478,05391228845906
128;116,6;453,504;463,8236271464648;106,49470444205257;478,41311229492464
129;117,48333333333332;451,104;464,1610010056299;170,4852752610202;478,7723123013903
130;118,36666666666666;448,176;464,498374864795;266,4199212268914;479,13151230785587
131;119,25;447,312;464,8357487239601;307,08176934049214;479,49071231432146
132;120,13333333333334;444,216;465,1731225831252;439,200986964135;479,8499123207871
133;127,2;443,208;467,87211345644596;608,3184925924373;482,7235123725119
134;128,08333333333334;443,136;468,20948731561106;628,6797661661074;483,08271237897753
135;128,96666666666667;443,928;468,54686117477615;606,0883255429009;483,4419123854431
136;129,85;446,544;468,8842350339413;499,0861013717394;483,8011123919087
137;130,73333333333332;452,4;469,22160889310635;282,9665257526354;484,1603123983743
138;131,61666666666667;453,72;469,5589827522715;250,87337462675333;484,51951240483993
139;132,5;453,168;469,8963566114366;279,83791491939445;484,8787124113055
140;133,38333333333333;452,4;470,2337304706017;318,0419424980683;485,2379124177711
141;134,26666666666668;450,6;470,5711043297668;398,8450081504292;485,59711242423674
142;135,15;449,136;470,9084781889319;474,04080648751403;485,9563124307023
143;136,03333333333333;449,448;471,245852048097;475,14635391072716;486,3155124371679
144;136,91666666666666;450,792;471,5832259072621;432,2750747268074;486,67471244363355
145;137,8;453,672;471,9205997664272;333,01139343524545;487,03391245009914
146;138,68333333333334;454,296;472,2579736255923;322,6324965264731;487,3931124565647
147;139,56666666666666;455,4;472,5953474847574;295,67997512155284;487,75231246303036
148;140,45;455,328;472,9327213439225;309,92621359716065;488,11151246949595
149;141,33333333333334;454,752;473,2700952030876;342,91984995061483;488,47071247596153
150;142,21666666666667;454,728;473,6074690622527;356,4343520725556;488,8299124824272
151;143,1;458,04;473,9448429214178;252,9640283549724;489,18911248889276
152;143,98333333333332;460,32;474,28221678058287;194,9434974279901;489,54831249535835
153;144,86666666666667;462,264;474,619590639748;152,66062005702878;489,907512501824
154;145,75;466,512;474,95696449891307;71,31742538790202;490,2667125082896
155;146,63333333333333;466,416;475,2943383580782;78,82489200052314;490,62591251475516
156;147,51666666666668;466,272;475,6317122172433;87,60421278961401;490,9851125212208
157;148,4;466,32;475,9690860764084;93,10486210993889;491,3443125276864
158;149,28333333333333;469,0799999999999;476,3064599355735;52,22172320045021;491,70351253415197
159;150,16666666666666;469,536;476,6438337947386;50,52130125362827;492,06271254061755
160;151,05;472,896;476,9812076539037;16,688921575513326;492,4219125470832
161;151,93333333333334;472,368;477,3185815130688;24,50825731753869;492,7811125535488
162;152,81666666666666;471,072;477,6559553722339;43,34846834356766;493,1403125600144
163;153,7;467,424;477,993329231399;111,71072040170588;493,49951256648
164;154,58333333333334;467,472;478,3307030905641;117,91143280902678;493,8587125729456
165;155,46666666666667;468,0;478,6680769497292;113,80786580534343;494,2179125794112
166;156,35;469,512;479,0054508088943;90,12560826089575;494,5771125858768
167;157,23333333333332;472,656;479,3428246680594;44,71362414136753;494,9363125923424
168;158,11666666666667;474,816;479,6801985272245;23,660427312253155;495,29551259880805
169;159,0;474,48;480,0175723863896;30,66470793450428;495,65471260527363
170;159,88333333333333;476,688;480,3549462455547;13,446494767787694;496,0139126117392
171;160,76666666666668;469,848;480,69232010471984;117,59927853363064;496,3731126182048
172;161,65;435,6;481,02969396388494;2063,8570936522415;496,73231262467044
173;162,53333333333333;397,416;481,36706782305004;7047,781788630347;497,091512631136
174;163,41666666666666;416,52;481,70444168221513;4249,011437422108;497,4507126376016
175;164,3;421,968;482,04181554138023;3608,863313699775;497,80991264406725
176;165,18333333333334;410,856;482,37918940054533;5115,56662202628;498,16911265053284
177;166,06666666666666;464,952;482,7165632597104;315,5797078082536;498,5283126569984
178;166,95;497,592;483,0539371188755;211,35527233552884;498,887512663464
179;167,83333333333334;475,872;483,3913109780406;56,540037584482;499,24671266992965
180;168,71666666666667;466,056;483,7286848372057;312,32378935520154;499,60591267639523
181;169,6;482,73599999999993;484,0660586963708;1,7690561357918149;499,9651126828609
182;170,48333333333332;459,336;484,4034325555359;628,3761749263412;500,32431268932646
183;171,36666666666667;464,472;484,740806414701;410,8245134766257;500,68351269579205
184;172,25;465,048;485,0781802738661;401,20812180357495;501,04271270225763
185;173,13333333333333;464,784;485,4155541330312;425,66102594419743;501,4019127087233
186;174,01666666666668;464,616;485,7529279921963;446,76972494729233;501,76111271518886
187;174,9;464,688;486,09030185136146;458,0585245367907;502,1203127216545
188;175,78333333333333;464,832;486,4276757105265;466,37320939422455;502,4795127281201
189;176,66666666666666;465,768;486,76504956969166;440,8760906320897;502,83871273458567
190;177,55;464,856;487,10242342885675;494,9033553759869;503,19791274105125
191;178,43333333333334;464,592;487,43979728802185;522,0218409145393;503,5571127475169
192;179,31666666666666;465,432;487,77717114718695;499,30667359707536;503,9163127539825
193;180,2;466,968;488,11454500635205;447,1763657056719;504,2755127604481
194;181,0833333333333;468,576;488,4519188655171;395,0521507486172;504,6347127669137
195;181,96666666666667;470,76;488,78929272468224;325,0553961522803;504,9939127733793
196;182,85;472,2;489,12666658384734;286,51204164073454;505,3531127798449
197;183,7333333333333;471,672;489,46404044301244;316,5567031257893;505,71231278631046
198;184,61666666666667;471,528;489,80141430217753;333,9176702590257;506,0715127927761
199;185,5;471,312;490,13878816134263;354,4479524720706;506,43071279924175
200;186,38333333333333;472,896;490,47616202050773;309,0620966673019;506,78991280570733
201;187,26666666666668;474,768;490,8135358796728;257,45922166586894;507,1491128121729
202;188,15;476,376;491,1509097388379;218,29795779080845;507,5083128186385
203;189,03333333333333;471,768;491,488283598003;388,8895851856681;507,86751282510414
204;189,91666666666663;474,0;491,8256574571681;317,7540637802934;508,2267128315697
205;190,8;475,272;492,1630313163332;285,30693892934977;508,58591283803537
206;191,6833333333333;475,752;492,5004051754983;280,50907592265844;508,94511284450095
207;192,56666666666663;477,864;492,8377790346634;224,21405857892628;509,30431285096654
208;193,45;483,456;493,17515289382857;94,46193297361587;509,6635128574321
209;194,3333333333333;483,192;493,5125267529936;106,51327245925664;510,0227128638977
210;195,21666666666667;482,568;493,84990061215876;127,28128142262864;510,38191287036335
211;196,1;482,952;494,18727447132386;126,23139244598168;510,74111287682894
212;196,9833333333333;483,72;494,52464833048896;116,74042554553724;511,1003128832945
213;197,86666666666667;487,0799999999999;494,86202218965406;60,55986936026923;511,45951288976016
214;198,75;487,752;495,19939604881915;55,46370790796699;511,81871289622575
215;199,63333333333333;489,336;495,53676990798425;38,44954745176286;512,1779129026913
216;200,51666666666668;489,912;495,87414376714935;35,54715830015809;512,537112909157
217;201,4;489,888;496,21151762631445;39,98687517030978;512,8963129156226
218;202,28333333333333;488,832;496,54889148547954;59,55041419866678;513,2555129220882
219;203,16666666666663;489,624;496,88626534464464;52,74049793602621;513,6147129285538
220;204,05;491,184;497,22363920380974;36,47724171219523;513,9739129350194
221;204,9333333333333;493,22399999999993;497,56101306297484;18,80968230841496;514,333112941485
222;205,81666666666663;492,432;497,89838692213993;29,881385982542326;514,6923129479505
223;206,7;488,568;498,2357607813051;93,46559852454111;515,0515129544162
224;207,5833333333333;486,84;498,57313464047013;137,6664484914007;515,4107129608817
225;208,46666666666667;487,896;498,9105084996353;121,31939748853759;515,7699129673474
226;209,35;486,696;499,2478823588004;157,5497507491636;516,129112973813
227;210,2333333333333;488,424;499,5852562179655;124,57364036307357;516,4883129802786
228;211,11666666666667;492,168;499,9226300771306;60,13428763313809;516,8475129867442
229;212,0;495,48;500,2600039362957;22,848437631001975;517,2067129932097
230;212,88333333333333;493,992;500,5973777954608;43,63101582076597;517,5659129996754
231;213,76666666666668;494,52;500,93475165462587;41,14903879052557;517,925113006141
232;214,65;496,344;501,27212551379097;24,28642107967755;518,2843130126066
233;215,53333333333333;487,608;501,60949937295607;196,041984690889;518,6435130190722
234;216,41666666666663;454,056;501,94687323212116;2293,535738935101;519,0027130255378
235;217,3;486,0;502,28424709128626;265,17670333006504;519,3619130320035
236;218,1833333333333;453,072;502,62162095045136;2455,164936333408;519,721113038469
237;219,06666666666663;406,608;502,95899480961646;9283,514200802736;520,0803130449347
238;219,95;395,424;503,29636866878155;11636,447922213529;520,4395130514002
239;220,8333333333333;419,856;503,63374252794665;7018,710143078922;520,7987130578658
240;221,71666666666667;375,072;503,9711163871118;16614,982205378194;521,1579130643314
241;222,6;402,144;504,30849024627685;10437,583067281596;521,517113070797
242;223,4833333333333;441,36;504,64586410544194;4005,1005955724636;521,8763130772627
243;224,36666666666667;455,808;504,9832379646071;2418,204028875736;522,2355130837283
244;225,25;458,04;505,3206118237722;2235,4562544302253;522,5947130901939
245;226,13333333333333;459,504;505,6579856829373;2130,190394420779;522,9539130966594
246;227,01666666666668;457,44;505,9953595421024;2357,622940262834;523,313113103125
247;227,9;455,952;506,3327334012675;2538,21829804959;523,6723131095906
248;228,78333333333333;457,2;506,6701072604326;2447,2915123587063;524,0315131160562
249;229,66666666666663;459,72;507,0074811195977;2236,105870636305;524,3907131225219
250;230,55;467,4;507,3448549787628;1595,5914392743916;524,7499131289875
251;231,4333333333333;471,912;507,6822288379279;1279,509271117729;525,1091131354531
252;232,31666666666663;474,288;508,019602697093;1137,8210205145294;525,4683131419187
253;233,2;475,944;508,3569765562581;1050,6010492365344;525,8275131483842
254;234,0833333333333;477,456;508,6943504154232;975,834536676768;526,1867131548498
255;234,96666666666667;477,408;509,03172427458827;1000,0599369951825;526,5459131613155
256;235,85;476,448;509,36909813375337;1083,798702332221;526,9051131677811
257;236,7333333333333;483,12;509,70647199291847;706,8404930302378;527,2643131742467
258;237,61666666666667;482,712;510,04384585208356;747,0297976820581;527,6235131807123
259;238,5;481,992;510,3812197112487;805,9477958135517;527,9827131871779
260;239,38333333333333;481,632;510,71859357041376;846,0299255304348;528,3419131936434
261;240,26666666666668;484,22399999999993;511,0559674295789;719,9544761419872;528,7011132001091
262;241,15;480,0;511,393341288744;985,5418772715595;529,0603132065747
263;242,03333333333333;486,168;511,7307151479091;653,4524057331415;529,4195132130403
264;242,91666666666663;489,504;512,0680890070741;509,13811271916364;529,7787132195059
265;243,8;491,088;512,4054628662393;454,4342230534907;530,1379132259715
266;244,6833333333333;491,064;512,7428367254043;469,97196176673924;530,4971132324371
267;245,56666666666663;494,544;513,0802105845695;343,591102835507;530,8563132389027
268;246,45;489,768;513,4175844437345;559,3028443613321;531,2155132453684
269;247,3333333333333;488,064;513,7549583028997;660,0253385213297;531,5747132518339
270;248,21666666666667;493,128;514,0923321620648;439,50322300138725;531,9339132582995
271;249,1;497,52;514,4297060212299;285,938157724419;532,2931132647651
272;249,9833333333333;500,856;514,7670798803949;193,5181434387288;532,6523132712307
273;250,86666666666667;507,6;515,1044537395601;56,31682592919701;533,0115132776964
274;251,75;513,888;515,4418275987252;2,414380206560141;533,370713284162
275;252,63333333333333;516,96;515,7792014578903;1,3942851970485242;533,7299132906276
276;253,51666666666668;519,816;516,1165753170554;13,685742984779722;534,0891132970931
277;254,4;521,04;516,4539491762205;21,031862158288515;534,4483133035587
278;255,28333333333333;518,736;516,7913230353856;3,7817684967017184;534,8075133100243
279;256,1666666666667;521,064;517,1286968945507;15,48661053175885;535,16671331649
280;257,05;525,6;517,4660707537158;66,1608049835574;535,5259133229556
281;257,93333333333334;527,28;517,8034446128809;89,80510200513615;535,8851133294212
282;258,81666666666666;532,0559999999999;518,140818472046;193,6322769559096;536,2443133358868
283;259,7;537,816;518,4781923312112;373,95080543506907;536,6035133423524
284;260,5833333333333;541,032;518,8155661903762;493,56993121739646;536,9627133488179
285;261,46666666666664;539,376;519,1529400495413;408,9721537598474;537,3219133552835
286;262,35;541,392;519,4903139087064;479,6838536415653;537,6811133617492
287;263,2333333333333;540,7679999999999;519,8276877678716;438,49667637902417;538,0403133682148
288;264,1166666666667;546,048;520,1650616270366;669,926498818621;538,3995133746804
289;265,0;543,9839999999999;520,5024354862018;551,3838720156651;538,758713381146
290;265,8833333333333;546,6239999999999;520,8398093453668;664,8244877144692;539,1179133876116
291;266,76666666666665;547,392;521,177183204532;687,2166196199562;539,4771133940772
292;267,65;553,176;521,514557063697;1002,446968808774;539,8363134005428
293;268,53333333333336;558,576;521,8519309228622;1348,657249582394;540,1955134070084
294;269,4166666666667;566,112;522,1893047820272;1929,2031552109283;540,554713413474
295;270,3;532,92;522,5266786411923;108,02112886744649;540,9139134199396
296;271,18333333333334;500,424;522,8640525003574;503,55595621879684;541,2731134264052
297;272,06666666666666;505,704;523,2014263595225;306,15992920691406;541,6323134328708
298;272,95;530,664;523,5388002186876;50,76847192361432;541,9915134393364
299;273,8333333333333;505,416;523,8761740778527;340,7780269846263;542,3507134458021
300;274,71666666666664;520,512;524,2135479370178;13,701457130040994;542,7099134522676
301;275,6;552,9119999999999;524,5509217961829;804,350756883023;543,0691134587332
302;276,4833333333333;535,752;524,888295655348;118,02007208801027;543,4283134651988
303;277,3666666666667;500,136;525,2256695145131;629,4915163474883;543,7875134716644
304;278,25;515,112;525,5630433736783;109,22430759850546;544,1467134781301
305;279,1333333333333;529,608;525,9004172328433;13,746169975316763;544,5059134845957
306;280,01666666666665;526,464;526,2377910920085;0,05117047005474165;544,8651134910613
307;280,9;532,608;526,5751649511735;36,395098726348564;545,2243134975269
308;281,78333333333336;530,16;526,9125388103387;10,546004178356348;545,5835135039924
309;282,6666666666667;530,448;527,2499126695037;10,227762573480721;545,942713510458
310;283,55;527,064;527,5872865286689;0,2738287910863525;546,3019135169236
311;284,43333333333334;527,736;527,9246603878339;0,03559274193764516;546,6611135233893
312;285,31666666666666;522,528;528,2620342469991;32,8791487457579;547,0203135298549
313;286,2;523,872;528,5994081061641;22,3483874022265;547,3795135363205
314;287,0833333333333;523,2959999999999;528,9367819653293;31,818421180384558;547,7387135427861
315;287,96666666666664;523,608;529,2741558244943;32,105321827451284;548,0979135492516
316;288,85;519,168;529,6115296836595;109,06731225347603;548,4571135557173
317;289,7333333333333;517,896;529,9489035428245;145,2724838126323;548,8163135621828
318;290,6166666666667;513,744;530,2862774019897;273,6469416443765;549,1755135686485
319;291,5;513,9119999999999;530,6236512611547;279,2792878744558;549,5347135751141
320;292,3833333333333;510,24;530,9610251203198;429,3608820369257;549,8939135815797
321;293,26666666666665;513,0;531,298398979485;334,8314052124177;550,2531135880453
322;294,15;518,4;531,63577283865;175,18568263634677;550,6123135945109
323;295,03333333333336;523,4399999999999;531,9731466978152;72,8145925664354;550,9715136009766
324;295,9166666666667;528,4079999999999;532,3105205569802;15,229666697654102;551,3307136074421
325;296,8;533,616;532,6478944161454;0,9372284214904452;551,6899136139077
326;297,68333333333334;538,536;532,9852682753104;30,810622679474612;552,0491136203733
327;298,56666666666666;541,608;533,3226421344756;68,6471549598064;552,4083136268389
328;299,45;547,3679999999999;533,6600159936406;187,90882551860267;552,7675136333045
329;300,3333333333333;549,6239999999999;533,9973898528058;244,1909446923905;553,1267136397701
330;301,21666666666664;558,024;534,3347637119708;561,1799159100784;553,4859136462358
331;302,1;562,392;534,672137571136;768,3907730751502;553,8451136527013
332;302,9833333333333;564,792;535,009511430301;886,9966254042523;554,2043136591669
333;303,8666666666667;569,4;535,3468852894662;1159,6146214887738;554,5635136656325
334;304,75;573,72;535,6842591486313;1446,7175821124779;554,9227136720981
335;305,6333333333333;577,032;536,0216330077964;1681,8502008352284;555,2819136785638
336;306,51666666666665;577,4399999999999;536,3590068669614;1687,6479967967591;555,6411136850294
337;307,4;582,288;536,6963807261266;2078,595748013829;556,000313691495
338;308,28333333333336;586,0559999999999;537,0337545852917;2403,18054549988;556,3595136979606
339;309,1666666666667;583,992;537,3711284444568;2173,5056645984573;556,7187137044261
340;310,05;585,9119999999999;537,7085023036219;2323,57719016472;557,0779137108917
341;310,93333333333334;590,472;538,045876162787;2748,4984605947957;557,4371137173573
342;311,81666666666666;591,456;538,3832500219521;2816,7167902323845;557,796313723823
343;312,7;586,992;538,7206238811171;2330,12575241065;558,1555137302886
344;313,5833333333333;592,0799999999999;539,0579977402823;2811,332723629501;558,5147137367542
345;314,46666666666664;595,176;539,3953715994473;3111,4785047605465;558,8739137432198
346;315,35;597,528;539,7327454586125;3340,291447503775;559,2331137496853
347;316,2333333333333;599,064;540,0701193177775;3480,2779579482963;559,5923137561509
348;317,1166666666667;604,776;540,4074931769427;4143,304670629969;559,9515137626165
349;318,0;606,192;540,7448670361077;4283,3272131933945;560,3107137690822
350;318,8833333333333;605,808;541,0822408952729;4189,423891683164;560,6699137755478
351;319,76666666666665;602,496;541,4196147544379;3730,32483466431;561,0291137820134
352;320,65;605,496;541,7569886136031;4062,6615725152333;561,388313788479
353;321,53333333333336;606,048;542,0943624727682;4090,067752964547;561,7475137949446
354;322,4166666666667;609,6239999999999;542,4317363319333;4514,8002968389865;562,1067138014103
355;323,3;593,112;542,7691101910984;2534,406554311202;562,4659138078758
356;324,18333333333334;558,576;543,1064840502635;239,3059237191534;562,8251138143414
357;325,06666666666666;570,5519999999999;543,4438579094286;734,8513676026021;563,184313820807
358;325,95;547,704;543,7812317685937;15,388110597330357;563,5435138272726
359;326,8333333333333;585,456;544,1186056277588;1708,7801734861978;563,9027138337382
360;327,71666666666664;531,672;544,4559794869239;163,43013152208954;564,2619138402038
361;328,6;595,0079999999999;544,793353346089;2521,5107385771257;564,6211138466695
362;329,4833333333333;544,248;545,1307272052541;0,7792073188955618;564,980313853135
363;330,3666666666667;547,632;545,4681010644192;4,682458603407428;565,3395138596006
364;331,25;496,176;545,8054749235843;2463,0847811906797;565,6987138660662
365;332,1333333333333;556,4879999999999;546,1428487827494;107,02215370778016;566,0579138725318
366;333,01666666666665;522,216;546,4802226419145;588,7525004163936;566,4171138789975
367;333,9;552,288;546,8175965010796;29,925314441000605;566,776313885463
368;334,78333333333336;566,592;547,1549703602448;377,7981212167231;567,1355138919287
369;335,6666666666667;573,096;547,4923442194098;655,5471893309501;567,4947138983943
370;336,55;580,992;547,8297180785748;1099,7369422360794;567,8539139048598
371;337,43333333333334;589,584;548,16709193774;1715,3602734376932;568,2131139113254
372;338,31666666666666;593,304;548,5044657969052;2006,998264814263;568,572313917791
373;339,2;595,032;548,8418396560702;2133,5309125979493;568,9315139242567
374;340,0833333333333;597,6959999999999;549,1792135152352;2353,8785708082446;569,2907139307223
375;340,96666666666664;598,896;549,5165873744004;2438,326391249222;569,6499139371879
376;341,85;596,304;549,8539612335655;2157,6061014032616;570,0091139436535
377;342,7333333333333;597,096;550,1913350927306;2200,0475900632314;570,368313950119
378;343,6166666666667;599,064;550,5287089518957;2355,6744771241865;570,7275139565847
379;344,5;594,312;550,8660828110608;1887,5477203881655;571,0867139630502
380;345,3833333333333;590,256;551,2034566702259;1525,1011405238787;571,4459139695159
381;346,26666666666665;586,1999999999999;551,540830529391;1201,2580283923921;571,8051139759815
382;347,15;583,896;551,8782043885561;1025,1392358161918;572,1643139824471
383;348,03333333333336;581,352;552,2155782477212;848,9310725266656;572,5235139889127
384;348,9166666666667;585,312;552,5529521068863;1073,1552188633163;572,8827139953783
385;349,8;586,872;552,8903259660515;1154,7541701495284;573,241914001844
386;350,68333333333334;590,976;553,2276998252165;1424,9341660855584;573,6011140083095
387;351,56666666666666;595,656;553,5650736843816;1771,6460781068167;573,9603140147751
388;352,45;599,256;553,9024475435467;2056,9447204202575;574,3195140212407
389;353,3333333333333;604,536;554,2398214027119;2529,705581490299;574,6787140277063
390;354,21666666666664;610,032;554,5771952618769;3075,2353685433636;575,0379140341719
391;355,1;614,952;554,9145691210421;3604,4931065456517;575,3971140406375
392;355,9833333333333;618,4799999999999;555,2519429802071;3997,7871944981694;575,7563140471032
393;356,8666666666667;621,576;555,5893168393723;4354,242354541076;576,1155140535687
394;357,75;616,704;555,9266906985373;3693,8813259256585;576,4747140600343
395;358,6333333333333;615,696;556,2640645577025;3532,1549504174263;576,8339140664999
396;359,51666666666665;617,016;556,6014384168675;3649,9192512821055;577,1931140729655
397;360,4;614,568;556,9388122760326;3321,123277724267;577,5523140794312
398;361,28333333333336;612,888;557,2761861351978;3092,6738413334097;577,9115140858968
399;362,1666666666667;616,968;557,6135599943628;3522,949548382776;578,2707140923624
400;363,05;617,496;557,9509338535279;3545,614902387737;578,629914098828
401;363,9333333333333;615,288;558,288307712693;3248,9649208476817;578,9891141052935
402;364,81666666666666;617,592;558,6256815718582;3477,026708969014;579,3483141117591
403;365,7;617,9039999999999;558,9630554310232;3474,0349466831776;579,7075141182247
404;366,5833333333333;620,856;559,3004292901883;3789,0882854106303;580,0667141246904
405;367,4666666666666;624,0;559,6378031493534;4142,492383441379;580,4259141311559
406;368,35;627,744;559,9751770085186;4592,613369650744;580,7851141376216
407;369,23333333333335;629,376;560,3125508676836;4769,760006052048;581,1443141440872
408;370,1166666666667;630,024;560,6499247268487;4812,762320004867;581,5035141505527
409;371,0;628,4159999999999;560,9872985860138;4546,6297743764935;581,8627141570184
410;371,8833333333333;627,576;561,324672445179;4389,23840277619;582,2219141634839
411;372,76666666666665;630,7919999999999;561,662046304344;4778,9504979635285;582,5811141699496
412;373,65;632,952;561,9994201635092;5034,268585453605;582,9403141764152
413;374,53333333333336;637,0799999999999;562,3367940226742;5586,546839768938;583,2995141828808
414;375,4166666666667;643,944;562,6741678818394;6604,785612514007;583,6587141893464
415;376,3;651,312;563,0115417410044;7796,970928748625;584,017914195812
416;377,1833333333333;652,704;563,3489156001696;7984,331108100812;584,3771142022775
417;378,06666666666666;642,6239999999999;563,6862894593346;6231,162145401863;584,7363142087432
418;378,95;610,1999999999999;564,0236633184998;2132,2540693232586;585,0955142152088
419;379,8333333333333;571,848;564,3610371776648;56,05461230302884;585,4547142216744
420;380,7166666666666;530,304;564,69841103683;1182,9755105704119;585,81391422814
421;381,6;517,0079999999999;565,035784895995;2306,668122015972;586,1731142346057
422;382,48333333333335;455,256;565,3731587551601;12125,78865230915;586,5323142410712
423;383,3666666666667;447,624;565,7105326143253;13944,429184874109;586,8915142475369
424;384,25;455,712;566,0479064734903;12174,01225732681;587,2507142540024
425;385,1333333333333;480,744;566,3852803326554;7334,428897016461;587,609914260468
426;386,01666666666665;486,024;566,7226541918205;6512,272788371034;587,9691142669336
427;386,9;555,6239999999999;567,0600280509857;130,7827375829337;588,3283142733992
428;387,78333333333336;593,424;567,3974019101507;677,3838081305444;588,6875142798649
429;388,6666666666667;616,2479999999999;567,7347757693159;2353,5329252566294;589,0467142863305
430;389,55;628,8;568,0721496284809;3687,8718107456034;589,4059142927961
431;390,4333333333333;634,296;568,4095234876461;4341,027787212971;589,7651142992617
432;391,31666666666666;632,64;568,7468973468111;4082,3285666509296;590,1243143057272
433;392,2;631,0799999999999;569,0842712059763;3843,470388702133;590,4835143121928
434;393,0833333333333;629,232;569,4216450651413;3577,2785574337704;590,8427143186584
435;393,9666666666666;627,456;569,7590189243065;3328,9416252489386;591,201914325124
436;394,85;628,632;570,0963927834716;3426,4173122076822;591,5611143315897
437;395,73333333333335;630,576;570,4337666426367;3617,0882332115493;591,9203143380553
438;396,6166666666667;634,6080000000001;570,7711405018017;4075,144630592717;592,2795143445209
439;397,5;643,2719999999999;571,1085143609669;5207,568659574932;592,6387143509864
440;398,3833333333333;650,016;571,445888220132;6173,262465100944;592,997914357452
441;399,26666666666665;651,9359999999999;571,7832620792971;6424,461396184878;593,3571143639176
442;400,15;654,2159999999999;572,1206359384621;6739,648800396431;593,7163143703833
443;401,03333333333336;655,8960000000001;572,4580097976273;6961,898209011262;594,0755143768489
444;401,9166666666667;654,312;572,7953836567924;6644,9587400457;594,4347143833145
445;402,8;650,064;573,1327575159575;5918,416070138548;594,7939143897801
446;403,6833333333333;645,408;573,4701313751225;5175,056942290138;595,1531143962457
447;404,56666666666666;644,64;573,8075052342876;5017,242314734666;595,5123144027114
448;405,45;642,3359999999999;574,1448790934528;4650,028970491325;595,8715144091768
449;406,3333333333333;641,6159999999999;574,4822529526178;4506,939992621876;596,2307144156425
450;407,2166666666666;638,16;574,8196268117829;4012,0028756226097;596,5899144221081
451;408,1;634,656;575,157000670948;3540,13092115852;596,9491144285737
452;408,98333333333335;635,976;575,4943745301132;3658,027019479661;597,3083144350393
453;409,8666666666667;636,6479999999999;575,8317483892783;3698,6164599785934;597,6675144415049
454;410,75;641,088;576,1691222484434;4214,460688521548;598,0267144479706
455;411,6333333333333;647,112;576,5064961076084;4985,1371798985165;598,3859144544361
456;412,51666666666665;657,864;576,8438699667736;6564,261470600923;598,7451144609017
457;413,4;661,92;577,1812438259387;7180,656797926999;599,1043144673673
458;414,28333333333336;667,008;577,5186176851038;8008,349547101668;599,4635144738329
459;415,1666666666667;668,64;577,8559915442689;8241,736191290247;599,8227144802986
460;416,05;671,52;578,193365403434;8709,860725120952;600,1819144867641
461;416,9333333333333;670,56;578,5307392625991;8469,384831872503;600,5411144932298
462;417,81666666666666;673,176;578,8681131217642;8893,977527438135;600,9003144996954
463;418,7;675,12;579,2054869809293;9199,59380768548;601,2595145061609
464;419,5833333333333;677,232;579,5428608400944;9543,167909803404;601,6187145126265
465;420,4666666666666;678,12;579,8802346992595;9651,051486344575;601,9779145190921
466;421,35;680,1840000000001;580,2176085584246;9993,279417850305;602,3371145255578
467;422,23333333333335;679,008;580,5549824175897;9692,996671082397;602,6963145320234
468;423,1166666666667;680,64;580,8923562767548;9949,592428339463;603,055514538489
469;424,0;681,24;581,2297301359199;10002,054078286128;603,4147145449546
470;424,8833333333333;682,56;581,567103995085;10199,565043459575;603,7739145514201
471;425,76666666666665;685,7520000000001;581,9044778542501;10784,307855812029;604,1331145578857
472;426,65;687,024;582,2418517134151;10979,298599551857;604,4923145643513
473;427,53333333333336;686,0400000000001;582,5792255725803;10704,13184512144;604,851514570817
474;428,4166666666667;684,744;582,9165994317455;10368,819506487773;605,2107145772826
475;429,3;681,696;583,2539732909105;9690,832622593096;605,5699145837482
476;430,1833333333333;680,4719999999999;583,5913471500755;9385,860896627551;605,9291145902138
477;431,06666666666666;681,4799999999999;583,9287210092407;9516,25203273294;606,2883145966794
478;431,95;684,1919999999999;584,2660948684058;9985,186516368334;606,647514603145
479;432,8333333333333;653,7599999999999;584,6034687275709;4782,625817634449;607,0067146096105
480;433,7166666666666;606,36;584,9408425867359;458,78030429418595;607,3659146160762
481;434,6;576,3359999999999;585,2782164459011;79,96323496534555;607,7251146225418
482;435,48333333333335;566,784;585,6155903050662;354,6287934178649;608,0843146290074
483;436,3666666666667;501,552;585,9529641642313;7123,522751851849;608,443514635473
484;437,25;488,448;586,2903380233964;9573,123109884571;608,8027146419386
485;438,1333333333333;511,656;586,6277118825615;5620,757582601808;609,1619146484043
486;439,01666666666665;518,952;586,9650857417266;4625,779832111458;609,5211146548698
487;439,9;503,424;587,3024596008917;7035,595985018419;609,8803146613354
488;440,78333333333336;545,16;587,6398334600568;1804,5362507941657;610,239514667801
489;441,6666666666667;564,096;587,9772073192219;570,3120630236556;610,5987146742666
490;442,55;568,32;588,314581178387;399,7832764991063;610,9579146807323
491;443,4333333333333;568,776;588,651955037552;395,0535886547928;611,3171146871978
492;444,31666666666666;573,744;588,9893288967172;232,42005316907995;611,6763146936635
493;445,2;562,92;589,3267027558823;697,3139504375215;612,035514700129
494;446,0833333333333;568,248;589,6640766150474;458,64833758157835;612,3947147065946
495;446,9666666666666;570,528;590,0014504742124;379,2152733716042;612,7539147130602
496;447,85;571,608;590,3388243333776;350,84378020785243;613,1131147195258
497;448,73333333333335;572,808;590,6761981925428;319,2725066479885;613,4723147259915
498;449,6166666666667;588,6;591,0135720517078;5,825330048784875;613,8315147324571
499;450,5;589,1279999999999;591,350945910873;4,9414885226670915;614,1907147389227
500;451,3833333333333;592,728;591,688319770038;1,0809349805737527;614,5499147453883
501;452,26666666666665;596,52;592,0256936292031;20,198789754585018;614,9091147518538
502;453,15;598,176;592,3630674883682;33,79018438478665;615,2683147583194
503;454,03333333333336;598,728;592,7004413475333;36,33146330892509;615,627514764785
504;454,9166666666667;597,4799999999999;593,0378152066985;19,733005737838273;615,9867147712507
505;455,8;597,9359999999999;593,3751890658635;20,800996376938;616,3459147777163
506;456,6833333333333;597,12;593,7125629250286;11,610627419889829;616,7051147841819
507;457,56666666666666;594,072;594,0499367841937;0,00048678549171403835;617,0643147906475
508;458,45;590,592;594,3873106433589;14,404382879593369;617,4235147971131
509;459,3333333333333;591,144;594,7246845025239;12,821301506614992;617,7827148035786
510;460,2166666666666;590,976;595,062058361689;16,69587293512835;618,1419148100442
511;461,1;589,4159999999999;595,3994322208541;35,801461141556025;618,5011148165099
512;461,98333333333335;589,848;595,7368060800193;34,678037048072525;618,8603148229755
513;462,8666666666667;588,36;596,0741799391843;59,50857213411357;619,2195148294411
514;463,75;588,9359999999999;596,4115537983495;55,8839045920184;619,5787148359067
515;464,6333333333333;590,448;596,7489276575145;39,70168934523161;619,9379148423723
516;465,51666666666665;593,496;597,0863015166797;12,890264980672466;620,297114848838
517;466,4;594,24;597,4236753758447;10,135788898759893;620,6563148553035
518;467,28333333333336;596,208;597,7610492350099;2,4119619263648167;621,0155148617691
519;468,1666666666667;599,352;598,0984230941749;1,5714550588179583;621,3747148682347
520;469,05;600,6239999999999;598,4357969533401;4,788232573411453;621,7339148747003
521;469,9333333333333;603,6959999999999;598,7731708125051;24,23424720925084;622,0931148811659
522;470,81666666666666;606,048;599,1105446716703;48,1282864325708;622,4523148876315
523;471,7;609,192;599,4479185308353;94,94712367771913;622,8115148940972
524;472,5833333333333;612,3359999999999;599,7852923900004;157,5202615116981;623,1707149005628
525;473,4666666666666;611,136;600,1226662491655;121,2935203072698;623,5299149070283
526;474,35;607,776;600,4600401083306;53,523269136514;623,8891149134939
527;475,23333333333335;612,216;600,7974139674957;130,38410698170279;624,2483149199595
528;476,1166666666667;612,9359999999999;601,1347878266608;139,26860876016653;624,6075149264252
529;477,0;610,68;601,472161685826;84,78428641996986;624,9667149328908
530;477,8833333333333;611,088;601,809535544991;86,08990264286416;625,3259149393564
531;478,76666666666665;613,992;602,1469094041561;140,30617122374926;625,685114945822
532;479,65;613,536;602,4842832633212;122,1404428277844;626,0443149522876
533;480,53333333333336;615,144;602,8216571224864;151,84013399101065;626,4035149587531
534;481,4166666666667;615,456;603,1590309816514;151,2154470382251;626,7627149652187
535;482,3;613,944;603,4964048408166;109,15224461019197;627,1219149716844
536;483,1833333333333;613,872;603,8337786999816;100,7658868681418;627,4811149781499
537;484,06666666666666;612,384;604,1711525591468;67,45086308672958;627,8403149846156
538;484,95;613,896;604,5085264183118;88,12466024689277;628,1995149910812
539;485,8333333333333;617,208;604,845900277477;152,8215095496032;628,5587149975468
540;486,7166666666666;606,12;605,183274136642;0,8774553430837759;628,9179150040123
541;487,6;586,4879999999999;605,5206479958072;362,24168973230474;629,277115010478
542;488,48333333333335;533,64;605,8580218549723;5215,442680645262;629,6363150169436
543;489,3666666666667;486,24;606,1953957141374;14389,296960935282;629,9955150234092
544;490,25;430,488;606,5327695733024;30991,76089411714;630,3547150298748
545;491,1333333333333;377,592;606,8701434324676;52568,46705583917;630,7139150363404
546;492,01666666666665;373,488;607,2075172916327;54624,812763033806;631,073115042806
547;492,9;394,8;607,5448911507978;45260,38871076478;631,4323150492717
548;493,78333333333336;423,744;607,8822650099629;33906,90064087932;631,7915150557372
549;494,6666666666667;475,584;608,219638869128;17592,212698221723;632,1507150622028
550;495,55;544,632;608,5570127282931;4086,407252312442;632,5099150686684
551;496,4333333333333;573,9119999999999;608,8943865874581;1223,767371354377;632,869115075134
552;497,31666666666666;609,8399999999999;609,2317604466233;0,3699553542917905;633,2283150815996
553;498,2;634,32;609,5691343057883;612,6053526129061;633,5875150880652
554;499,0833333333333;641,088;609,9065081649535;972,2854330590698;633,9467150945309
555;499,9666666666666;639,0719999999999;610,2438820241185;831,0603860313337;634,3059151009963
556;500,85;637,968;610,5812558832837;750,0337533144933;634,665115107462
557;501,73333333333335;644,136;610,9186297424487;1103,3936868272497;635,0243151139276
558;502,6166666666667;639,408;611,2560036016139;792,5349012147457;635,3835151203932
559;503,5;643,6080000000001;611,593377460779;1024,9360563287987;635,7427151268589
560;504,3833333333333;653,28;611,9307513199441;1709,7603664051042;636,1019151333244
561;505,26666666666665;659,3280000000001;612,2681251791091;2214,6318181579277;636,4611151397901
562;506,15;660,9119999999999;612,6054990382743;2333,5180351652007;636,8203151462557
563;507,03333333333336;667,776;612,9428728974394;3006,6718278455573;637,1795151527213
564;507,9166666666667;668,16;613,2802467566045;3011,787316055979;637,5387151591868
565;508,8;668,304;613,6176206157696;2990,600090155974;637,8979151656524
566;509,6833333333333;669,552;613,9549944749347;3091,027023354148;638,2571151721181
567;510,56666666666666;670,2719999999999;614,2923683340998;3133,719161449847;638,6163151785837
568;511,45;672,84;614,6297421932649;3388,434113926573;638,9755151850493
569;512,3333333333334;672,552;614,96711605243;3316,018859255106;639,3347151915149
570;513,2166666666667;671,856;615,304489911595;3198,0732932789656;639,6939151979805
571;514,1;668,688;615,6418637707602;2813,892568851065;640,0531152044462
572;514,9833333333333;666,168;615,9792376299254;2518,9118682398203;640,4123152109116
573;515,8666666666667;662,688;616,3166114890904;2150,305672429717;640,7715152173773
574;516,75;659,28;616,6539853482554;1816,977125090739;641,1307152238429
575;517,6333333333333;660,168;616,9913592074206;1864,2223101314319;641,4899152303085
576;518,5166666666667;661,704;617,3287330665858;1969,1643154117633;641,8491152367741
577;519,4;663,096;617,6661069257508;2063,875184737716;642,2083152432397
578;520,2833333333333;664,464;618,0034807849158;2158,57984573521;642,5675152497054
579;521,1666666666666;670,776;618,340854644081;2749,44446849635;642,9267152561708
580;522,05;671,28;618,6782285032461;2766,9463645967035;643,2859152626365
581;522,9333333333333;671,4;619,0156023624112;2744,125115853018;643,6451152691021
582;523,8166666666667;673,4159999999999;619,3529762215763;2922,8105400663953;644,0043152755677
583;524,7;678,12;619,6903500807414;3414,023989687119;644,3635152820334
584;525,5833333333334;679,512;620,0277239399065;3538,379098393402;644,7227152884989
585;526,4666666666667;680,3280000000001;620,3650977990716;3595,5496403581174;645,0819152949646
586;527,35;681,288;620,7024716582367;3670,6062444506015;645,4411153014302
587;528,2333333333333;678,9599999999999;621,0398455174018;3354,7442952880347;645,8003153078957
588;529,1166666666667;677,352;621,3772193765669;3133,176065841456;646,1595153143613
589;530,0;677,232;621,714593235732;3082,1824538291908;646,5187153208269
590;530,8833333333333;678,576;622,0519670948971;3194,9662958571553;646,8779153272926
591;531,7666666666667;681,144;622,3893409540622;3452,1099596044055;647,2371153337581
592;532,65;682,944;622,7267148132273;3626,1214352651077;647,5963153402238
593;533,5333333333333;684,984;623,0640886723924;3834,0754188187975;647,9555153466894
594;534,4166666666666;684,3359999999999;623,4014625315575;3713,017856493009;648,314715353155
595;535,3;681,2159999999999;623,7388363907226;3303,6243365676355;648,6739153596205
596;536,1833333333333;678,864;624,0762102498877;3001,701905702513;649,0331153660861
597;537,0666666666667;679,2239999999999;624,4135841090529;3004,1816901385832;649,3923153725518
598;537,95;682,632;624,7509579682179;3350,21502668492;649,7515153790174
599;538,8333333333334;680,232;625,0883318273831;3040,8241395316836;650,110715385483
600;539,7166666666667;683,64;625,4257056865481;3388,9040624131967;650,4699153919486
601;540,6;685,848;625,7630795457133;3610,1976659979605;650,8291153984142
602;541,4833333333333;683,52;626,1004534048783;3297,0043311893505;651,1883154048799
603;542,3666666666667;647,52;626,4378272640434;444,45800726870897;651,5475154113453
604;543,25;600,048;626,7752011232085;714,3432798804371;651,906715417811
605;544,1333333333333;530,784;627,1125749823736;9279,194358134782;652,2659154242766
606;545,0166666666667;475,344;627,4499488415387;23136,219672984786;652,6251154307422
607;545,9;437,976;627,7873227007038;36028,338225390726;652,9843154372078
608;546,7833333333333;407,904;628,1246965598689;48497,15519331385;653,3435154436734
609;547,6666666666666;418,488;628,462070419034;44089,11024833746;653,702715450139
610;548,55;461,424;628,7994442781991;28014,53934732453;654,0619154566045
611;549,4333333333333;502,15199999999993;629,1368181373642;16125,144037379485;654,4211154630702
612;550,3166666666667;539,16;629,4741919965294;8156,653275985978;654,7803154695358
613;551,2;599,088;629,8115658556944;943,9374988891944;655,1395154760014
614;552,0833333333334;638,832;630,1489397148596;75,39553591538272;655,4987154824671
615;552,9666666666667;666,384;630,4863135740246;1288,643890737658;655,8579154889326
616;553,85;683,688;630,8236874331898;2794,6355431614083;656,2171154953983
617;554,7333333333333;686,0400000000001;631,1610612923548;3011,6979136774853;656,5763155018639
618;555,6166666666667;690,864;631,49843515152;3524,2702897790914;656,9355155083294
619;556,5;693,552;631,835809010685;3808,888230229607;657,294715514795
620;557,3833333333333;696,024;632,1731828698502;4076,9268481878357;657,6539155212606
621;558,2666666666667;698,496;632,5105567290152;4354,07872366835;658,0131155277262
622;559,15;704,112;632,8479305881804;5078,567589132643;658,3723155341918
623;560,0333333333333;704,6159999999999;633,1853044473454;5102,344267136011;658,7315155406575
624;560,9166666666666;707,1840000000001;633,5226783065106;5425,990313631751;659,0907155471231
625;561,8;707,88;633,8600521656756;5478,952677396105;659,4499155535887
626;562,6833333333333;708,7919999999999;634,1974260248408;5564,350466535493;659,8091155600542
627;563,5666666666667;709,032;634,5347998840059;5549,832825122477;660,1683155665198
628;564,45;707,424;634,872173743171;5263,767493201107;660,5275155729855
629;565,3333333333334;706,512;635,209547602336;5084,039717921134;660,8867155794511
630;566,2166666666667;706,3919999999999;635,5469214615011;5019,025153126063;661,2459155859167
631;567,1;705,84;635,8842953206663;4893,800617182156;661,6051155923823
632;567,9833333333333;703,2239999999999;636,2216691798313;4489,312335335314;661,9643155988479
633;568,8666666666667;710,448;636,5590430389964;5459,577960785043;662,3235156053134
634;569,75;713,1840000000001;636,8964168981615;5819,795335519922;662,682715611779
635;570,6333333333333;714,576;637,2337907573267;5981,817330537465;663,0419156182447
636;571,5166666666667;712,536;637,5711646164917;5619,726544076486;663,4011156247103
637;572,4;713,736;637,9085384756569;5749,8039212257345;663,7603156311759
638;573,2833333333333;710,3280000000001;638,2459123348219;5195,82736217043;664,1195156376415
639;574,1666666666666;707,232;638,5832861939871;4712,645907219865;664,4787156441071
640;575,05;705,84;638,9206600531521;4478,198058921795;664,8379156505727
641;575,9333333333333;707,928;639,2580339123173;4715,564242483495;665,1971156570382
642;576,8166666666667;711,744;639,5954077714823;5205,419360556926;665,5563156635039
643;577,7;713,4719999999999;639,9327816306475;5408,016638375297;665,9155156699695
644;578,5833333333334;714,696;640,2701554898126;5539,206331054593;666,2747156764351
645;579,4666666666667;716,808;640,6075293489777;5806,511727437315;666,6339156829007
646;580,35;714,744;640,9449032081427;5446,306687293926;666,9931156893663
647;581,2333333333333;713,112;641,2822770673079;5159,509096587314;667,352315695832
648;582,1166666666667;712,1999999999999;641,619650926473;4981,585675340912;667,7115157022976
649;583,0;716,352;641,957024785638;5534,612337145524;668,0707157087631
650;583,8833333333333;713,88;642,2943986448031;5124,498321385168;668,4299157152287
651;584,7666666666667;717,696;642,6317725039683;5634,638249576013;668,7891157216943
652;585,65;718,944;642,9691463631334;5772,178385143296;669,1483157281599
653;586,5333333333333;717,552;643,3065202222984;5512,391267421093;669,5075157346255
654;587,4166666666666;716,712;643,6438940814635;5338,9481025224695;669,8667157410912
655;588,3;717,7679999999999;643,9812679406286;5444,481828001449;670,2259157475568
656;589,1833333333333;718,4159999999999;644,3186417997938;5490,418492249657;670,5851157540224
657;590,0666666666667;717,552;644,656015658959;5313,8245330493055;670,9443157604879
658;590,95;718,152;644,993389518124;5352,182287638865;671,3035157669535
659;591,8333333333334;715,0559999999999;645,330763377289;4861,608622093025;671,6627157734192
660;592,7166666666667;713,7599999999999;645,6681372364542;4636,50177460954;672,0219157798848
661;593,6;713,6159999999999;646,0055110956193;4571,178209889363;672,3811157863504
662;594,4833333333333;710,736;646,3428849547844;4146,473265226373;672,740315792816
663;595,3666666666667;706,704;646,6802588139494;3602,8495059699785;673,0995157992816
664;596,25;708,096;647,0176326731146;3730,5669553179455;673,4587158057471
665;597,1333333333333;679,512;647,3550065322797;1034,0722288830004;673,8179158122127
666;598,0166666666667;625,296;647,6923803914448;501,5978546382897;674,1771158186784
667;598,9;572,784;648,0297542506098;5661,923532743166;674,536315825144
668;599,7833333333333;509,256;648,367128109775;19351,90596397423;674,8955158316096
669;600,6666666666666;422,136;648,7045019689401;51333,28608444961;675,2547158380752
670;601,55;405,792;649,0418758281052;59170,502090388596;675,6139158445408
671;602,4333333333333;427,248;649,3792496872702;49342,29208762838;675,9731158510064
672;603,3166666666667;455,472;649,7166235464354;37730,973776696395;676,332315857472
673;604,2;512,64;650,0539974056005;18882,60668298639;676,6915158639376
674;605,0833333333334;591,192;650,3913712647657;3504,565558143562;677,0507158704032
675;605,9666666666667;633,096;650,7287451239307;310,913700605502;677,4099158768688
676;606,85;659,568;651,0661189830957;72,28198082559659;677,7691158833344
677;607,7333333333333;680,208;651,4034928422609;829,6996326002411;678,1283158898
678;608,6166666666667;686,088;651,7408667014261;1179,7255658300046;678,4875158962657
679;609,5;692,808;652,0782405605911;1658,913303992118;678,8467159027313
680;610,3833333333333;696,9119999999999;652,4156144197561;1979,9283297057268;679,2059159091968
681;611,2666666666667;699,0;652,7529882789213;2138,7860931295913;679,5651159156624
682;612,15;704,496;653,0903621380864;2642,539603990198;679,924315922128
683;613,0333333333333;707,9039999999999;653,4277359972515;2967,6633396971406;680,2835159285936
684;613,9166666666666;707,6159999999999;653,7651098564165;2899,9183692562815;680,6427159350592
685;614,8;707,856;654,1024837155817;2889,4405129392244;681,0019159415249
686;615,6833333333333;711,9119999999999;654,4398575747468;3303,047154948575;681,3611159479905
687;616,5666666666667;713,832;654,7772314339119;3487,4656903942287;681,720315954456
688;617,45;713,256;655,114605293077;3380,4217784662064;682,0795159609216
689;618,3333333333334;713,856;655,4519791522421;3411,0296511853417;682,4387159673872
690;619,2166666666667;717,984;655,7893530114072;3868,1741140356767;682,7979159738529
691;620,1;717,384;656,1267268705723;3752,4535112533104;683,1571159803185
692;620,9833333333333;715,3919999999999;656,4641007297374;3472,4973124062053;683,5163159867841
693;621,8666666666667;712,992;656,8014745889025;3157,3751459751934;683,8755159932497
694;622,75;710,52;657,1388484480676;2849,547341010371;684,2347159997153
695;623,6333333333333;705,9599999999999;657,4762223072327;2350,6766993616766;684,5939160061808
696;624,5166666666667;707,856;657,8135961663978;2504,2421814453223;684,9531160126464
697;625,4;709,152;658,1509700255629;2601,1050584534405;685,3123160191121
698;626,2833333333333;711,888;658,488343884728;2851,523273229309;685,6715160255777
699;627,1666666666666;713,208;658,825717743893;2957,4326233828815;686,0307160320433
700;628,05;715,848;659,1630916030582;3213,1788399696775;686,3899160385089
701;628,9333333333333;709,6080000000001;659,5004654622232;2510,7650174544965;686,7491160449745
702;629,8166666666667;702,6;659,8378393213884;1828,602385903398;687,1083160514402
703;630,7;703,2239999999999;660,1752131805536;1853,1980466261402;687,4675160579056
704;631,5833333333334;704,4719999999999;660,5125870397186;1932,4299878125448;687,8267160643713
705;632,4666666666667;705,696;660,8499608988838;2011,16722305885;688,1859160708369
706;633,35;707,448;661,1873347580488;2140,0491486278706;688,5451160773025
707;634,2333333333333;713,1840000000001;661,524708617214;2668,682386171602;688,9043160837681
708;635,1166666666667;711,24;661,862082476379;2438,17873896952;689,2635160902337
709;636,0;712,7280000000001;662,1994563355441;2553,133724850829;689,6227160966994
710;636,8833333333333;710,832;662,5368301947092;2332,4234265218734;689,9819161031648
711;637,7666666666667;709,152;662,8742040538743;2141,6343976312487;690,3411161096305
712;638,65;708,6;663,2115779130394;2060,108859544097;690,7003161160961
713;639,5333333333333;711,7919999999999;663,5489517722045;2327,3917023093913;691,0595161225617
714;640,4166666666666;713,112;663,8863256313696;2423,1670170464354;691,4187161290273
715;641,3;712,7520000000001;664,2236994905347;2354,9959503369737;691,7779161354929
716;642,1833333333333;716,544;664,5610733496998;2702,2246631304924;692,1371161419586
717;643,0666666666667;719,424;664,8984472088649;2973,0359071788557;692,4963161484242
718;643,95;717,6479999999999;665,2358210680301;2747,0365003968227;692,8555161548898
719;644,8333333333334;712,872;665,5731949271951;2237,1769613151887;693,2147161613555
720;645,7166666666667;714,456;665,9105687863603;2356,658891718228;693,5739161678209
721;646,6;715,1999999999999;666,2479426455253;2396,303919235773;693,9331161742866
722;647,4833333333333;715,0799999999999;666,5853165046905;2351,7343273102397;694,2923161807521
723;648,3666666666667;715,56;666,9226903638555;2365,5878886421883;694,6515161872178
724;649,25;712,152;667,2600642230207;2015,2858978044412;695,0107161936834
725;650,1333333333333;708,384;667,5974380821857;1663,5436330757007;695,369916200149
726;651,0166666666667;686,448;667,9348119413509;342,7381320949084;695,7291162066145
727;651,9;636,456;668,2721858005159;1012,2696788929484;696,0883162130801
728;652,7833333333333;559,704;668,609559659681;11860,42092478836;696,4475162195458
729;653,6666666666666;479,472;668,9469335188461;35900,75043197115;696,8067162260113
730;654,55;403,128;669,2843073780112;70839,17995709841;697,165916232477
731;655,4333333333333;367,152;669,6216812371763;91487,90806771904;697,5251162389426
732;656,3166666666667;413,424;669,9590550963414;65810,23449328296;697,8843162454082
733;657,2;434,904;670,2964289555066;55409,595609573225;698,2435162518739
734;658,0833333333334;493,512;670,6338028146716;31372,133032319423;698,6027162583393
735;658,9666666666667;553,4159999999999;670,9711766738368;13819,219562816996;698,961916264805
736;659,85;602,472;671,3085505330018;4738,470689282518;699,3211162712706
737;660,7333333333333;602,28;671,645924392167;4811,6314667798315;699,6803162777362
738;661,6166666666667;657,0479999999999;671,983298251332;223,06313385624495;700,0395162842018
739;662,5;681,288;672,3206721104972;80,41296947785521;700,3987162906674
740;663,3833333333333;697,824;672,6580459696622;633,3252422570719;700,7579162971331
741;664,2666666666667;700,5840000000001;672,9954198288274;761,1297558612224;701,1171163035986
742;665,15;694,0799999999999;673,3327936879924;430,4465697530041;701,4763163100642
743;666,0333333333333;692,736;673,6701675471576;363,505967119859;701,8355163165298
744;666,9166666666666;695,928;674,0075414063226;480,50650495712455;702,1947163229954
745;667,8;702,552;674,3449152654878;795,639629219954;702,553916329461
746;668,6833333333333;709,0799999999999;674,6822891246528;1183,2025134639732;702,9131163359266
747;669,5666666666667;720,096;675,019662983818;2031,876158796423;703,2723163423923
748;670,45;713,832;675,357036842983;1480,3227899338146;703,6315163488579
749;671,3333333333334;714,24;675,6944107021482;1485,762454318671;703,9907163553235
750;672,2166666666667;695,544;676,0317845613133;380,7265513257223;704,349916361789
751;673,1;714,168;676,3691584204784;1428,7524247537747;704,7091163682546
752;673,9833333333333;714,552;676,7065322796434;1432,2794269725553;705,0683163747203
753;674,8666666666667;724,4879999999999;677,0439061388086;2250,9420423095385;705,4275163811858
754;675,75;728,784;677,3812799979737;2642,239623606713;705,7867163876515
755;676,6333333333333;743,448;677,7186538571387;4320,346944368067;706,1459163941171
756;677,5166666666667;724,2479999999999;678,0560277163038;2133,698303457753;706,5051164005827
757;678,4;720,576;678,3934015754689;1779,371609845252;706,8643164070482
758;679,2833333333333;718,536;678,7307754346341;1584,4559026992047;707,2235164135138
759;680,1666666666666;714,168;679,0681492937991;1231,9995195975896;707,5827164199795
760;681,05;715,176;679,4055231529642;1279,5270138643289;707,941916426445
761;681,9333333333333;715,44;679,7428970121293;1274,2831617266488;708,3011164329107
762;682,8166666666667;719,496;680,0802708712945;1553,5997027474828;708,6603164393763
763;683,7;721,656;680,4176447304596;1700,6019453368228;709,0195164458419
764;684,5833333333334;721,872;680,7550185896247;1690,6061603011458;709,3787164523076
765;685,4666666666667;723,6479999999999;681,0923924487897;1810,9797340526175;709,737916458773
766;686,35;720,6239999999999;681,4297663079549;1536,1879547066378;710,0971164652387
767;687,2333333333333;717,9599999999999;681,76714016712;1309,9231028824906;710,4563164717043
768;688,1166666666667;717,0479999999999;682,1045140262851;1221,047211995204;710,8155164781699
769;689,0;717,168;682,4418878854501;1205,9028625922888;711,1747164846355
770;689,8833333333333;713,544;682,7792617446153;946,4691199223316;711,5339164911011
771;690,7666666666667;716,64;683,1166356037804;1123,8159604417215;711,8931164975668
772;691,65;717,5039999999999;683,4540094629455;1159,401855573497;712,2523165040323
773;692,5333333333333;718,464;683,7913833221105;1202,1903472918646;712,611516510498
774;693,4166666666666;720,7919999999999;684,1287571812757;1344,1933739847357;712,9707165169635
775;694,3;719,4;684,4661310404408;1220,3752004836513;713,3299165234291
776;695,1833333333333;718,1039999999999;684,8035048996059;1108,9229739313696;713,6891165298947
777;696,0666666666667;719,64;685,140878758771;1190,1893664170163;714,0483165363603
778;696,95;718,3439999999999;685,478252617936;1080,1573509816392;714,407516542826
779;697,8333333333334;716,856;685,8156264771012;963,5047884410762;714,7667165492916
780;698,7166666666667;722,016;686,1530003362664;1286,1547448809565;715,1259165557572
781;699,6;721,8960000000001;686,4903741954314;1253,558338613139;715,4851165622227
782;700,4833333333333;722,016;686,8277480545964;1238,2130749731948;715,8443165686883
783;701,3666666666667;723,24;687,1651219137616;1301,3968289369645;716,203516575154
784;702,25;721,872;687,5024957729267;1181,262820814803;716,5627165816195
785;703,1333333333333;720,024;687,8398696320918;1035,8182475385115;716,9219165880852
786;704,0166666666667;719,1840000000001;688,1772434912568;961,4189491924919;717,2811165945508
787;704,9;719,208;688,514617350422;942,0837384734149;717,6403166010164
788;705,7833333333333;720,264;688,8519912095871;986,7142962489754;717,999516607482
789;706,6666666666666;707,28;689,1893650687522;327,2710722156828;718,3587166139475
790;707,55;661,872;689,5267389279172;764,7845851712625;718,7179166204132
791;708,4333333333333;586,392;689,8641127870824;10706,478124622685;719,0771166268787
792;709,3166666666667;536,376;690,2014866462475;23662,280341954884;719,4363166333444
793;710,2;447,936;690,5388605054127;58856,14792540874;719,79551663981
794;711,0833333333334;390,72;690,8762343645777;90093,76502792329;720,1547166462756
795;711,9666666666667;381,456;691,2136082237428;95949,77585249371;720,5139166527413
796;712,85;431,088;691,5509820829079;67840,9650355212;720,8731166592067
797;713,7333333333333;463,248;691,8883559420731;52276,412365317876;721,2323166656724
798;714,6166666666667;543,144;692,2257298012381;22225,362160529367;721,591516672138
799;715,5;611,952;692,5631036604032;6498,150033348264;721,9507166786036
800;716,3833333333333;657,864;692,9004775195683;1227,5547569792134;722,3099166850692
801;717,2666666666667;681,096;693,2378513787335;147,4245549032517;722,6691166915348
802;718,15;677,592;693,5752252378985;255,4634890053963;723,0283166980005
803;719,0333333333333;684,5039999999999;693,9125990970635;88,5217369692668;723,387516704466
804;719,9166666666666;685,6080000000001;694,2499729562287;74,68369657618722;723,7467167109317
805;720,8;695,664;694,5873468153939;1,159182079922521;724,1059167173972
806;721,6833333333333;699,24;694,9247206745589;18,62163565657949;724,4651167238628
807;722,5666666666667;717,9119999999999;695,262094533724;513,0182176312335;724,8243167303285
808;723,45;718,176;695,5994683928891;509,69977940687977;725,183516736794
809;724,3333333333334;722,136;695,9368422520542;686,3958667017442;725,5427167432597
810;725,2166666666667;723,5039999999999;696,2742161112194;741,4611306296903;725,9019167497253
811;726,1;725,28;696,6115899703844;821,8777336261603;726,2611167561909
812;726,9833333333333;728,0400000000001;696,9489638295495;966,6525301522671;726,6203167626564
813;727,8666666666667;721,44;697,2863376887146;583,3994030476096;726,979516769122
814;728,75;720,696;697,6237115478798;532,3304944178407;727,3387167755877
815;729,6333333333333;719,544;697,9610854070448;465,8222023267963;727,6979167820532
816;730,5166666666667;716,28;698,2984592662099;323,3358071609525;728,0571167885189
817;731,4;715,68;698,635833125375;290,5036244500614;728,4163167949845
818;732,2833333333333;698,688;698,9732069845402;0,08134302403051141;728,7755168014501
819;733,1666666666666;696,552;699,3105808437052;7,609768271257313;729,1347168079157
820;734,05;693,6239999999999;699,6479547028703;36,288030262233875;729,4939168143812
821;734,9333333333333;698,7599999999999;699,9853285620354;1,501430084940091;729,8531168208469
822;735,8166666666667;699,264;700,3227024212006;1,1208508166559374;730,2123168273125
823;736,7;722,232;700,6600762803656;465,34789296572336;730,5715168337781
824;737,5833333333334;721,152;700,9974501395307;406,2058800781466;730,9307168402437
825;738,4666666666667;721,536;701,3348239986958;408,0875118356661;731,2899168467093
826;739,35;721,8960000000001;701,672197857861;409,00217308439034;731,649116853175
827;740,2333333333333;719,3280000000001;702,009571717026;299,9279581925166;732,0083168596404
828;741,1166666666667;718,8;702,3469455761912;270,70299987281413;732,3675168661061
829;742,0;720,0479999999999;702,6843194353562;301,4974027509849;732,7267168725717
830;742,8833333333333;721,704;703,0216932945214;349,02858383757047;733,0859168790373
831;753,4833333333333;702,6239999999999;707,0701796045025;19,768513075495054;737,3963169566246
832;754,3666666666667;702,576;707,4075534636677;23,343908872278966;737,7555169630901
833;755,25;704,1840000000001;707,7449273228327;12,680203398496033;738,1147169695557
834;756,1333333333333;710,4719999999999;708,0823011819978;5,7106604407606465;738,4739169760214
835;757,0166666666667;714,9119999999999;708,4196750411629;42,15028337113789;738,8331169824869
836;757,9;732,264;708,7570489003281;552,5767500023677;739,1923169889526
837;758,7833333333333;733,0799999999999;709,0944227594931;575,3079155603184;739,5515169954181
838;759,6666666666666;732,696;709,4317966186582;541,2231589684386;739,9107170018838
839;760,55;728,688;709,7691704778233;357,92211048918386;740,2699170083494
840;761,4333333333333;707,352;710,1065443369885;7,587514504435348;740,6291170148149
841;762,3166666666667;661,968;710,4439181961536;2349,9146449601812;740,9883170212806
842;763,2;587,184;710,7812920553187;15276,290603407744;741,3475170277462
843;764,0833333333334;551,592;711,1186659144837;25448,7571377913;741,7067170342118
844;764,9666666666667;485,424;711,4560397736489;51090,48300423639;742,0659170406774
845;765,85;441,144;711,793413632814;73251,10509978604;742,425117047143
846;766,7333333333333;452,472;712,130787491979;67422,68592180475;742,7843170536087
847;767,6166666666667;490,464;712,4681613511441;49285,84765722482;743,1435170600741
848;768,5;512,832;712,8055352103092;39989,414784508794;743,5027170665398
849;769,3833333333333;575,04;713,1429090694744;19072,413493451524;743,8619170730053
850;770,2666666666667;638,3280000000001;713,4802829286394;5647,865629386258;744,221117079471
851;771,15;675,0479999999999;713,8176567878045;1503,0862874441627;744,5803170859366
852;772,0333333333333;714,744;714,1550306469696;0,3468848988090397;744,9395170924022
853;772,9166666666666;731,712;714,4924045061348;296,5144689723427;745,2987170988678
854;773,8;739,4879999999999;714,8297783652998;608,0278941859926;745,6579171053334
855;774,6833333333333;741,24;715,1671522244649;679,7933911262276;746,017117111799
856;775,5666666666667;740,3280000000001;715,50452608363;616,2048572767048;746,3763171182646
857;776,45;741,84;715,8418999427952;675,9012065844349;746,7355171247302
858;777,3333333333334;745,1039999999999;716,1792738019603;836,639785631558;747,0947171311959
859;778,2166666666667;746,52;716,5166476611254;900,2011515706523;747,4539171376614
860;779,1;747,576;716,8540215202904;943,8399617077401;747,8131171441271
861;779,9833333333333;749,688;717,1913953794556;1056,0293118639888;748,1723171505926
862;780,8666666666667;749,712;717,5287692386207;1035,7603422401885;748,5315171570583
863;781,75;748,8960000000001;717,8661430977858;962,8520193718967;748,8907171635238
864;782,6333333333333;743,544;718,2035169569508;642,1400808550628;749,2499171699894
865;783,5166666666667;742,32;718,540890816116;565,4460335790806;749,609117176455
866;784,4;744,0719999999999;718,8782646752811;634,7242996119826;749,9683171829206
867;785,2833333333333;748,5840000000001;719,2156385344462;862,5006551714314;750,3275171893863
868;786,1666666666666;749,9039999999999;719,5530123936112;921,1824486831596;750,6867171958518
869;787,05;753,9359999999999;719,8903862527764;1159,1038154251385;751,0459172023175
870;787,9333333333333;755,856;720,2277601119415;1269,371477521042;751,405117208783
871;788,8166666666667;755,376;720,5651339711067;1211,7963936815586;751,7643172152486
872;789,7;754,3439999999999;720,9025078302717;1118,333398537995;752,1235172217143
873;790,5833333333334;753,2159999999999;721,2398816894367;1022,4721422111321;752,4827172281798
874;791,4666666666667;754,7520000000001;721,5772555486019;1100,5636694155737;752,8419172346455
875;792,35;754,4159999999999;721,914629407767;1056,3390903736608;753,2011172411111
876;793,2333333333333;754,992;722,2520032669321;1071,9073860812948;753,5603172475767
877;794,1166666666667;751,824;722,5893771260971;854,6631745793221;753,9195172540424
878;795,0;750,12;722,9267509852623;739,4727919775338;754,2787172605078
879;795,8833333333333;747,9359999999999;723,2641248444274;608,7014236921545;754,6379172669735
880;796,7666666666667;745,3439999999999;723,6014987035925;472,7363626242798;754,997117273439
881;797,65;746,664;723,9388725627575;516,4314170389102;755,3563172799047
882;798,5333333333333;751,128;724,2762464219227;721,0166702177905;755,7155172863703
883;799,4166666666666;752,52;724,6136202810878;778,7660290161112;756,0747172928359
884;800,3;752,952;724,9509941402529;784,0563291575928;756,4339172993015
885;801,1833333333333;753,5039999999999;725,2883679994179;796,1218891922665;756,793117305767
886;802,0666666666667;754,824;725,6257418585831;852,5382784928174;757,1523173122328
887;802,95;754,2239999999999;725,9631157177482;798,6775804148217;757,5115173186983
888;803,8333333333334;756,1919999999999;726,3004895769134;893,5023953734898;757,8707173251639
889;804,7166666666667;761,592;726,6378634360784;1221,7916629292786;758,2299173316296
890;805,6;761,856;726,9752372952435;1216,6676068655345;758,5891173380951
891;806,4833333333333;758,592;727,3126111544086;978,4001665537058;758,9483173445608
892;807,3666666666667;755,448;727,6499850135738;772,7296371855762;759,3075173510263
893;808,25;753,696;727,9873588727388;660,9342286103068;759,666717357492
894;809,1333333333333;752,016;728,3247327319039;561,2761447683622;760,0259173639575
895;810,0166666666667;756,12;728,662106591069;753,9359104562164;760,3851173704231
896;810,9;757,3919999999999;728,9994804502342;806,135166383832;760,7443173768887
897;811,7833333333333;757,464;729,3368543093992;791,1363247002863;761,1035173833543
898;812,6666666666666;755,808;729,6742281685642;682,9740301375448;761,46271738982
899;813,55;750,9359999999999;730,0116020277294;437,8304305019589;761,8219173962855
900;814,4333333333333;748,7520000000001;730,3489758868946;338,6712965075431;762,1811174027512
901;815,3166666666667;741,024;730,6863497460597;106,86701277279187;762,5403174092169
902;816,2;700,92;731,0237236052247;906,234174899768;762,8995174156823
903;817,0833333333334;649,968;731,3610974643898;6624,836314847661;763,258717422148
904;817,9666666666667;584,592;731,6984713235549;21640,313905267896;763,6179174286135
905;818,85;545,736;732,0358451827201;34707,63231510548;763,9771174350792
906;819,7333333333333;469,728;732,3732190418851;68982,51108555982;764,3363174415448
907;820,6166666666667;441,216;732,7105929010502;84969,09769054897;764,6955174480104
908;821,5;457,44;733,0479667602153;75959,75134169996;765,054717454476
909;822,3833333333333;500,208;733,3853406193805;54371,672178326575;765,4139174609415
910;823,2666666666667;522,384;733,7227144785455;44664,05223744418;765,7731174674072
911;824,15;593,928;734,0600883377106;19637,002181887918;766,1323174738727
912;825,0333333333333;653,136;734,3974621968757;6603,425238374268;766,4915174803384
913;825,9166666666666;680,352;734,7348360560409;2957,4928574982223;766,850717486804
914;826,8;696,744;735,0722099152059;1469,051675304087;767,2099174932696
915;827,6833333333333;705,888;735,409583774371;871,5239085472007;767,5691174997352
916;828,5666666666667;708,288;735,7469576335361;753,9943543203306;767,9283175062008
917;829,45;712,0799999999999;736,0843314927013;576,2079304114933;768,2875175126665
918;830,3333333333334;710,28;736,4217053518664;683,388758703803;768,646717519132
919;831,2166666666667;710,592;736,7590792110315;684,7160344363957;769,0059175255976
920;832,1;707,976;737,0964530701965;848,000787013517;769,3651175320632
921;832,9833333333333;708,168;737,4338269293617;856,4886258593497;769,7243175385288
922;833,8666666666667;706,656;737,7712007885268;968,1557201103427;770,0835175449945
923;834,75;711,744;738,1085746476919;695,0907963537145;770,44271755146
924;835,6333333333333;713,592;738,4459485068569;617,7187563814948;770,8019175579257
925;836,5166666666667;718,7520000000001;738,783322366022;401,2538757314925;771,1611175643912
926;837,4;722,952;739,1206962251872;261,426737622383;771,5203175708568
927;838,2833333333333;725,016;739,4580700843522;208,5733883213431;771,8795175773224
928;839,1666666666666;722,88;739,7954439435173;286,1322438062757;772,238717583788
929;840,05;720,72;740,1328178026824;376,8574950401432;772,5979175902537
930;840,9333333333333;718,992;740,4701916618476;461,31271706306114;772,9571175967192
931;841,8166666666667;718,3679999999999;740,8075655210126;503,5341007718218;773,3163176031849
932;842,7;719,712;741,1449393801777;459,37089047437144;773,6755176096505
933;843,5833333333334;721,4879999999999;741,4823132393428;399,77256191296226;774,034717616116
934;844,4666666666667;705,9599999999999;741,819687098508;1285,9171588029055;774,3939176225817
935;845,35;704,52;742,157060957673;1416,5483575315966;774,7531176290472
936;846,2333333333333;721,848;742,4944348168381;426,2752706459449;775,1123176355129
937;847,1166666666667;722,256;742,8318086760032;423,36390267149056;775,4715176419785
938;848,0;720,7679999999999;743,1691825351684;501,8129789739364;775,8307176484441
939;848,8833333333333;735,0719999999999;743,5065563943334;71,14174156919258;776,1899176549097
940;849,7666666666667;737,7599999999999;743,8439302534985;37,01420732943529;776,5491176613752
941;850,65;717,888;744,1813041126636;691,3378411610114;776,908317667841
942;851,5333333333333;712,176;744,5186779718288;1046,0488183894147;777,2675176743064
943;852,4166666666666;717,3599999999999;744,8560518309938;756,0328662927034;777,6267176807721
944;853,3;720,1919999999999;745,1934256901588;625,0712865405401;777,9859176872377
945;854,1833333333333;720,432;745,530799549324;629,9497388171459;778,3451176937033
946;855,0666666666667;719,832;745,8681734084892;677,8823257569181;778,704317700169
947;855,95;721,7520000000001;746,2055472676543;597,9759739714003;779,0635177066345
948;856,8333333333334;717,984;746,5429211268194;815,6119759278865;779,4227177131002
949;857,7166666666667;720,168;746,8802949859844;713,5467034182466;779,7819177195657
950;858,6;721,92;747,2176688451495;639,9720489988521;780,1411177260313
951;859,4833333333333;722,3280000000001;747,5550427043147;636,4036836053132;780,5003177324969
952;860,3666666666667;724,8;747,8924165634797;533,2597027412756;780,8595177389625
953;861,25;723,408;748,2297904226448;616,1212797856995;781,2187177454282
954;862,1333333333333;719,928;748,5671642818099;820,2017307604982;781,5779177518937
955;863,0166666666667;721,32;748,9045381409751;760,9067444509068;781,9371177583594
956;863,9;723,9119999999999;749,2419120001401;641,604441934847;782,296317764825
957;864,7833333333333;723,168;749,5792858593052;697,556020741933;782,6555177712905
958;865,6666666666666;724,848;749,9166597184703;628,437700080459;783,0147177777561
959;866,55;726,0719999999999;750,2540335776355;584,7707479498953;783,3739177842217
960;867,4333333333333;720,5039999999999;750,5914074368005;905,2520862680451;783,7331177906874
961;868,3166666666667;719,952;750,9287812959657;959,5609794580892;784,092317797153
962;869,2;720,408;751,2661551551307;952,2257395781196;784,4515178036186
963;870,0833333333334;718,8;751,6035290142959;1076,071515791754;784,8107178100842
964;870,9666666666667;683,208;751,940902873461;4724,211937412631;785,1699178165497
965;871,85;626,064;752,2782767326261;15930,043651139924;785,5291178230154
966;872,7333333333333;557,088;752,6156505917911;38231,062145945565;785,8883178294809
967;873,6166666666667;470,544;752,9530244509563;79754,85709134082;786,2475178359466
968;874,5;463,992;753,2903983101214;83693,56326480165;786,6067178424122
