;L, μμ;hn50,uncoated,53,800;Result;fail;Predict
0;16,783333333333335;572,208;752,0333164184939;32337,144425011455;805,4082499282728
1;17,666666666666668;556,32;752,0330963306319;38303,61607532318;805,394283043851
2;18,55;575,472;752,0328762427698;31173,743019614685;805,3803161594292
3;19,433333333333334;621,288;752,0326561549077;17094,16511306505;805,3663492750073
4;20,316666666666663;613,848;752,0324360670458;19094,938371167467;805,3523823905855
5;21,2;612,384;752,0322159791837;19501,624226168722;805,3384155061638
6;22,08333333333333;652,824;752,0319958913216;9842,226448772486;805,3244486217419
7;22,966666666666665;656,28;752,0317758034596;9168,402569515996;805,3104817373201
8;23,85;687,3359999999999;752,0315557155975;4185,514929349994;805,2965148528983
9;24,73333333333333;716,208;752,0313356277354;1283,3113754973797;805,2825479684765
10;25,616666666666667;690,9359999999999;752,0311155398734;3732,613142830495;805,2685810840546
11;26,5;677,256;752,0308954520114;5591,284989859232;805,2546141996328
12;27,383333333333333;695,496;752,0306753641493;3196,1695185297476;805,240647315211
13;28,266666666666666;665,376;752,0304552762873;7508,994619230078;805,2266804307892
14;29,15;675,0479999999999;752,0302351884252;5926,264534606027;805,2127135463674
15;30,03333333333333;693,888;752,0300151005631;3380,493919954104;805,1987466619456
16;30,916666666666668;694,3919999999999;752,0297950127011;3322,115413926162;805,1847797775238
17;31,8;733,4879999999999;752,029574924839;343,790000693422;805,1708128931019
18;32,68333333333333;739,7520000000001;752,029354836977;150,73344179303967;805,1568460086801
19;33,56666666666667;742,968;752,029134749115;82,10416294161958;805,1428791242583
20;34,45;755,256;752,0289146612529;10,414079783556407;805,1289122398365
21;35,333333333333336;742,3919999999999;752,0286945733908;92,86588230082076;805,1149453554146
22;36,21666666666667;714,6;752,0284744855288;1400,89070231388;805,1009784709929
23;37,1;743,28;752,0282543976667;76,53195500629573;805,0870115865711
24;37,98333333333333;736,3679999999999;752,0280343098046;245,23667458426038;805,0730447021492
25;38,86666666666667;751,776;752,0278142219427;0,06341040237261195;805,0590778177274
26;39,75;760,632;752,0275941340806;74,03580030546776;805,0451109333056
27;40,63333333333333;769,656;752,0273740462185;310,7684530183375;805,0311440488838
28;41,516666666666666;772,0799999999999;752,0271539583565;402,1166343698542;805,0171771644619
29;42,4;761,784;752,0269338704944;95,20033945554489;805,0032102800401
30;43,28333333333333;741,3359999999999;752,0267137826323;114,29136118216698;804,9892433956184
31;44,16666666666666;749,352;752,0264936947704;7,152916523366499;804,9752765111965
32;45,05;721,7520000000001;752,0262736069083;916,5316424259381;804,9613096267747
33;45,93333333333333;709,7280000000001;752,0260535190463;1789,1253315000984;804,9473427423529
34;46,81666666666667;754,872;752,0258334311842;8,10066413744448;804,9333758579311
35;47,7;751,776;752,0256133433221;0,06230682116446303;804,9194089735092
36;48,583333333333336;768,096;752,0253932554601;258,26440113765045;804,9054420890874
37;49,46666666666667;786,4799999999999;752,025173167598;1187,1350920507994;804,8914752046657
38;50,35;778,2719999999999;752,024953079736;688,9074720345391;804,8775083202438
39;51,23333333333333;764,688;752,024732991874;160,35833131909274;804,863541435822
40;52,11666666666667;772,464;752,0245129040119;417,7726327470669;804,8495745514002
41;53,0;751,152;752,0242928161498;0,7608947571064651;804,8356076669784
42;53,88333333333333;756,696;752,0240727282878;21,826904432168263;804,8216407825565
43;54,766666666666666;762,096;752,0238526404257;101,44815243297901;804,8076738981347
44;55,65;743,1840000000001;752,0236325525636;78,13910366434132;804,793707013713
45;56,53333333333333;760,296;752,0234124647017;68,4357045291742;804,7797401292911
46;57,41666666666666;724,848;752,0231923768396;738,4910807182421;804,7657732448693
47;58,3;693,744;752,0229722889775;3396,4386110594023;804,7518063604475
48;59,18333333333333;641,664;752,0227522011155;12179,05418738722;804,7378394760257
49;60,06666666666667;559,992;752,0225321132534;36875,72526369927;804,7238725916038
50;60,95;473,472;752,0223120253913;77590,27632944289;804,709905707182
51;61,833333333333336;435,72;752,0220919375294;100047,01336405726;804,6959388227602
52;62,71666666666667;376,536;752,0218718496673;140989,63995870473;804,6819719383384
53;63,6;349,848;752,0216517618052;161743,64617142573;804,6680050539165
54;64,48333333333333;430,032;752,0214316739432;103677,19410970894;804,6540381694948
55;65,36666666666666;471,576;752,0212115860811;78649,51670156179;804,640071285073
56;66,25;527,28;752,020991498219;50508,513259602565;804,6261044006511
57;67,13333333333334;610,512;752,020771410357;20024,7323860687;804,6121375162293
58;68,01666666666667;716,064;752,020551322495;1292,873583007216;804,5981706318075
59;68,9;707,856;752,0203312346329;1950,4881534023684;804,5842037473857
60;69,78333333333333;746,16;752,0201111467709;34,340902652508774;804,5702368629638
61;70,66666666666667;771,72;752,0198910589088;388,0942922908626;804,556269978542
62;71,55;759,6;752,0196709710467;57,46138818719231;804,5423030941203
63;72,43333333333334;730,1039999999999;752,0194508831847;480,2869874132856;804,5283362096984
64;73,31666666666666;768,096;752,0192307953226;258,46250806046237;804,5143693252766
65;74,2;757,3439999999999;752,0190107074606;28,3555109656591;804,5004024408548
66;75,08333333333333;775,128;752,0187906195986;534,0355581872351;804,486435556433
67;75,96666666666667;779,088;752,0185705317365;732,7540117372912;804,4724686720111
68;76,85;781,3439999999999;752,0183504438744;859,9937218886861;804,4585017875893
69;77,73333333333333;770,832;752,0181303560124;353,9616909809571;804,4445349031676
70;78,61666666666666;786,6;752,0179102681503;1195,9209302217039;804,4305680187457
71;79,5;757,7520000000001;752,0176901802882;32,882309108443465;804,4166011343239
72;80,38333333333334;779,208;752,0174700924263;739,3249166546601;804,4026342499021
73;81,26666666666667;767,952;752,0172500045642;253,91625741704195;804,3886673654803
74;82,15;768,12;752,0170299167021;259,30564550358775;804,3747004810584
75;83,03333333333333;791,88;752,0168098288401;1589,073930622058;804,3607335966366
76;83,91666666666667;815,856;752,016589740978;4075,47030221972;804,3467667122148
77;84,8;803,832;752,0163696531159;2684,8595482449327;804,332799827793
78;85,68333333333334;832,704;752,016149565254;6510,5292077799395;804,3188329433711
79;86,56666666666666;864,72;752,0159294773919;12702,207512365034;804,3048660589494
80;87,45;870,72;752,0157093895298;14090,708609334975;804,2908991745276
81;88,33333333333333;881,376;752,0154893016678;16734,141728133312;804,2769322901057
82;89,21666666666667;880,5840000000001;752,0152692138057;16529,91853597292;804,2629654056839
83;90,1;879,432;752,0150491259436;16235,079370041702;804,2489985212621
84;90,98333333333332;857,4719999999999;752,0148290380816;11121,214907291249;804,2350316368403
85;91,86666666666666;841,776;752,0146089502196;8057,107323191597;804,2210647524184
86;92,75;826,296;752,0143888623575;5517,757753203947;804,2070978679967
87;93,63333333333334;859,968;752,0141687744955;11654,029676264705;804,1931309835749
88;94,51666666666668;845,592;752,0139486866334;8756,85168760707;804,179164099153
89;95,4;847,32;752,0137285987713;9083,285368404671;804,1651972147312
90;96,28333333333332;854,448;752,0135085109093;10492,825046628584;804,1512303303094
91;97,16666666666669;864,456;752,0132884230472;12643,36338677779;804,1372634458876
92;98,05;845,4;752,0130683351852;8721,119005768795;804,1232965614657
93;98,93333333333334;880,0799999999999;752,0128482473232;16401,195358043136;804,1093296770439
94;99,81666666666666;860,0400000000001;752,0126281594611;11669,913066774076;804,0953627926222
95;100,7;875,592;752,012408071599;15271,91554119011;804,0813959082003
96;101,58333333333331;884,424;752,012187983737;17532,88796143016;804,0674290237785
97;102,46666666666668;874,968;752,0119678958749;15118,185830790624;804,0534621393567
98;103,35;861,552;752,0117478080128;11999,066850284153;804,0394952549349
99;104,23333333333332;891,288;752,0115277201509;19397,935730719586;804,025528370513
100;105,11666666666666;855,864;752,0113076322888;10785,381712022472;804,0115614860912
101;106,0;875,6159999999999;752,0110875444267;15278,174383149912;803,9975946016694
102;106,88333333333334;907,848;752,0108674565647;24285,211879360206;803,9836277172476
103;107,76666666666668;895,7520000000001;752,0106473687026;20661,576456275;803,9696608328258
104;108,65;893,112;752,0104272808405;19909,653823820237;803,955693948404
105;109,53333333333332;903,624;752,0102071929786;22986,742169330435;803,9417270639822
106;110,41666666666669;876,2159999999999;752,0099871051165;15427,133639243948;803,9277601795603
107;111,3;876,096;752,0097670172544;15397,39321584823;803,9137932951385
108;112,18333333333334;883,2239999999999;752,0095469293924;17217,232694618666;803,8998264107167
109;113,06666666666666;881,112;752,0093268415303;16667,50021666264;803,8858595262949
110;113,95;912,48;752,0091067536682;25750,907579275616;803,871892641873
111;114,83333333333331;909,432;752,0088866658062;24782,036611830415;803,8579257574513
112;115,71666666666668;907,656;752,0086665779442;24226,092401396607;803,8439588730295
113;116,6;916,224;752,0084464900821;26966,748014568737;803,8299919886076
114;117,48333333333332;896,736;752,0082264022201;20946,12845057024;803,8160251041858
115;118,36666666666666;865,7520000000001;752,008006314358;12937,696099559382;803,802058219764
116;119,25;893,16;752,0077862264959;19923,94745316099;803,7880913353422
117;120,13333333333334;860,3280000000001;752,0075661386339;11733,316391914599;803,7741244509203
118;121,01666666666668;833,808;752,0073460507718;6691,346986521375;803,7601575664985
119;121,9;796,944;752,0071259629098;2019,322648225312;803,7461906820768
120;122,78333333333332;728,52;752,0069058750478;551,6347475833547;803,7322237976549
121;123,66666666666669;635,4;752,0066857871857;13597,119170271459;803,7182569132331
122;124,55;583,608;752,0064656993236;28358,043249886283;803,7042900288113
123;125,43333333333334;502,15199999999993;752,0062456114616;62427,144050072624;803,6903231443895
124;126,31666666666666;461,16;752,0060255235995;84591,4105628743;803,6763562599676
125;127,2;461,112;752,0058054357374;84619,20604088466;803,6623893755458
126;128,08333333333334;447,576;752,0055853478755;92677,37243507938;803,648422491124
127;128,96666666666667;445,704;752,0053652600134;93820,52636014813;803,6344556067022
128;129,85;510,768;752,0051451721513;58195,36021080961;803,6204887222804
129;130,73333333333332;600,9839999999999;752,0049250842893;22807,31981331455;803,6065218378586
130;131,61666666666667;661,848;752,0047049964272;8128,231455812813;803,5925549534368
131;132,5;736,704;752,0044849085651;234,10483843723085;803,5785880690149
132;133,38333333333333;816,5039999999999;752,0042648207032;4160,21583819941;803,5646211845931
133;134,26666666666668;876,288;752,0040447328411;15446,501536849166;803,5506543001713
134;135,15;876,7679999999999;752,003824644979;15566,099452018414;803,5366874157495
135;136,03333333333333;889,6080000000001;752,003604557117;18934,969645201338;803,5227205313276
136;136,91666666666666;897,288;752,0033844692549;21107,61950991642;803,5087536469059
137;137,8;882,7919999999999;752,0031643813929;17105,719522470998;803,4947867624841
138;138,68333333333334;867,84;752,0029442935308;13418,223474743645;803,4808198780622
139;139,56666666666666;854,9039999999999;752,0027242056688;10588,672560100997;803,4668529936404
140;140,45;848,208;752,0025041178068;9255,497437938691;803,4528861092186
141;141,33333333333334;849,888;752,0022840299447;9581,613390970348;803,4389192247968
142;142,21666666666667;867,3359999999999;752,0020639420826;13301,916806611756;803,424952340375
143;143,1;869,256;752,0018438542206;13748,537133458805;803,4109854559532
144;143,98333333333332;896,136;752,0016237663585;20774,7184122609;803,3970185715314
145;144,86666666666667;888,9119999999999;752,0014036784964;18744,51138510968;803,3830516871095
146;145,75;911,952;752,0011835906345;25584,263670022556;803,3690848026877
147;146,63333333333333;908,304;752,0009635027724;24430,639218253662;803,3551179182659
148;147,51666666666668;889,3679999999999;752,0007434149103;18869,763181713857;803,3411510338441
149;148,4;876,12;752,0005233270483;15405,6444895674;803,3271841494222
150;149,28333333333333;892,2479999999999;752,0003032391862;19669,416446713156;803,3132172650004
151;150,16666666666666;879,384;752,0000831513241;16226,662271710371;803,2992503805787
152;151,05;900,0719999999999;751,9998630634622;21925,35773695278;803,2852834961568
153;151,93333333333334;902,088;751,9996429756001;22526,51491428373;803,271316611735
154;152,81666666666666;911,592;751,999422887738;25469,790669333295;803,2573497273132
155;153,7;905,592;751,999202799876;23590,747351758415;803,2433828428914
156;154,58333333333334;885,5039999999999;751,9989827120139;17823,58964106544;803,2294159584695
157;155,46666666666667;861,984;751,9987626241518;12096,75244062168;803,2154490740477
158;156,35;874,92;751,9985425362898;15109,684705002694;803,201482189626
159;157,23333333333332;853,56;751,9983224484278;10314,774347089522;803,1875153052041
160;158,11666666666667;856,176;751,9981023605657;10853,034356572467;803,1735484207823
161;159,0;890,496;751,9978822727037;19181,728614004023;803,1595815363605
162;159,88333333333333;877,0799999999999;751,9976621848416;15645,591233305386;803,1456146519387
163;160,76666666666668;874,872;751,9974420969795;15098,156979862724;803,1316477675168
164;161,65;870,9119999999999;751,9972220091175;14140,724424620847;803,117680883095
165;162,53333333333333;860,592;751,9970019212554;11792,87360772253;803,1037139986732
166;163,41666666666666;843,7919999999999;751,9967818333934;8426,362078254895;803,0897471142514
167;164,3;855,72;751,9965617455314;10758,55164332857;803,0757802298295
168;165,18333333333334;848,352;751,9963416576693;9284,41289458396;803,0618133454078
169;166,06666666666666;880,032;751,9961215698072;16393,18616539112;803,047846460986
170;166,95;873,4799999999999;751,9959014819452;14758,386192744416;803,0338795765641
171;167,83333333333334;869,568;751,9956813940831;13823,250102371221;803,0199126921423
172;168,71666666666667;863,208;751,995461306221;12368,228762715275;803,0059458077205
173;169,6;865,008;751,9952412183591;12771,883647437367;802,9919789232987
174;170,48333333333332;836,952;751,995021130497;7217,688258633182;802,9780120388768
175;171,36666666666667;851,88;751,9948010426349;9977,052970752411;802,9640451544551
176;172,25;832,2719999999999;751,9945809547729;6444,464008562978;802,9500782700333
177;173,13333333333333;855,696;751,9943608669108;10754,029958889458;802,9361113856114
178;174,01666666666668;850,008;751,9941407790487;9606,716599384461;802,9221445011896
179;174,9;871,4159999999999;751,9939206911868;14261,633026440466;802,9081776167678
180;175,78333333333333;871,2719999999999;751,9937006033247;14227,312706962903;802,894210732346
181;176,66666666666666;873,9119999999999;751,9934805154626;14864,125393301512;802,8802438479241
182;177,55;857,088;751,9932604276006;11044,904285790444;802,8662769635023
183;178,43333333333334;870,264;751,9930403397385;13988,019898959203;802,8523100790806
184;179,31666666666666;856,824;751,9928202518764;10989,576247383386;802,8383431946587
185;180,2;874,776;751,9926001640144;15075,763275283485;802,8243763102369
186;181,0833333333333;902,232;751,9923800761524;22571,943394862188;802,8104094258151
187;181,96666666666667;885,984;751,9921599882903;17953,813189723627;802,7964425413933
188;182,85;887,664;751,9919399004283;18406,907891661795;802,7824756569714
189;183,7333333333333;870,0;751,9917198125662;13925,95419279588;802,7685087725496
190;184,61666666666667;819,288;751,9914997247041;4528,818949302901;802,7545418881278
191;185,5;751,6080000000001;751,9912796368421;0,14690328001779357;802,740575003706
192;186,38333333333333;709,4879999999999;751,99105954898;1806,5100710241488;802,7266081192842
193;187,26666666666668;623,088;751,990839461118;16615,94202113876;802,7126412348624
194;188,15;576,864;751,990619373256;30669,332813105266;802,6986743504406
195;189,03333333333333;520,944;751,9903992853939;53382,43862274568;802,6847074660187
196;189,91666666666663;501,792;751,9901791975318;62599,12887376025;802,6707405815969
197;190,8;457,704;751,9899591096698;86604,22572909825;802,6567736971751
198;191,6833333333333;427,44;751,9897390218077;105332,53309912351;802,6428068127533
199;192,56666666666663;409,08;751,9895189339456;117586,93817551003;802,6288399283314
200;193,45;435,792;751,9892988460837;99980,73179755957;802,6148730439097
201;194,3333333333333;463,584;751,9890787582216;83177,48945353599;802,6009061594879
202;195,21666666666667;548,184;751,9888586703595;41536,42041764522;802,586939275066
203;206,7;634,1999999999999;751,9859975281529;13873,541213702056;802,4053697775825
204;207,5833333333333;687,696;751,9857774402908;4133,175483322121;802,3914028931606
205;208,46666666666667;718,6080000000001;751,9855573524287;1114,061334814664;802,3774360087388
206;209,35;738,6719999999999;751,9853372645667;177,24494912010368;802,363469124317
207;210,2333333333333;732,12;751,9851171767046;394,62288044420586;802,3495022398952
208;211,11666666666667;733,032;751,9848970888426;359,2123080602552;802,3355353554733
209;212,0;734,544;751,9846770009806;304,17721425253364;802,3215684710515
210;212,88333333333333;739,2479999999999;751,9844569131185;162,21733469972554;802,3076015866297
211;213,76666666666668;739,536;751,9842368252564;154,958600057671;802,2936347022079
212;214,65;739,4159999999999;751,9840167373944;157,95504471142797;802,279667817786
213;215,53333333333333;738,24;751,9837966495323;188,89194634369605;802,2657009333643
214;216,41666666666663;735,2159999999999;751,9835765616702;281,15162375147696;802,2517340489425
215;217,3;731,544;751,9833564738083;417,76729306340883;802,2377671645206
216;218,1833333333333;727,56;751,9831363859462;596,489590926531;802,2238002800988
217;219,06666666666663;724,512;751,9829162980841;754,6512422563453;802,209833395677
218;219,95;723,0719999999999;751,9826962102221;835,8283553597578;802,1958665112552
219;220,8333333333333;723,5039999999999;751,98247612236;811,0236022518355;802,1818996268333
220;221,71666666666667;722,4719999999999;751,9822560344979;870,8552112216298;802,1679327424116
221;222,6;720,6239999999999;751,982035946636;983,3264184305187;802,1539658579898
222;223,4833333333333;720,9119999999999;751,9818158587739;965,3334574981212;802,1399989735679
223;224,36666666666667;722,112;751,9815957709118;892,192751517673;802,1260320891461
224;225,25;724,4159999999999;751,9813756830498;759,8499365476769;802,1120652047243
225;226,13333333333333;727,0799999999999;751,9811555951877;620,0675499757521;802,0980983203025
226;227,01666666666668;729,984;751,9809355073257;483,8651717134462;802,0841314358806
227;227,9;732,144;751,9807154194636;393,4952786327867;802,0701645514589
228;228,78333333333333;731,064;751,9804953316016;437,4997769569113;802,056197667037
229;229,66666666666663;730,656;751,9802752437396;454,72471467076707;802,0422307826152
230;230,55;727,992;751,9800551558775;575,4267901614227;802,0282638981934
231;231,4333333333333;726,6239999999999;751,9798350680154;642,9183719964043;802,0142970137716
232;232,31666666666663;722,568;751,9796149801534;865,0430957407865;802,0003301293498
233;233,2;719,736;751,9793948922913;1039,6365141802398;801,9863632449279
234;234,0833333333333;720,888;751,9791748044292;966,661150719574;801,9723963605061
235;234,96666666666667;723,384;751,9789547165673;817,6714352425321;801,9584294760843
236;235,85;724,968;751,9787346287052;729,5797851823354;801,9444625916625
237;236,7333333333333;727,176;751,9785145408431;615,1647275487309;801,9304957072407
238;237,61666666666667;729,9359999999999;751,9782944529811;485,8627447519256;801,9165288228189
239;238,5;730,464;751,978074365119;462,8553957878693;801,9025619383971
240;239,38333333333333;731,088;751,9778542772569;436,38601172503144;801,8885950539752
241;240,26666666666668;733,7280000000001;751,977634189395;333,04914804673115;801,8746281695534
242;241,15;735,552;751,9774141015329;269,79422840683424;801,8606612851316
243;242,03333333333333;737,16;751,9771940136708;219,54923843876222;801,8466944007098
244;242,91666666666663;740,856;751,9769739258088;123,67606105851947;801,832727516288
245;243,8;737,808;751,9767538379467;200,75358532033002;801,8187606318662
246;244,6833333333333;738,144;751,9765337500846;191,33898994723012;801,8047937474444
247;245,56666666666663;736,1039999999999;751,9763136622227;251,93034099198212;801,7908268630225
248;246,45;730,3439999999999;751,9760935743606;467,9474724098942;801,7768599786007
249;247,3333333333333;722,832;751,9758734864985;849,365361797029;801,7628930941789
250;248,21666666666667;718,632;751,9756533986365;1111,7992219684065;801,7489262097571
251;249,1;699,0479999999999;751,9754333107744;2801,313196866484;801,7349593253352
252;249,9833333333333;676,2479999999999;751,9752132229123;5734,610822508436;801,7209924409135
253;250,86666666666667;647,1840000000001;751,9749931350503;10981,15224223015;801,7070255564917
254;251,75;607,656;751,9747730471883;20827,908253845846;801,6930586720698
255;252,63333333333333;561,144;751,9745529593262;36416,29994276218;801,679091787648
256;253,51666666666668;521,736;751,9743328714642;53009,68992343115;801,6651249032262
257;254,4;487,824;751,9741127836021;69775,2820835897;801,6511580188044
258;255,28333333333333;464,52;751,97389269574;82629,74042593403;801,6371911343825
259;256,1666666666667;445,968;751,973672607878;93639,47166819983;801,6232242499607
260;257,05;421,056;751,9734525200159;109506,36038233702;801,609257365539
261;257,93333333333334;411,744;751,9732324321538;115755,93060137254;801,5952904811171
262;258,81666666666666;432,648;751,9730123442919;101968,46350868214;801,5813235966953
263;259,7;460,68;751,9727922564298;84851,49082054755;801,5673567122735
264;260,5833333333333;513,12;751,9725721685677;57050,551231540834;801,5533898278517
265;261,46666666666664;607,392;751,9723520807057;20903,478207780812;801,5394229434298
266;262,35;694,3919999999999;751,9721319928436;3315,471600313301;801,525456059008
267;263,2333333333333;753,0;751,9719119049815;1,056965131118688;801,5114891745862
268;264,1166666666667;798,168;751,9716918171196;2134,0988897276666;801,4975222901644
269;267,65;820,512;751,9708114656713;4697,894525698382;801,4416547524771
270;268,53333333333336;815,136;751,9705913778092;3989,868846408328;801,4276878680553
271;269,4166666666667;803,52;751,9703712899473;2657,3642201442926;801,4137209836335
272;270,3;796,632;751,9701512020852;1994,6807380478024;801,3997540992117
273;271,18333333333334;793,152;751,9699311142231;1695,9627977128796;801,3857872147898
274;272,06666666666666;791,376;751,9697110263611;1552,8556106739331;801,3718203303681
275;272,95;792,264;751,969490938499;1623,6474605073865;801,3578534459463
276;273,8333333333333;799,152;751,9692708506369;2226,2099299821607;801,3438865615244
277;274,71666666666664;796,32;751,9690507627749;1967,0066982429184;801,3299196771026
278;275,6;800,1840000000001;751,9688306749129;2324,7025530468327;801,3159527926808
279;276,4833333333333;802,2719999999999;751,9686105870508;2530,430986430807;801,301985908259
280;277,3666666666667;803,7599999999999;751,9683904991888;2682,3708146845056;801,2880190238371
281;278,25;803,928;751,9681704113267;2699,8238908839694;801,2740521394154
282;279,1333333333333;805,3919999999999;751,9679503234646;2854,129083840915;801,2600852549936
283;280,01666666666665;804,84;751,9677302356026;2795,476910039212;801,2461183705717
284;280,9;806,232;751,9675101477405;2944,634858925967;801,2321514861499
285;281,78333333333336;810,576;751,9672900598785;3434,980880845305;801,2181846017281
286;282,6666666666667;808,6080000000001;751,9670699720165;3208,1949544349327;801,2042177173063
287;283,55;813,864;751,9668498841544;3831,257192463531;801,1902508328844
288;284,43333333333334;804,9119999999999;751,9666297962923;2803,212226007651;801,1762839484626
289;285,31666666666666;796,872;751,9664097084303;2016,5120394343132;801,1623170640408
290;286,2;790,1999999999999;751,9661896205682;1461,8242561303393;801,148350179619
291;287,0833333333333;782,28;751,9659695327061;918,9404431720187;801,1343832951972
292;287,96666666666664;775,704;751,9657494448442;563,504539419354;801,1204164107754
293;288,85;781,5840000000001;751,9655293569821;877,2538032313182;801,1064495263536
294;289,7333333333333;787,2479999999999;751,96530926912;1244,868265210922;801,0924826419317
295;290,6166666666667;787,992;751,965089181258;1297,938303141586;801,0785157575099
296;291,5;789,9119999999999;751,9648690933959;1439,9847440429407;801,0645488730881
297;292,3833333333333;789,576;751,9646490055338;1414,613723628933;801,0505819886663
298;293,26666666666665;790,3919999999999;751,9644289176719;1476,6782192873777;801,0366151042444
299;294,15;794,208;751,9642088298098;1784,53789243064;801,0226482198227
300;295,03333333333336;796,872;751,9639887419477;2016,7294751533507;801,0086813354009
301;295,9166666666667;804,7679999999999;751,9637686540857;2788,2868480328298;800,994714450979
302;296,8;805,4879999999999;751,9635485662236;2864,8669012866817;800,9807475665572
303;297,68333333333334;805,3679999999999;751,9633284783615;2852,0589403340978;800,9667806821354
304;298,56666666666666;801,0719999999999;751,9631083904995;2411,6832351136536;800,9528137977136
305;299,45;801,72;751,9628883026375;2475,7701644638155;800,9388469132917
306;300,3333333333333;801,6719999999999;751,9626682147754;2471,0176665335357;800,92488002887
307;301,21666666666664;804,864;751,9624481269134;2798,5741905808773;800,9109131444482
308;302,1;806,3280000000001;751,9622280390513;2955,637160909886;800,8969462600263
309;302,9833333333333;807,24;751,9620079511892;3055,6564049483904;800,8829793756045
310;303,8666666666667;807,9599999999999;751,9617878633272;3135,7997625037965;800,8690124911827
311;304,75;805,32;751,9615677754651;2847,122289460285;800,8550456067609
312;305,6333333333333;803,304;751,961347687603;2636,067946471677;800,841078722339
313;306,51666666666665;804,12;751,9611275997411;2720,547970066493;800,8271118379173
314;307,4;802,944;751,960907511879;2599,275719652297;800,8131449534955
315;308,28333333333336;799,704;751,9606874240169;2279,4238957280218;800,7991780690736
316;309,1666666666667;801,864;751,9604673361549;2490,3625723314562;800,7852111846518
317;310,05;802,536;751,9602472482928;2557,90676640181;800,77124430023
318;310,93333333333334;800,6159999999999;751,9600271604307;2367,403692964889;800,7572774158082
319;311,81666666666666;805,176;751,9598070725688;2831,963189689587;800,7433105313863
320;312,7;804,4799999999999;751,9595869847067;2758,3937832969823;800,7293436469645
321;313,5833333333333;805,824;751,9593668968446;2901,3986993375415;800,7153767625427
322;314,46666666666664;783,6;751,9591468089826;1001,1435906555168;800,7014098781209
323;315,35;746,424;751,9589267211205;30,63541380817419;800,687442993699
324;316,2333333333333;693,7919999999999;751,9587066332585;3383,365760559573;800,6734761092773
325;317,1166666666667;635,88;751,9584865453965;13474,215038669787;800,6595092248555
326;318,0;565,248;751,9582664575344;34860,72360064346;800,6455423404336
327;318,8833333333333;517,776;751,9580463696724;54841,23084188741;800,6315754560118
328;319,76666666666665;466,824;751,9578262818103;81301,29889010557;800,61760857159
329;320,65;403,128;751,9576061939482;121682,094157425;800,6036416871682
330;321,53333333333336;408,192;751,9573861060862;118174,64068466653;800,5896748027463
331;322,4166666666667;387,312;751,9571660182241;132966,09710045822;800,5757079183246
332;323,3;397,368;751,956945930362;125733,32057600522;800,5617410339028
333;324,18333333333334;457,224;751,9567258425001;86867,37968255032;800,5477741494809
334;325,06666666666666;545,232;751,956505754638;42735,021279499364;800,5338072650591
335;325,95;602,472;751,9562856667759;22345,55166130627;800,5198403806373
336;326,8333333333333;698,976;751,9560655789139;2806,88734874602;800,5058734962155
337;327,71666666666664;762,7919999999999;751,9558454910518;117,42224454179589;800,4919066117936
338;328,6;797,424;751,9556254031897;2067,3730884758584;800,4779397273719
339;329,4833333333333;822,1919999999999;751,9554053153278;4933,179232898913;800,46397284295
340;330,3666666666667;815,376;751,9551852274657;4022,199746412105;800,4500059585282
341;331,25;796,4879999999999;751,9549651396036;1983,191193877277;800,4360390741064
342;332,1333333333333;788,952;751,9547450517416;1368,7968737064298;800,4220721896846
343;333,01666666666665;783,0719999999999;751,9545249638795;968,2972526235743;800,4081053052628
344;333,9;782,352;751,9543048760174;924,0198688505922;800,3941384208409
345;334,78333333333336;786,0719999999999;751,9540847881555;1164,0321384026058;800,3801715364192
346;335,6666666666667;790,176;751,9538647002934;1460,9316268690834;800,3662046519974
347;336,55;793,4879999999999;751,9536446124313;1725,1026774608542;800,3522377675755
348;337,43333333333334;792,384;751,9534245245693;1634,6314332744996;800,3382708831537
349;338,31666666666666;791,832;751,9532044367072;1590,3183355789001;800,3243039987319
350;339,2;792,888;751,9529843488451;1675,6755063602977;800,3103371143101
351;340,0833333333333;801,576;751,9527642609831;2462,465525210042;800,2963702298882
352;340,96666666666664;803,088;751,952544173121;2614,8348426226844;800,2824033454664
353;341,85;810,1919999999999;751,952324085259;3391,8598506540548;800,2684364610446
354;342,7333333333333;814,32;751,952103997397;3889,7544517915107;800,2544695766228
355;343,6166666666667;814,4879999999999;751,9518839095349;3910,765815680121;800,240502692201
356;344,5;813,0;751,9516638216728;3726,8993501420523;800,2265358077792
357;345,3833333333333;811,656;751,9514437338108;3564,634038942542;800,2125689233574
358;346,26666666666665;805,704;751,9512236459487;2889,3609657686466;800,1986020389355
359;347,15;803,52;751,9510035580867;2659,3613940260693;800,1846351545137
360;348,03333333333336;799,032;751,9507834702247;2216,640949923593;800,1706682700919
361;348,9166666666667;796,872;751,9505633823626;2017,9354677924114;800,1567013856701
362;349,8;797,28;751,9503432945005;2054,777777038433;800,1427345012482
363;350,68333333333334;796,3439999999999;751,9501232066385;1970,816296744153;800,1287676168265
364;351,56666666666666;795,2159999999999;751,9499031187764;1871,9551393354145;800,1148007324047
365;352,45;790,824;751,9496830309143;1511,2125198129377;800,1008338479828
366;353,3333333333333;791,016;751,9494629430524;1526,1943176218597;800,086866963561
367;354,21666666666664;785,64;751,9492428551903;1135,0671169905465;800,0729000791392
368;355,1;787,32;751,9490227673282;1251,1060303941913;800,0589331947174
369;355,9833333333333;790,92;751,9488026794662;1518,7542205959767;800,0449663102955
370;356,8666666666667;796,152;751,9485825916041;1953,9421105808797;800,0309994258738
371;357,75;793,1039999999999;751,948362503742;1693,786497723389;800,017032541452
372;358,6333333333333;790,5840000000001;751,94814241588;1492,7294912604032;800,0030656570301
373;359,51666666666665;782,7599999999999;751,947922328018;949,3841304642461;799,9890987726083
374;360,4;777,12;751,9477022401559;633,6445745102537;799,9751318881865
375;361,28333333333336;772,632;751,9474821522939;427,84927859207;799,9611650037647
376;362,1666666666667;769,3919999999999;751,9472620644318;304,31888164064975;799,9471981193428
377;363,05;774,3359999999999;751,9470419765697;501,2654413749185;799,9332312349211
378;363,9333333333333;783,2159999999999;751,9468218887077;977,7614997557121;799,9192643504992
379;364,81666666666666;787,0559999999999;751,9466018008457;1232,669841906777;799,9052974660774
380;365,7;799,296;751,9463817129836;2241,9863519261658;799,8913305816556
381;366,5833333333333;812,9039999999999;751,9461616251216;3715,8580593377847;799,8773636972338
382;367,4666666666666;815,688;751,9459415372595;4063,0500170674263;799,863396812812
383;368,35;816,4799999999999;751,9457214493974;4164,673108046753;799,8494299283901
384;369,23333333333335;814,7520000000001;751,9455013615354;3944,6562712234595;799,8354630439683
385;370,1166666666667;807,384;751,9452812736733;3073,451534016763;799,8214961595465
386;371,0;802,3679999999999;751,9450611858113;2542,472758659416;799,8075292751247
387;371,8833333333333;801,024;751,9448410979493;2408,7638385327446;799,7935623907028
388;372,76666666666665;800,0400000000001;751,9446210100872;2313,1654801833542;799,7795955062811
389;373,65;801,9599999999999;751,9444009222251;2501,5601511087098;799,7656286218593
390;374,53333333333336;805,008;751,9441808343631;2815,7689044434155;799,7516617374374
391;375,4166666666667;807,096;751,943960746501;3041,747433819491;799,7376948530156
392;376,3;810,552;751,943740658639;3434,928063024238;799,7237279685938
393;377,1833333333333;813,384;751,943520570777;3774,9325124927805;799,709761084172
394;378,06666666666666;804,6239999999999;751,9433004829149;2775,2561016094032;799,6957941997501
395;378,95;776,688;751,9430803950528;612,3110462553003;799,6818273153284
396;379,8333333333333;720,72;751,9428603071908;974,8670057623499;799,6678604309066
397;380,7166666666666;652,3679999999999;751,9426402193287;9915,108974808769;799,6538935464847
398;381,6;572,928;751,9424201314666;32046,162615005247;799,6399266620629
399;382,48333333333335;504,072;751,9422000436047;61439,63606965659;799,6259597776411
400;383,3666666666667;453,624;751,9419799557426;88993,61716487481;799,6119928932193
401;384,25;431,136;751,9417598678805;102916,33556440817;799,5980260087974
402;385,1333333333333;440,73599999999993;751,9415397800185;96848,88798977272;799,5840591243757
403;386,01666666666665;446,112;751,9413196921564;93531,5727833672;799,5700922399539
404;386,9;462,816;751,9410996042943;83593,32322119313;799,556125355532
405;387,78333333333336;507,216;751,9408795164323;59890,26665433232;799,5421584711102
406;388,6666666666667;568,896;751,9406594285703;33505,34734532129;799,5281915866884
407;389,55;622,3919999999999;751,9404393407082;16782,79813561316;799,5142247022666
408;390,4333333333333;697,8;751,9402192528462;2931,1633407462623;799,5002578178447
409;391,31666666666666;761,256;751,9399991649841;86,78787155801639;799,4862909334229
410;392,2;795,144;751,939779077122;1866,6047055528486;799,4723240490011
411;393,0833333333333;805,032;751,93955898926;2818,807292478907;799,4583571645793
412;393,9666666666666;804,2159999999999;751,939338901398;2732,849295618082;799,4443902801574
413;394,85;792,7679999999999;751,9391188135359;1666,9975389383987;799,4304233957357
414;395,73333333333335;783,984;751,9388987256739;1026,8885156818199;799,4164565113139
415;396,6166666666667;781,7520000000001;751,9386786378118;888,8341306451118;799,402489626892
416;397,5;784,7280000000001;751,9384585499497;1075,154028504571;799,3885227424702
417;398,3833333333333;785,52;751,9382384620877;1127,7347079892031;799,3745558580484
418;399,26666666666665;793,152;751,9380183742256;1698,5922814496705;799,3605889736266
419;400,15;798,9359999999999;751,9377982863635;2208,830964315653;799,3466220892047
420;401,03333333333336;803,088;751,9375781985016;2616,3656504712026;799,332655204783
421;401,9166666666667;802,6080000000001;751,9373581106395;2567,513949479823;799,3186883203612
422;402,8;805,632;751,9371380227774;2883,1382027529808;799,3047214359393
423;403,6833333333333;803,568;751,9369179349154;2665,7686352114974;799,2907545515175
424;404,56666666666666;805,176;751,9366978470533;2834,4232937327574;799,2767876670957
425;405,45;802,296;751,9364777591912;2536,0814803225176;799,2628207826739
426;406,3333333333333;806,952;751,9362576713293;3026,7319039746935;799,248853898252
427;407,2166666666666;807,288;751,9360375834672;3063,8397433612645;799,2348870138303
428;408,1;807,7679999999999;751,9358174956052;3117,23260320404;799,2209201294085
429;408,98333333333335;808,152;751,9355974077431;3160,283920414713;799,2069532449866
430;409,8666666666667;808,1039999999999;751,935377319881;3154,914173781569;799,1929863605648
431;410,75;805,3679999999999;751,935157232019;2855,068686267769;799,179019476143
432;411,6333333333333;806,592;751,934937144157;2987,3945200275766;799,1650525917212
433;412,51666666666665;806,856;751,9347170562949;3016,347320182517;799,1510857072993
434;413,4;807,0;751,9344969684329;3032,2096241195277;799,1371188228776
435;414,28333333333336;809,304;751,9342768805708;3291,285130799967;799,1231519384557
436;415,1666666666667;810,6239999999999;751,9340567927087;3444,509433675067;799,1091850540339
437;416,05;812,16;751,9338367048467;3627,1907452544638;799,095218169612
438;416,9333333333333;810,552;751,9336166169846;3436,114870438174;799,0812512851903
439;417,81666666666666;808,536;751,9333965291225;3203,854719681382;799,0672844007685
440;418,7;807,744;751,9331764412606;3114,8480263047472;799,0533175163466
441;419,5833333333333;808,032;751,9329563533985;3147,1026980633064;799,0393506319249
442;420,4666666666666;808,008;751,9327362655364;3144,4352028896537;799,025383747503
443;421,35;814,296;751,9325161776744;3889,204114457471;799,0114168630812
444;422,23333333333335;816,9599999999999;751,9322960898123;4228,602275831027;798,9974499786593
445;423,1166666666667;830,448;751,9320760019502;6164,750321267524;798,9834830942376
446;424,0;830,544;751,9318559140883;6179,869197784145;798,9695162098158
447;424,8833333333333;831,0;751,9316358262262;6251,806213116521;798,9555493253939
448;425,76666666666665;827,52;751,9314157383641;5713,63407067843;798,9415824409721
449;426,65;827,6159999999999;751,9311956505021;5728,189609421756;798,9276155565503
450;427,53333333333336;816,5039999999999;751,93097556264;4169,675484987878;798,9136486721285
451;428,4166666666667;820,3679999999999;751,9307554747779;4683,65643820503;798,8996817877066
452;429,3;822,456;751,930535386916;4973,841158891373;798,8857149032849
453;430,1833333333333;825,264;751,9303152990539;5377,8293118177835;798,8717480188631
454;431,06666666666666;828,864;751,9300952111918;5918,825706053415;798,8577811344412
455;431,95;832,176;751,9298751233298;6439,440557722156;798,8438142500194
456;432,8333333333333;829,824;751,9296550354677;6067,528977453551;798,8298473655976
457;433,7166666666666;828,456;751,9294349476056;5856,315158718352;798,8158804811758
458;434,6;827,0400000000001;751,9292148597436;5641,630044385767;798,8019135967539
459;435,48333333333335;827,1840000000001;751,9289947718815;5663,315811884148;798,7879467123322
460;436,3666666666667;825,9599999999999;751,9287746840195;5480,622321785467;798,7739798279104
461;437,25;828,4799999999999;751,9285545961575;5860,123793417467;798,7600129434885
462;438,1333333333333;829,4159999999999;751,9283345082954;6004,3383033543;798,7460460590667
463;439,01666666666665;832,7520000000001;751,9281144204333;6532,5004801789;798,7320791746449
464;439,9;830,376;751,9278943325713;6154,105282808051;798,7181122902231
465;440,78333333333336;839,064;751,9276742447092;7592,739266132142;798,7041454058012
466;441,6666666666667;825,9359999999999;751,9274541568471;5477,264857818046;798,6901785213795
467;442,55;793,872;751,9272340689852;1759,3633890076187;798,6762116369576
468;443,4333333333333;741,9119999999999;751,9270139811231;100,30050504209238;798,6622447525358
469;444,31666666666666;673,776;751,926793893261;6107,546586146967;798,648277868114
470;445,2;593,064;751,926573805399;25237,317356075862;798,6343109836922
471;446,0833333333333;531,9359999999999;751,9263537175369;48395,75572876705;798,6203440992704
472;446,9666666666666;482,784;751,9261336296748;72437,48809473375;798,6063772148485
473;447,85;462,12;751,9259135418129;83987,4675238047;798,5924103304267
474;448,73333333333335;463,15199999999993;751,9256934539508;83390,24603103637;798,5784434460049
475;449,6166666666667;458,088;751,9254733660887;86340,46075416687;798,5644765615831
