;L, μμ;hn58,nacro+tib2,53,800;Result;fail;Predict
0;10,6;396,072;474,3430264877237;6126,353587441946;498,6249944003973
1;11,483333333333333;357,31199999999995;474,6354160490881;13764,783953427439;498,92905696142526
2;12,366666666666667;356,856;474,92780561045254;13940,951280112493;499,23311952245325
3;13,25;382,176;475,22019517181695;8657,222255171167;499,53718208348124
4;14,133333333333333;374,52;475,5125847331814;10199,502171088834;499,84124464450923
5;15,016666666666667;386,832;475,80497429454584;7916,190154817917;500,14530720553716
6;15,9;389,256;476,09736385591026;7541,422476354602;500,44936976656516
7;16,783333333333335;389,304;476,3897534172747;7583,928448254373;500,75343232759315
8;17,666666666666668;392,73599999999993;476,6821429786391;7046,954920990129;501,0574948886211
9;18,55;395,832;476,97453254000357;6584,110587005539;501,36155744964907
10;19,433333333333334;377,88;477,266922101368;9877,760284783388;501,66562001067706
11;20,316666666666663;387,312;477,5593116627324;8144,577262350353;501,96968257170505
12;21,2;382,752;477,8517012240968;9043,95317291248;502,273745132733
13;22,08333333333333;375,984;478,1440907854613;10436,684149293696;502,577807693761
14;22,966666666666665;387,096;478,4364803468257;8343,083349988852;502,88187025478896
15;23,85;391,752;478,7288699081901;7564,975899026226;503,1859328158169
16;24,73333333333333;391,104;479,02125946955454;7729,444512636979;503,4899953768449
17;25,616666666666667;408,096;479,313649030919;5071,953533491159;503,7940579378729
18;26,5;410,568;479,6060385922834;4766,250772669618;504,09812049890087
19;27,383333333333333;404,664;479,89842815364784;5660,219179606401;504,4021830599288
20;28,266666666666666;413,712;480,19081771501226;4419,433204785829;504,7062456209568
21;29,15;409,512;480,4832072763767;5036,912262266422;505,0103081819848
22;30,03333333333333;401,496;480,77559683774115;6285,254474754779;505,3143707430127
23;30,916666666666668;409,608;481,06798639910556;5106,529656160352;505,6184333040407
24;31,8;405,264;481,36037596047;5790,658434317192;505,9224958650687
25;32,68333333333333;401,4;481,6527655218344;6440,506373902535;506,2265584260967
26;33,56666666666667;408,84;481,94515508319887;5344,363699738561;506,5306209871246
27;34,45;408,0;482,2375446445633;5511,2130348535275;506,8346835481526
28;35,333333333333336;402,816;482,5299342059277;6354,311306586975;507,1387461091806
29;36,21666666666667;408,0;482,8223237672921;5598,380133937487;507,4428086702086
30;37,1;411,312;483,11471332865653;5155,629641357229;507,7468712312365
31;37,98333333333333;408,6;483,407102890021;5596,102642798186;508,0509337922645
32;38,86666666666667;421,896;483,6994924513854;3819,6716791884533;508,3549963532925
33;39,75;414,144;483,99188201274984;4878,726621667022;508,65905891432044
34;40,63333333333333;413,424;484,28427157411426;5021,1780875572285;508,96312147534843
35;41,516666666666666;417,624;484,57666113547873;4482,658833122241;509,2671840363764
36;42,4;418,104;484,86905069684315;4457,571994552038;509,5712465974044
37;43,28333333333333;404,52;485,16144025820756;6503,041886918062;509,87530915843234
38;44,16666666666666;415,848;485,453829819572;4844,971544871214;510,17937171946033
39;45,05;417,192;485,7462193809364;4699,680994929554;510,4834342804883
40;45,93333333333333;418,032;486,03860894230087;4624,898859831039;510,78749684151626
41;46,81666666666667;424,848;486,3309985036653;3780,159105001706;511,09155940254425
42;47,7;432,912;486,6233880650297;2884,9132078722173;511,39562196357224
43;48,583333333333336;436,032;486,9157776263941;2589,158825532328;511,69968452460023
44;49,46666666666667;440,832;487,2081671877586;2150,748883026937;512,0037470856282
45;50,35;439,848;487,500556749123;2270,766164728387;512,3078096466562
46;51,23333333333333;440,904;487,7929463104874;2198,5732861077727;512,6118722076841
47;52,11666666666667;441,624;488,08533587185184;2158,6557309970244;512,9159347687121
48;53,0;443,808;488,37772543321626;1986,4604251922847;513,2199973297401
49;53,88333333333333;448,272;488,67011499458073;1632,007695115369;513,5240598907681
50;54,766666666666666;451,752;488,96250455594515;1384,6216493080137;513,828122451796
51;55,65;454,608;489,25489411730956;1200,4072719760595;514,132185012824
52;56,53333333333333;459,408;489,547283678674;908,3764206635827;514,436247573852
53;57,41666666666666;457,608;489,83967324003845;1038,8807598526105;514,7403101348799
54;58,3;455,4;490,13206280140287;1206,3161864405943;515,0443726959079
55;59,18333333333333;456,504;490,4244523627673;1150,5970884947633;515,3484352569359
56;60,06666666666667;459,264;490,7168419241317;989,2812651044161;515,6524978179639
57;60,95;460,224;491,0092314854961;947,730477615582;515,9565603789919
58;61,833333333333336;434,904;491,3016210468606;3180,691659745293;516,2606229400199
59;62,71666666666667;405,84;491,594010608225;7353,750335395571;516,5646855010478
60;63,6;422,88;491,8864001695894;4761,883264365511;516,8687480620757
61;64,48333333333333;415,824;492,17878973095384;5830,053914858172;517,1728106231037
62;65,36666666666666;436,368;492,4711792923183;3147,566726706015;517,4768731841317
63;66,25;495,336;492,7635688536827;6,617402002543263;517,7809357451597
64;67,13333333333334;500,16;493,05595841504714;50,46740684073985;518,0849983061877
65;68,01666666666667;478,464;493,34834797641156;221,54381468290694;518,3890608672157
66;68,9;482,64;493,640737537776;121,01622637503375;518,6931234282437
67;69,78333333333333;454,272;493,93312709914045;1573,0050027741736;518,9971859892715
68;70,66666666666667;420,216;494,22551666050487;5477,408556321546;519,3012485502995
69;71,55;445,488;494,5179062218693;2403,931704125296;519,6053111113275
70;72,43333333333334;447,504;494,8102957832337;2237,8856207307927;519,9093736723555
71;73,31666666666666;447,24;495,10268534459817;2290,8366483960117;520,2134362333835
72;74,2;453,144;495,3950749059626;1785,1533307092611;520,5174987944115
73;75,08333333333333;452,688;495,687464467327;1848,9539444769187;520,8215613554395
74;75,96666666666667;451,152;495,9798540286914;2009,5364968176668;521,1256239164675
75;76,85;454,104;496,27224359005584;1778,1607674702864;521,4296864774954
76;77,73333333333333;452,64;496,5646331514203;1929,3733974868533;521,7337490385233
77;78,61666666666666;451,08;496,8570227127847;2095,5358084468103;522,0378115995513
78;79,5;450,552;497,14941227414914;2171,3188306470233;522,3418741605793
79;80,38333333333334;449,76;497,44180183551356;2273,554226281185;522,6459367216073
80;81,26666666666667;455,592;497,73419139687803;1775,964295731102;522,9499992826353
81;82,15;463,848;498,02658095824245;1168,1753963191325;523,2540618436633
82;83,03333333333333;465,696;498,31897051960686;1064,258205523137;523,5581244046912
83;83,91666666666667;471,408;498,6113600809713;740,022799694981;523,8621869657192
84;84,8;474,624;498,9037496423357;589,5062426944993;524,1662495267472
85;85,68333333333334;469,848;499,19613920370017;861,313274719762;524,4703120877751
86;86,56666666666666;465,792;499,4885287650646;1135,456050814827;524,7743746488031
87;87,45;463,584;499,780918326429;1310,2168963301715;525,0784372098311
88;88,33333333333333;462,192;500,0733078877934;1434,9934872897993;525,3824997708591
89;89,21666666666667;465,912;500,3656974491579;1187,0572679181105;525,686562331887
90;90,1;466,2;500,6580870105223;1187,359760424727;525,990624892915
91;90,98333333333332;463,22399999999993;500,9504765718867;1423,287034529123;526,294687453943
92;91,86666666666666;467,976;501,24286613325114;1106,6843823276517;526,598750014971
93;92,75;469,368;501,53525569461556;1034,7323389227772;526,902812575999
94;93,63333333333334;476,088;501,82764525598003;662,5293379036941;527,2068751370269
95;94,51666666666668;480,36;502,12003481734445;473,499115252042;527,5109376980549
96;95,4;481,0079999999999;502,41242437870886;458,14938298386954;527,8150002590828
97;96,28333333333332;481,872;502,7048139400733;434,00613666171097;528,1190628201108
98;97,16666666666669;459,456;502,99720350143775;1895,8364023536137;528,4231253811388
99;98,05;449,016;503,28959306280217;2945,6229039466457;528,7271879421668
100;98,93333333333334;453,84;503,5819826241666;2474,264835382893;529,0312505031948
101;99,81666666666666;455,592;503,874372185531;2331,1874638621393;529,3353130642228
102;100,7;451,464;504,1667617468955;2777,581095750029;529,6393756252508
103;101,58333333333331;478,584;504,4591513082599;669,5234552253434;529,9434381862786
104;102,46666666666668;487,0079999999999;504,7515408696243;314,8332425920308;530,2475007473066
105;103,35;461,448;505,0439304309887;1900,6051501436104;530,5515633083346
106;104,23333333333332;468,192;505,33631999235314;1379,7005076943246;530,8556258693626
107;105,11666666666666;471,216;505,6287095537176;1184,234578828527;531,1596884303906
108;106,0;470,256;505,92109911508203;1271,999294888627;531,4637509914186
109;106,88333333333334;466,56;506,21348867644645;1572,3991642130663;531,7678135524466
110;107,76666666666668;489,048;506,50587823781086;304,77751256623003;532,0718761134744
111;108,65;485,688;506,79826779917533;445,64340655289953;532,3759386745024
112;109,53333333333332;490,368;507,09065736053975;279,6472691980145;532,6800012355304
113;110,41666666666669;488,88;507,38304692190417;342,36274539418747;532,9840637965584
114;111,3;492,72;507,6754364832686;223,66508040508018;533,2881263575864
115;112,18333333333334;498,216;507,96782604463306;95,09811120478345;533,5921889186144
116;113,06666666666666;499,824;508,2602156059975;71,16973375087511;533,8962514796424
117;113,95;500,28;508,5526051673619;68,43599625506309;534,2003140406703
118;114,83333333333331;508,44;508,8449947287263;0,16402073029609585;534,5043766016983
119;115,71666666666668;505,728;509,1373842900907;11,623901237517359;534,8084391627262
120;116,6;507,528;509,42977385145514;3,6167437820784345;535,1125017237542
121;117,48333333333332;510,576;509,7221634128196;0,7290369176078905;535,4165642847822
122;118,36666666666666;511,872;510,014552974184;3,450109453712653;535,7206268458102
123;119,25;515,208;510,30694253554844;24,02036426985602;536,0246894068382
124;120,13333333333334;501,576;510,5993320969129;81,42052213117847;536,3287519678661
125;121,01666666666668;497,856;510,89172165827733;169,9300391520809;536,6328145288941
126;121,9;499,104;511,18411121964175;145,92908707891485;536,9368770899221
127;122,78333333333332;498,84;511,47650078100617;159,6811519883701;537,24093965095
128;123,66666666666669;494,856;511,7688903423706;286,0458597330523;537,545002211978
129;124,55;515,04;512,061279903735;8,872773411892762;537,849064773006
130;125,43333333333334;516,72;512,3536694650994;19,064842340005466;538,153127334034
131;126,31666666666666;508,92;512,646059026464;13,883515868693323;538,4571898950619
132;127,2;481,584;512,9384485878284;983,1014462467717;538,7612524560899
133;128,08333333333334;457,944;513,2308381491928;3056,634472535036;539,0653150171179
134;128,96666666666667;451,176;513,5232277105572;3887,1768031920724;539,3693775781459
135;129,85;420,168;513,8156172719216;8769,87622070831;539,6734401391739
136;130,73333333333332;410,208;514,108006833286;10795,211419956877;539,9775027002019
137;131,61666666666667;415,848;514,4003963946504;9712,574835128307;540,2815652612298
138;132,5;429,528;514,6927859560149;7253,040766933822;540,5856278222578
139;133,38333333333333;428,976;514,9851755173793;7397,578273179354;540,8896903832857
140;140,45;456,624;517,3242920082947;3684,525449892245;543,3221908715095
141;141,33333333333334;478,464;517,6166815696591;1532,9324740951263;543,6262534325375
142;142,21666666666667;499,392;517,9090711310237;342,88192327139024;543,9303159935655
143;143,1;505,704;518,2014606923881;156,186523757785;544,2343785545935
144;143,98333333333332;511,056;518,4938502537525;55,32161639724635;544,5384411156215
145;144,86666666666667;513,36;518,7862398151169;29,4440785311599;544,8425036766495
146;145,75;511,32;519,0786293764813;60,19632980159919;545,1465662376773
147;146,63333333333333;516,504;519,3710189378457;8,219797589966047;545,4506287987053
148;147,51666666666668;523,92;519,6634084992102;18,118571204595924;545,7546913597333
149;148,4;523,584;519,9557980605746;13,163849313249992;546,0587539207613
150;149,28333333333333;528,96;520,248187621939;75,89567491053756;546,3628164817893
151;150,16666666666666;529,56;520,5405771833034;81,34998794634602;546,6668790428173
152;151,05;526,944;520,8329667446679;37,344727447773835;546,9709416038453
153;151,93333333333334;524,856;521,1253563060324;13,917702371340487;547,2750041648733
154;152,81666666666666;528,36;521,4177458673968;48,19489244164674;547,5790667259012
155;153,7;526,824;521,7101354287612;26,15161085297103;547,8831292869291
156;154,58333333333334;530,856;522,0025249901256;78,38401975047027;548,1871918479571
157;155,46666666666667;534,192;522,29491455149;141,540642169148;548,4912544089851
158;156,35;533,544;522,5873041128544;120,04918476339205;548,7953169700131
159;157,23333333333332;537,8399999999999;522,8796936742189;223,81076536120486;549,0993795310411
160;158,11666666666667;540,576;523,1720832355834;302,89631874274244;549,4034420920691
161;159,0;540,816;523,4644727969478;301,0754962782615;549,707504653097
162;159,88333333333333;543,504;523,7568623583122;389,9494450397632;550,011567214125
163;160,76666666666668;544,512;524,0492519196766;418,72405899877526;550,315629775153
164;161,65;542,208;524,341641481041;319,20676672797595;550,619692336181
165;162,53333333333333;543,8399999999999;524,6340310424055;368,86924360008163;550,9237548972089
166;163,41666666666666;540,4079999999999;524,9264206037699;239,6793006017738;551,2278174582369
167;164,3;540,5519999999999;525,2188101651343;235,10671051202598;551,5318800192649
168;165,18333333333334;543,6959999999999;525,5111997264987;330,68696098712917;551,8359425802928
169;166,06666666666666;542,136;525,8035892878632;266,7476396699183;552,1400051413208
170;166,95;542,424;526,0959788492277;266,60427470006806;552,4440677023488
171;167,83333333333334;549,12;526,3883684105921;516,7270747165683;552,7481302633768
172;168,71666666666667;548,448;526,6807579719565;473,8128255074226;553,0521928244048
173;169,6;551,208;526,9731475333209;587,3280740817;553,3562553854327
174;170,48333333333332;552,576;527,2655370946853;640,6195324813111;553,6603179464607
175;171,36666666666667;552,9119999999999;527,5579266560497;642,8290351304049;553,9643805074886
176;172,25;553,4159999999999;527,8503162174142;653,6041872711695;554,2684430685166
177;173,13333333333333;555,024;528,1427057787786;722,6039790078723;554,5725056295446
178;174,01666666666668;560,16;528,4350953401431;1006,4695756770076;554,8765681905726
179;174,9;566,088;528,7274849015075;1395,8080884246817;555,1806307516006
180;175,78333333333333;564,24;529,0198744628719;1240,4572428510608;555,4846933126286
181;176,66666666666666;565,032;529,3122640242364;1275,8995381782663;555,7887558736566
182;177,55;570,3359999999999;529,6046535856008;1659,0425807297845;556,0928184346844
183;178,43333333333334;562,824;529,8970431469652;1084,1844876016132;556,3968809957124
184;179,31666666666666;558,6;530,1894327083296;807,1603338345329;556,7009435567404
185;180,2;561,528;530,481822269694;963,8651516617482;557,0050061177684
186;181,0833333333333;556,248;530,7742118310584;648,9138836761095;557,3090686787964
187;181,96666666666667;555,72;531,066601392423;607,7900629040826;557,6131312398244
188;182,85;562,968;531,3589909537874;999,1294528835485;557,9171938008524
189;183,7333333333333;565,248;531,6513805151518;1128,7328408096848;558,2212563618803
190;184,61666666666667;567,12;531,9437700765162;1237,3671516297964;558,5253189229082
191;185,5;572,04;532,2361596378806;1584,34570757308;558,8293814839362
192;186,38333333333333;568,56;532,528549199245;1298,2654468072208;559,1334440449642
193;187,26666666666668;569,16;532,8209387606095;1320,5273717601733;559,4375066059922
194;188,15;568,608;533,1133283219739;1259,8717175308657;559,7415691670202
195;189,03333333333333;567,8399999999999;533,4057178833384;1185,7197848898345;560,0456317280482
196;189,91666666666663;573,9839999999999;533,6981074447028;1622,953138976942;560,3496942890761
197;190,8;566,568;533,9904970060672;1061,2937013196965;560,6537568501041
198;191,6833333333333;537,792;534,2828865674317;12,313877082631766;560,957819411132
199;192,56666666666663;496,872;534,5752761287961;1421,537030844243;561,26188197216
200;193,45;469,872;534,8676656901605;4224,436558507104;561,565944533188
201;194,3333333333333;464,616;535,1600552515249;4976,463731330201;561,870007094216
202;195,21666666666667;425,16;535,4524448128893;12164,423382804232;562,174069655244
203;196,1;420,528;535,7448343742537;13274,918923224213;562,4781322162719
204;196,9833333333333;452,232;536,0372239356182;7023,315558899102;562,7821947772999
205;197,86666666666667;470,184;536,3296134969827;4375,242184892215;563,0862573383279
206;198,75;464,328;536,6220030583471;5226,422878200304;563,3903198993559
207;199,63333333333333;511,368;536,9143926197115;652,6181758804515;563,6943824603838
208;200,51666666666668;542,16;537,2067821810759;24,534366761706536;563,9984450214118
209;201,4;550,8;537,4991717424404;176,91203233709598;564,3025075824398
210;205,81666666666663;560,112;538,9611195492625;447,35974384138626;565,8228203875797
211;206,7;567,792;539,253509110627;814,4454622428294;566,1268829486077
212;207,5833333333333;569,016;539,5458986719914;868,4868722830931;566,4309455096356
213;208,46666666666667;569,664;539,8382882333558;889,5730823869377;566,7350080706635
214;209,35;575,52;540,1306777947202;1252,4041261491077;567,0390706316915
215;210,2333333333333;582,648;540,4230673560846;1782,944936783192;567,3431331927195
216;211,11666666666667;581,976;540,715456917449;1702,4324154670433;567,6471957537475
217;212,0;585,432;541,0078464788135;1973,5054160739517;567,9512583147755
218;212,88333333333333;592,248;541,3002360401779;2595,6746525057547;568,2553208758035
219;213,76666666666668;575,136;541,5926256015424;1125,157966035098;568,5593834368315
220;214,65;571,584;541,8850151629068;882,0297003538872;568,8634459978593
221;215,53333333333333;577,0799999999999;542,1774047242712;1218,1911569813183;569,1675085588873
222;216,41666666666663;583,4399999999999;542,4697942856357;1678,5577562773278;569,4715711199153
223;217,3;581,4;542,7621838470001;1492,8808370730203;569,7756336809433
224;218,1833333333333;603,9839999999999;543,0545734083645;3712,395024785491;570,0796962419713
225;219,06666666666663;606,528;543,3469629697289;3991,84344022049;570,3837588029993
226;219,95;567,9119999999999;543,6393525310933;589,1614151498179;570,6878213640273
227;220,8333333333333;567,744;543,9317420924577;567,0236266553103;570,9918839250552
228;221,71666666666667;566,232;544,2241316538223;484,34626914269046;571,2959464860832
229;222,6;561,36;544,5165212151867;283,70277757445666;571,6000090471111
230;223,4833333333333;562,896;544,8089107765511;327,1427965769998;571,9040716081391
231;224,36666666666667;599,376;545,1013003379155;2945,743023409471;572,2081341691671
232;225,25;596,544;545,3936898992799;2616,3542233998232;572,5121967301951
233;226,13333333333333;601,512;545,6860794606444;3116,5334040664447;572,8162592912231
234;227,01666666666668;603,576;545,9784690220088;3317,4755747606623;573,1203218522511
235;227,9;622,2719999999999;546,2708585833732;5776,173496630098;573,4243844132791
236;228,78333333333333;629,112;546,5632481447376;6814,296432861682;573,728446974307
237;229,66666666666663;618,6;546,855637706102;5147,253520958094;574,032509535335
238;230,55;617,28;547,1480272674665;4918,493599356812;574,3365720963629
239;231,4333333333333;618,3359999999999;547,440416828831;5026,183713180132;574,6406346573909
240;232,31666666666663;593,304;547,7328063901954;2076,7336870222953;574,9446972184189
241;233,2;588,168;548,0251959515598;1611,4447168714678;575,2487597794469
242;234,0833333333333;602,424;548,3175855129242;2927,5040886472425;575,5528223404748
243;234,96666666666667;604,632;548,6099750742886;3138,4672767770207;575,8568849015028
244;235,85;603,456;548,902364635653;2976,0991314661287;576,1609474625308
245;236,7333333333333;609,4079999999999;549,1947541970175;3625,6349701303825;576,4650100235588
246;237,61666666666667;611,52;549,487143758382;3848,0752534932444;576,7690725845868
247;238,5;599,616;549,7795333197464;2483,673411172025;577,0731351456147
248;239,38333333333333;602,208;550,0719228811108;2718,1705373467566;577,3771977066427
249;240,26666666666668;603,264;550,3643124424752;2798,376943683741;577,6812602676707
250;241,15;607,032;550,6567020038397;3178,174224155885;577,9853228286986
251;242,03333333333333;608,616;550,9490915652041;3325,4723284271363;578,2893853897266
252;242,91666666666663;619,944;551,2414811265685;4720,036099554208;578,5934479507546
253;243,8;622,128;551,5338706879329;4983,5310933288565;578,8975105117826
254;244,6833333333333;618,7919999999999;551,8262602492973;4484,41030035883;579,2015730728106
255;245,56666666666663;617,712;552,1186498106617;4302,48758906116;579,5056356338384
256;246,45;655,536;552,4110393720263;10634,757504521122;579,8096981948665
257;247,3333333333333;658,128;552,7034289333907;11114,340184578567;580,1137607558944
258;248,21666666666667;655,0799999999999;552,9958184947551;10421,18011359577;580,4178233169224
259;249,1;667,632;553,2882080561195;13074,502756105416;580,7218858779504
260;249,9833333333333;670,4879999999999;553,5805976174839;13667,34073182751;581,0259484389784
261;250,86666666666667;628,128;553,8729871788483;5513,806929069403;581,3300110000064
262;251,75;627,432;554,1653767402128;5367,998083891598;581,6340735610344
263;252,63333333333333;629,64;554,4577663015773;5652,368263884245;581,9381361220624
264;253,51666666666668;622,128;554,7501558629417;4539,7738805577255;582,2421986830902
265;254,4;634,152;555,0425454243061;6258,305803263779;582,5462612441182
266;255,28333333333333;615,264;555,3349349856705;3591,492833491728;582,8503238051462
267;256,1666666666667;568,632;555,627324547035;169,12158363695013;583,1543863661742
268;257,05;571,656;555,9197141083994;247,63069366218724;583,4584489272022
269;257,93333333333334;568,32;556,2121036697638;146,60115354374864;583,7625114882302
270;258,81666666666666;557,064;556,5044932311282;0,31304782441331297;584,0665740492582
271;259,7;530,52;556,7968827924926;690,474569290396;584,370636610286
272;260,5833333333333;545,664;557,089272353857;130,5368483598103;584,674699171314
273;261,46666666666664;516,192;557,3816619152216;1696,5882486902537;584,978761732342
274;262,35;504,504;557,674051476586;2827,0543740228018;585,28282429337
275;263,2333333333333;489,24;557,9664410379504;4723,323697742872;585,586886854398
276;264,1166666666667;521,376;558,2588305993148;1360,3431930177553;585,890949415426
277;265,0;542,52;558,5512201606792;257,000019840169;586,195011976454
278;265,8833333333333;555,672;558,8436097220437;10,059108228961652;586,4990745374819
279;266,76666666666665;566,472;559,1359992834081;53,81690651383704;586,8031370985099
280;267,65;565,512;559,4283888447725;37,01032468800798;587,1071996595379
281;268,53333333333336;577,2719999999999;559,720778406137;308,04537943688007;587,4112622205658
282;269,4166666666667;579,144;560,0131679675014;365,98873425567353;587,7153247815938
283;270,3;583,776;560,3055575288658;550,8616697908157;588,0193873426218
284;271,18333333333334;581,64;560,5979470902303;442,76799065754847;588,3234499036498
285;272,06666666666666;589,2719999999999;560,8903366515947;805,5188144222102;588,6275124646777
286;272,95;585,6;561,1827262129591;596,203259191316;588,9315750257057
287;273,8333333333333;589,584;561,4751157743235;790,1093724124814;589,2356375867337
288;274,71666666666664;589,104;561,7675053356879;747,2839405319646;589,5397001477617
289;275,6;592,68;562,0598948970523;937,590836515558;589,8437627087897
290;276,4833333333333;594,168;562,3522844584168;1012,2397554229416;590,1478252698176
291;277,3666666666667;598,8;562,6446740197813;1307,2075967358746;590,4518878308456
292;278,25;593,256;562,9370635811457;919,2379055705275;590,7559503918735
293;279,1333333333333;594,36;563,2294531425101;969,1109476463737;591,0600129529015
294;280,01666666666665;592,848;563,5218427038745;860,02350175709;591,3640755139295
295;280,9;596,496;563,814232265239;1068,0979422688667;591,6681380749575
296;281,78333333333336;594,072;564,1066218266034;897,9238890746751;591,9722006359855
297;282,6666666666667;597,024;564,3990113879678;1064,3898819352314;592,2762631970135
298;283,55;594,168;564,6914009493323;868,8698915938232;592,5803257580415
299;284,43333333333334;595,0799999999999;564,9837905106967;905,7818256240234;592,8843883190693
300;285,31666666666666;588,792;565,2761800720612;552,9937868832473;593,1884508800973
301;286,2;589,704;565,5685696334256;582,5189989797608;593,4925134411253
302;287,0833333333333;589,032;565,86095919479;536,8971319967094;593,7965760021533
303;287,96666666666664;588,432;566,1533487561544;496,3383012449038;594,1006385631813
304;288,85;586,032;566,4457383175188;383,62164669463215;594,4047011242093
305;289,7333333333333;584,712;566,7381278788832;323,06007902625817;594,7087636852373
306;290,6166666666667;581,592;567,0305174402476;212,03677433797142;595,0128262462651
307;291,5;581,64;567,3229070016121;204,9791519244884;595,3168888072931
308;292,3833333333333;580,752;567,6152965629766;172,57297719230127;595,6209513683211
309;293,26666666666665;580,392;567,907686124341;155,85809294597286;595,9250139293491
310;294,15;583,1999999999999;568,2000756857054;224,99772943456344;596,2290764903771
311;295,03333333333336;585,36;568,4924652470698;284,513728641307;596,5331390514051
312;295,9166666666667;580,032;568,7848548084343;126,4982749601612;596,8372016124331
313;296,8;582,024;569,0772443697987;167,61848134814966;597,1412641734611
314;297,68333333333334;582,96;569,3696339311631;184,6980498849945;597,445326734489
315;298,56666666666666;580,848;569,6620234925275;125,12607042572547;597,749389295517
316;299,45;582,24;569,954413053892;150,93564661037854;598,0534518565449
317;300,3333333333333;587,472;570,2468026152565;296,70742494337514;598,3575144175729
318;301,21666666666664;587,52;570,5391921766209;288,34783433453316;598,6615769786009
319;302,1;589,776;570,8315817379853;358,8909832861547;598,9656395396289
320;302,9833333333333;588,8399999999999;571,1239712993497;313,85767292226205;599,2697021006568
321;303,8666666666667;589,896;571,4163608607141;341,497062718225;599,5737646616849
322;304,75;591,432;571,7087504220785;389,0065739129798;599,8778272227128
323;305,6333333333333;616,3679999999999;572,001139983443;1968,4182677287629;600,1818897837408
324;306,51666666666665;612,432;572,2935295448074;1611,096810482373;600,4859523447687
325;307,4;617,136;572,5859191061718;1984,7097076466348;600,7900149057967
326;308,28333333333336;615,9359999999999;572,8783086675363;1853,9647828817115;601,0940774668247
327;309,1666666666667;618,024;573,1706982289007;2011,8186797692968;601,3981400278527
328;310,05;588,36;573,4630877902651;221,91799338454769;601,7022025888807
329;310,93333333333334;591,5519999999999;573,7554773516296;316,7162183739585;602,0062651499086
330;311,81666666666666;594,024;574,047866912994;399,0458931097766;602,3103277109366
331;312,7;598,2719999999999;574,3402564743584;572,7283481770856;602,6143902719646
332;313,5833333333333;572,016;574,6326460357228;6,846836476264115;602,9184528329926
333;314,46666666666664;580,248;574,9250355970872;28,333950034677;603,2225153940205
334;315,35;581,328;575,2174251584518;37,33912489416198;603,5265779550485
335;316,2333333333333;578,16;575,5098147198162;7,023482019302841;603,8306405160764
336;317,1166666666667;578,352;575,8022042811806;6,501458207709651;604,1347030771044
337;318,0;587,016;576,094593842545;119,27711245609497;604,4387656381324
338;318,8833333333333;589,248;576,3869834039094;165,40574788491838;604,7428281991604
339;319,76666666666665;597,6239999999999;576,6793729652738;438,67740162377805;605,0468907601884
340;320,65;599,472;576,9717625266383;506,2606863576711;605,3509533212164
341;321,53333333333336;578,544;577,2641520880027;1,6380106778438692;605,6550158822444
342;322,4166666666667;571,1519999999999;577,5565416493671;41,01815373847864;605,9590784432723
343;323,3;509,784;577,8489312107315;4632,834860721613;606,2631410043002
344;324,18333333333334;461,376;578,141320772096;13634,140135010488;606,5672035653282
345;325,06666666666666;448,968;578,4337103334605;16761,370152147483;606,8712661263562
346;325,95;457,416;578,7260998948249;14716,14033649239;607,1753286873842
347;326,8333333333333;431,592;579,0184894561893;21734,569793375897;607,4793912484122
348;327,71666666666664;436,752;579,3108790175537;20323,03398674151;607,7834538094402
349;328,6;453,984;579,6032685789181;15780,200638302369;608,0875163704682
350;329,4833333333333;450,384;579,8956581402825;16773,26959424541;608,391578931496
351;330,3666666666667;448,272;580,188047701647;17401,843641223197;608,695641492524
352;331,25;494,112;580,4804372630115;7459,506955254747;608,999704053552
353;332,1333333333333;544,32;580,7728268243759;1328,8085834879353;609,30376661458
354;333,01666666666665;567,216;581,0652163857403;191,8007944990578;609,607829175608
355;333,9;582,216;581,3576059471047;0,7368403500459814;609,911891736636
356;334,78333333333336;603,9839999999999;581,6499955084691;498,8077566277169;610,215954297664
357;335,6666666666667;607,632;581,9423850698336;659,9563152602277;610,5200168586919
358;336,55;615,6719999999999;582,234774631198;1118,0480403640515;610,8240794197199
359;337,43333333333334;624,528;582,5271641925624;1764,0702085233345;611,1281419807478
360;338,31666666666666;627,24;582,8195537539268;1973,1760447002785;611,4322045417758
361;339,2;625,0799999999999;583,1119433152912;1761,3177818909226;611,7362671028038
362;340,0833333333333;631,32;583,4043328766558;2295,911155875137;612,0403296638318
363;340,96666666666664;630,432;583,6967224380202;2184,1861687952965;612,3443922248598
364;341,85;633,5039999999999;583,9891119993846;2451,7241337134783;612,6484547858877
365;342,7333333333333;639,168;584,281501560749;3012,5277109219023;612,9525173469157
366;343,6166666666667;639,384;584,5738911221134;3004,1480352057824;613,2565799079437
367;344,5;644,0400000000001;584,8662806834778;3501,529057750557;613,5606424689717
368;345,3833333333333;603,0;585,1586702448423;318,3130474322771;613,8647050299996
369;346,26666666666665;598,752;585,4510598062067;176,91501003886563;614,1687675910276
370;347,15;600,648;585,7434493675712;222,1456295546344;614,4728301520556
371;348,03333333333336;600,456;586,0358389289356;207,94104531544116;614,7768927130835
372;348,9166666666667;601,536;586,3282284903;231,27631429124028;615,0809552741115
373;349,8;651,744;586,6206180516645;4241,0548763888;615,3850178351395
374;350,68333333333334;653,3280000000001;586,9130076130289;4410,951213761446;615,6890803961675
375;351,56666666666666;652,4159999999999;587,2053971743933;4252,422720879019;615,9931429571955
376;352,45;655,128;587,4977867357577;4573,845746166901;616,2972055182234
377;353,3333333333333;653,208;587,7901762971221;4279,491658020807;616,6012680792514
378;354,21666666666664;655,128;588,0825658584865;4495,090239224025;616,9053306402793
379;355,1;656,112;588,3749554198511;4588,30720845308;617,2093932013073
380;355,9833333333333;654,84;588,6673449812154;4378,820272235088;617,5134557623353
381;356,8666666666667;655,0559999999999;588,9597345425799;4368,716307417736;617,8175183233633
382;357,75;662,0400000000001;589,2521241039443;5298,074877459616;618,1215808843913
383;358,6333333333333;656,952;589,5445136653087;4543,76921396159;618,4256434454193
384;359,51666666666665;660,168;589,8369032266731;4946,463173339068;618,7297060064473
385;360,4;664,2719999999999;590,1292927880376;5497,141032718778;619,0337685674751
386;361,28333333333336;662,664;590,421682349402;5218,952459529905;619,3378311285031
387;362,1666666666667;660,4799999999999;590,7140719107665;4867,284722152086;619,6418936895311
388;363,05;661,3919999999999;591,0064614721309;4954,124033858134;619,9459562505591
389;363,9333333333333;658,2239999999999;591,2988510334953;4478,9755641888305;620,2500188115871
390;364,81666666666666;658,3679999999999;591,5912405948598;4459,135596651978;620,5540813726151
391;365,7;658,92;591,8836301562242;4493,874881831492;620,8581439336431
392;366,5833333333333;660,7919999999999;592,1760197175886;4708,15275011626;621,162206494671
393;367,4666666666666;662,376;592,468409278953;4887,071240421413;621,466269055699
394;368,35;662,496;592,7607988403174;4862,998280781392;621,7703316167269
395;369,23333333333335;662,448;593,0531884016818;4815,63987676607;622,0743941777549
396;370,1166666666667;663,384;593,3455779630463;4905,38056142645;622,3784567387829
397;371,0;659,112;593,6379675244107;4286,848928614522;622,6825192998109
398;371,8833333333333;663,2159999999999;593,9303570857752;4800,500314037455;622,9865818608389
399;372,76666666666665;664,704;594,2227466471396;4967,607074190087;623,2906444218668
400;373,65;664,176;594,515136208504;4852,63594417736;623,5947069828948
401;374,53333333333336;669,528;594,8075257698684;5583,149269175757;623,8987695439228
402;375,4166666666667;669,9359999999999;595,0999153312329;5600,439568550872;624,2028321049507
403;376,3;667,512;595,3923048925973;5201,25042238472;624,5068946659787
404;377,1833333333333;673,8;595,6846944539617;6102,000960550915;624,8109572270067
405;378,06666666666666;674,592;595,9770840153262;6180,305015277313;625,1150197880347
406;378,95;674,6159999999999;596,2694735766906;6138,178202598291;625,4190823490626
407;379,8333333333333;675,7919999999999;596,5618631380551;6277,414587162513;625,7231449100906
408;380,7166666666666;676,008;596,8542526994195;6265,315711724164;626,0272074711186
409;381,6;673,656;597,1466422607839;5853,68182166734;626,3312700321466
410;382,48333333333335;675,84;597,4390318221483;6146,711811224519;626,6353325931746
411;383,3666666666667;675,264;597,7314213835127;6011,300746921782;626,9393951542025
412;384,25;678,888;598,0238109448771;6539,017071542657;627,2434577152305
413;385,1333333333333;676,008;598,3162005062416;6036,01570857837;627,5475202762584
414;386,01666666666665;675,888;598,608590067606;5972,107199499006;627,8515828372864
415;386,9;675,4799999999999;598,9009796289704;5864,346360986553;628,1556453983144
416;387,78333333333336;652,872;599,1933691903349;2881,3954056003204;628,4597079593424
417;388,6666666666667;615,6;599,4857587516993;259,6687710084353;628,7637705203704
418;389,55;571,0799999999999;599,7781483130638;823,5837165986081;629,0678330813984
419;390,4333333333333;525,864;600,0705378744282;5506,610263308938;629,3718956424264
420;391,31666666666666;451,8;600,3629274357926;22070,94340829257;629,6759582034542
421;392,2;444,624;600,655316997157;24345,771883867288;629,9800207644823
422;393,0833333333333;405,96;600,9477065585214;38020,20570895207;630,2840833255102
423;393,9666666666666;403,512;601,2400961198858;39096,39999519481;630,5881458865382
424;394,85;412,464;601,5324856812504;35746,89227780118;630,8922084475662
425;395,73333333333335;461,856;601,8248752426148;19591,28603668266;631,1962710085942
426;396,6166666666667;481,608;602,1172648039792;14522,482903595579;631,5003335696222
427;397,5;546,744;602,4096543653436;3098,665075921895;631,80439613065
428;398,3833333333333;590,064;602,702043926708;159,7201542934026;632,1084586916782
429;399,26666666666665;619,632;602,9944334880724;276,8086194388115;632,412521252706
430;400,15;638,64;603,2868230494369;1249,8471204978277;632,716583813734
431;401,03333333333336;645,456;603,5792126108013;1753,6653220401545;633,020646374762
432;401,9166666666667;649,7520000000001;603,8716021721657;2105,0109048403488;633,32470893579
433;402,8;653,856;604,1639917335302;2469,2956855549;633,628771496818
434;403,6833333333333;697,7520000000001;604,4563812948945;8704,072469568438;633,9328340578459
435;404,56666666666666;699,024;604,7487708562591;8887,818830104861;634,236896618874
436;405,45;704,736;605,0411604176235;9939,061039355787;634,5409591799018
437;406,3333333333333;709,7520000000001;605,3335499789879;10903,212704790618;634,8450217409298
438;407,2166666666666;711,6239999999999;605,6259395403523;11235,58882120711;635,1490843019578
439;408,1;679,2719999999999;605,9183291017167;5380,761034253642;635,4531468629858
440;408,98333333333335;681,744;606,2107186630813;5705,276589522122;635,7572094240138
441;409,8666666666667;682,848;606,5031082244457;5828,542500221097;636,0612719850418
442;410,75;683,28;606,7954977858101;5849,879078952418;636,3653345460698
443;411,6333333333333;668,376;607,0878873471745;3756,232752545426;636,6693971070977
444;412,51666666666665;663,528;607,3802769085389;3152,566808355394;636,9734596681257
445;413,4;669,024;607,6726664699033;3763,9861259211634;637,2775222291536
446;414,28333333333336;666,6719999999999;607,9650560312677;3446,5052701478576;637,5815847901816
447;415,1666666666667;667,704;608,2574455926322;3533,892830908138;637,8856473512096
448;416,05;681,12;608,5498351539966;5266,428825776111;638,1897099122376
449;416,9333333333333;681,6479999999999;608,842224715361;5300,680914797338;638,4937724732655
450;417,81666666666666;684,576;609,1346142767254;5691,402679847902;638,7978350342935
451;418,7;684,576;609,4270038380898;5647,371624142793;639,1018975953215
452;419,5833333333333;681,696;609,7193933994544;5180,631897729714;639,4059601563495
453;420,4666666666666;685,8960000000001;610,0117829608187;5758,41439564959;639,7100227173775
454;421,35;686,52;610,3041725221832;5808,8523581283325;640,0140852784054
455;422,23333333333335;685,0799999999999;610,5965620835476;5547,782523854006;640,3181478394334
456;423,1166666666667;689,064;610,888951644912;6111,338185320337;640,6222104004614
457;424,0;691,992;611,1813412062764;6530,362574675604;640,9262729614893
458;424,8833333333333;695,088;611,473730767641;6991,346019261416;641,2303355225173
459;425,76666666666665;695,424;611,7661203290054;6998,6408310466095;641,5343980835453
460;426,65;693,6;612,0585098903698;6649,014609298923;641,8384606445733
461;427,53333333333336;693,7919999999999;612,3508994517342;6632,652858512723;642,1425232056013
462;428,4166666666667;696,312;612,6432890130986;7000,4531982096305;642,4465857666293
463;429,3;694,1039999999999;612,935678574463;6588,296403039269;642,7506483276572
464;430,1833333333333;697,824;613,2280681358275;7156,4716879677135;643,0547108886851
465;431,06666666666666;696,888;613,5204576971919;6950,147109610506;643,3587734497131
466;431,95;694,2479999999999;613,8128472585563;6469,813796539367;643,6628360107411
467;432,8333333333333;696,096;614,1052368199207;6722,485246851845;643,9668985717691
468;433,7166666666666;689,832;614,3976263812851;5690,344723247864;644,2709611327971
469;434,6;690,312;614,6900159426497;5718,68447277015;644,5750236938251
470;435,48333333333335;691,32;614,9824055040141;5827,428333433587;644,8790862548531
471;436,3666666666667;693,528;615,2747950653785;6123,564082539874;645,1831488158809
472;437,25;693,552;615,5671846267429;6081,631428800998;645,4872113769089
473;438,1333333333333;701,664;615,8595741881073;7362,399488908591;645,7912739379369
474;439,01666666666665;697,4879999999999;616,1519637494717;6615,550792947237;646,0953364989649
475;439,9;703,2719999999999;616,4443533108362;7539,040229578252;646,3993990599929
476;440,78333333333336;701,448;616,7367428722007;7175,997084172125;646,7034616210209
477;441,6666666666667;700,968;617,0291324335651;7045,733488335489;647,0075241820489
478;442,55;697,44;617,3215219949295;6418,97051784897;647,3115867430768
479;443,4333333333333;697,0559999999999;617,6139115562939;6311,045416297604;647,6156493041047
480;444,31666666666666;692,1840000000001;617,9063011176584;5517,176551255829;647,9197118651327
481;445,2;696,24;618,1986906790228;6090,445960532448;648,2237744261607
482;446,0833333333333;696,288;618,4910802403872;6052,360724083635;648,5278369871887
483;446,9666666666666;704,232;618,7834698017516;7301,451313040962;648,8318995482166
484;447,85;706,0559999999999;619,075859363116;7565,544865212102;649,1359621092447
485;448,73333333333335;704,1840000000001;619,3682489244804;7193,711630504511;649,4400246702726
486;449,6166666666667;705,1919999999999;619,6606384858449;7315,613802465082;649,7440872313007
487;450,5;704,376;619,9530280472094;7127,238193341666;650,0481497923286
488;451,3833333333333;700,824;620,2454176085738;6492,907940211853;650,3522123533565
489;452,26666666666665;704,064;620,5378071699382;6976,624888684658;650,6562749143845
490;453,15;709,512;620,8301967313026;7864,462230987932;650,9603374754125
491;454,03333333333336;676,6080000000001;621,122586292667;3078,6311342738977;651,2644000364405
492;454,9166666666667;618,6239999999999;621,4149758540315;7,789546217787184;651,5684625974684
493;455,8;553,464;621,7073654153959;4657,156923219243;651,8725251584965
494;456,6833333333333;497,592;621,9997549767603;15477,289498357632;652,1765877195244
495;457,56666666666666;457,848;622,2921445381248;27041,876672875685;652,4806502805524
496;458,45;413,784;622,5845340994892;43597,66304023197;652,7847128415804
497;459,3333333333333;435,48;622,8769236608537;35117,60699755181;653,0887754026083
498;460,2166666666666;459,336;623,1693132222181;26841,354521369412;653,3928379636363
499;461,1;473,04;623,4617027835825;22626,688668312425;653,6969005246642
500;461,98333333333335;488,28;623,7540923449469;18353,22969668721;654,0009630856923
501;462,8666666666667;547,1519999999999;624,0464819063113;5912,761347640051;654,3050256467202
502;463,75;573,7679999999999;624,3388714676757;2557,4130410001894;654,6090882077482
503;464,6333333333333;606,816;624,6312610290402;317,38352553283596;654,9131507687762
504;465,51666666666665;642,0719999999999;624,9236505904046;294,0658874735679;655,2172133298042
505;466,4;659,784;625,216040151769;1194,9438480689105;655,5212758908322
506;467,28333333333336;668,592;625,5084297131335;1856,1940286633626;655,8253384518601
507;468,1666666666667;654,24;625,8008192744979;808,7870003377684;656,1294010128881
508;469,05;661,032;626,0932088358624;1220,7191280112254;656,433463573916
509;469,9333333333333;660,7679999999999;626,3855983972268;1182,1495399743771;656,737526134944
510;470,81666666666666;661,296;626,6779879585912;1198,4067576991288;657,041588695972
511;471,7;645,168;626,9703775199556;331,15346392621734;657,345651257
512;472,5833333333333;666,8159999999999;627,2627670813201;1564,458234319334;657,649713818028
513;473,4666666666666;668,4719999999999;627,5551566426844;1674,1880703270876;657,9537763790559
514;474,35;673,176;627,847546204049;2054,6687235316717;658,257838940084
515;475,23333333333335;676,8;628,1399357654134;2367,801851314091;658,5619015011118
516;476,1166666666667;700,824;628,4323253267778;5240,554561993634;658,8659640621398
517;477,0;703,4879999999999;628,7247148881422;5589,548800716927;659,1700266231678
518;477,8833333333333;702,024;629,0171044495066;5330,006797920649;659,4740891841958
519;478,76666666666665;707,208;629,309494010871;6068,177235338354;659,7781517452238
520;479,65;706,296;629,6018835722355;5881,987494635509;660,0822143062517
521;480,53333333333336;716,592;629,8942731335999;7516,495843800914;660,3862768672798
522;481,4166666666667;719,712;630,1866626949643;8014,786019580415;660,6903394283077
523;482,3;721,3439999999999;630,4790522563288;8256,438728460082;660,9944019893356
524;483,1833333333333;719,64;630,7714418176932;7897,620633402039;661,2984645503636
525;484,06666666666666;724,92;631,0638313790577;8808,980388202754;661,6025271113916
526;484,95;714,0;631,3562209404221;6829,994217248331;661,9065896724196
527;485,8333333333333;715,128;631,6486105017865;6968,808470994447;662,2106522334475
528;486,7166666666666;718,848;631,9410000631509;7552,82663802348;662,5147147944755
529;487,6;717,6;632,2333896245154;7287,458166999792;662,8187773555035
530;488,48333333333335;716,712;632,5257791858799;7087,319774963794;663,1228399165315
531;489,3666666666667;724,704;632,8181687472443;8443,005985009891;663,4269024775595
532;490,25;721,0799999999999;633,1105583086087;7738,6226714950835;663,7309650385874
533;491,1333333333333;715,8960000000001;633,4029478699731;6805,103649727347;664,0350275996154
534;492,01666666666665;712,92;633,6953374313375;6276,547159118423;664,3390901606433
535;492,9;708,576;633,9877269927019;5563,410470211232;664,6431527216714
536;493,78333333333336;700,704;634,2801165540664;4412,132292038971;664,9472152826993
537;494,6666666666667;699,3359999999999;634,5725061154308;4194,310140136623;665,2512778437273
538;495,55;693,312;634,8648956767952;3416,0640037675885;665,5553404047553
539;496,4333333333333;693,3359999999999;635,1572852381596;3384,762851339574;665,8594029657833
540;497,31666666666666;689,112;635,449674799524;2879,645145921636;666,1634655268113
541;498,2;686,856;635,7420643608885;2612,634416519227;666,4675280878392
542;499,0833333333333;685,4879999999999;636,034453922253;2445,6532196638436;666,7715906488672
543;499,9666666666666;682,992;636,3268434836174;2177,6368326984834;667,0756532098951
544;500,85;675,264;636,6192330449818;1493,4180130076677;667,3797157709231
545;501,73333333333335;674,496;636,9116226063462;1412,5854240685924;667,6837783319511
546;502,6166666666667;675,024;637,2040121677106;1430,3514796345162;667,9878408929791
547;503,5;672,168;637,496401729075;1202,1197266604067;668,2919034540071
548;504,3833333333333;659,712;637,7887912904396;480,62708012294553;668,5959660150351
549;505,26666666666665;659,424;638,081180851804;455,5159291926012;668,900028576063
550;506,15;662,808;638,3735704131684;597,0413492338307;669,2040911370909
551;507,03333333333336;656,568;638,6659599745328;320,4830370734282;669,5081536981189
552;507,9166666666667;661,848;638,9583495358972;523,9360983687976;669,8122162591469
553;508,8;687,84;639,2507390972617;2360,91627507438;670,1162788201749
554;509,6833333333333;700,44;639,5431286586261;3708,428939167856;670,4203413812029
555;510,56666666666666;711,12;639,8355182199905;5081,477342644508;670,7244039422309
556;511,45;714,696;640,1279077813549;5560,400377128363;671,0284665032589
557;512,3333333333334;715,44;640,4202973427193;5627,955786786813;671,3325290642867
558;513,2166666666667;712,824;640,7126869040839;5200,041476417241;671,6365916253148
559;514,1;708,888;641,0050764654483;4608,0913075978015;671,9406541863427
560;514,9833333333333;679,4879999999999;641,2974660268127;1458,51688515717;672,2447167473707
561;515,8666666666667;683,568;641,5898555881771;1762,1646082598565;672,5487793083987
562;516,75;677,832;641,8822451495415;1292,3848738080626;672,8528418694267
563;522,9333333333333;663,12;643,9289720790925;368,29555266104967;674,9812797966224
564;523,8166666666667;635,52;644,221361640457;75,71369439801619;675,2853423576505
565;524,7;578,4;644,5137512018214;4371,028097976341;675,5894049186784
566;525,5833333333334;513,216;644,8061407631858;17315,96514607505;675,8934674797065
567;526,4666666666667;473,64;645,0985303245502;29398,02762105471;676,1975300407344
568;527,35;451,896;645,3909198859146;37440,28402165652;676,5015926017624
569;528,2333333333333;457,344;645,683309447279;35471,695483077936;676,8056551627903
570;529,1166666666667;523,1279999999999;645,9756990086436;15091,557151718305;677,1097177238183
571;530,0;573,6;646,268088570008;5280,651096418523;677,4137802848463
572;530,8833333333333;603,288;646,5604781313724;1872,5073636301022;677,7178428458742
573;531,7666666666667;629,136;646,8528676927368;313,88740084194296;678,0219054069022
574;532,65;645,0719999999999;647,1452572541012;4,298395641683868;678,3259679679302
575;533,5333333333333;648,72;647,4376468154657;1,6444296898854458;678,6300305289582
576;534,4166666666666;657,576;647,7300363768301;96,94299966878594;678,9340930899862
577;535,3;659,28;648,0224259381945;126,73297375703565;679,2381556510142
578;536,1833333333333;664,848;648,3148154995589;273,34618972562424;679,5422182120421
579;537,0666666666667;668,4;648,6072050609234;391,754731500334;679,8462807730701
580;537,95;672,7919999999999;648,8995946222879;570,8470347329245;680,1503433340981
581;538,8333333333334;672,696;649,1919841836523;552,4387594951256;680,454405895126
582;539,7166666666667;683,952;649,4843737450167;1188,0172596532152;680,758468456154
583;540,6;682,3439999999999;649,7767633063811;1060,6249058581932;681,062531017182
584;541,4833333333333;688,944;650,0691528677455;1511,2537395561517;681,36659357821
585;542,3666666666667;688,0799999999999;650,3615424291099;1422,6820415270288;681,670656139238
586;543,25;686,808;650,6539319904743;1307,1166336374056;681,9747187002658
587;544,1333333333333;683,9039999999999;650,9463215518388;1086,2085686923838;682,278781261294
588;545,0166666666667;689,424;651,2387111132032;1458,1162873681271;682,5828438223218
589;545,9;677,4;651,5311006745677;669,19995230935;682,8869063833498
590;546,7833333333333;681,1919999999999;651,8234902359321;862,5093657621437;683,1909689443778
591;547,6666666666666;682,2719999999999;652,1158797972965;909,3915856798957;683,4950315054058
592;548,55;681,024;652,408269358661;818,8600401376701;683,7990940664338
593;549,4333333333333;681,9359999999999;652,7006589200254;854,7051680624472;684,1031566274617
594;550,3166666666667;688,44;652,9930484813899;1256,4863719626983;684,4072191884898
595;551,2;683,496;653,2854380427543;912,6780537725787;684,7112817495176
596;552,0833333333334;692,4719999999999;653,5778276041187;1512,7566463605215;685,0153443105456
597;552,9666666666667;693,096;653,8702171654832;1538,6620389806767;685,3194068715736
598;553,85;690,312;654,1626067268476;1306,778634017039;685,6234694326016
599;554,7333333333333;694,1999999999999;654,454996288212;1579,6653200500375;685,9275319936296
600;555,6166666666667;700,0559999999999;654,7473858495764;2052,870516231959;686,2315945546575
601;556,5;694,8;655,0397754109408;1580,8754593724227;686,5356571156856
602;557,3833333333333;701,0400000000001;655,3321649723052;2089,2061829189674;686,8397196767135
603;558,2666666666667;696,144;655,6245545336697;1641,8254608989193;687,1437822377414
604;559,15;698,4;655,9169440950341;1804,8100390244588;687,4478447987694
605;560,0333333333333;695,6159999999999;656,2093336563985;1552,8853523159262;687,7519073597974
606;560,9166666666666;691,7520000000001;656,5017232177629;1242,5820132243286;688,0559699208254
607;561,8;687,744;656,7941127791274;957,8955189847329;688,3600324818533
608;562,6833333333333;696,4799999999999;657,0865023404918;1551,8476578496668;688,6640950428813
609;563,5666666666667;693,552;657,3788919018563;1308,4937494799935;688,9681576039093
610;564,45;699,8159999999999;657,6712814632207;1776,1773005443436;689,2722201649373
611;565,3333333333334;696,144;657,9636710245851;1457,7375206709073;689,5762827259653
612;566,2166666666667;695,808;658,2560605859496;1410,1481537565094;689,8803452869932
613;567,1;691,464;658,548450147314;1083,4334221046581;690,1844078480212
614;567,9833333333333;690,6239999999999;658,8408397086785;1010,1692781038327;690,4884704090492
615;568,8666666666667;688,704;659,1332292700429;874,4304815636862;690,7925329700772
616;569,75;708,9359999999999;659,4256188314073;2451,277843459332;691,0965955311051
617;570,6333333333333;706,512;659,7180083927717;2189,6776505373464;691,4006580921331
618;571,5166666666667;706,776;660,0103979541361;2187,0215347121034;691,7047206531611
619;572,4;704,784;660,3027875155005;1978,5782640911898;692,0087832141891
620;573,2833333333333;705,0719999999999;660,595177076865;1978,187777335901;692,312845775217
621;574,1666666666666;694,176;660,8875666382294;1108,1197956810468;692,6169083362449
622;575,05;693,6719999999999;661,1799561995938;1055,73291032751;692,9209708972729
623;575,9333333333333;684,384;661,4723457609582;524,9438999694025;693,2250334583009
624;576,8166666666667;681,9359999999999;661,7647353223227;406,87991869690734;693,529096019329
625;577,7;678,2159999999999;662,0571248836872;261,10924502459113;693,8331585803569
626;578,5833333333334;677,208;662,3495144450516;220,77459298661032;694,1372211413849
627;579,4666666666667;680,712;662,641904006416;326,5283692173407;694,4412837024129
628;580,35;683,3280000000001;662,9342935677804;415,90326204355864;694,7453462634409
629;581,2333333333333;685,0559999999999;663,2266831291448;476,5190750481995;695,0494088244689
630;582,1166666666667;684,552;663,5190726905092;442,38403120632336;695,3534713854967
631;583,0;682,68;663,8114622518738;356,02171675246285;695,6575339465247
632;583,8833333333333;683,7599999999999;664,1038518132382;386,3641615399352;695,9615965075527
633;584,7666666666667;689,832;664,3962413746026;646,9778168494781;696,2656590685807
634;585,65;686,928;664,688630935967;494,5895363662674;696,5697216296087
635;586,5333333333333;661,4159999999999;664,9810204973314;12,709371146393654;696,8737841906366
636;587,4166666666666;612,528;665,2734100586958;2782,078282259971;697,1778467516647
637;588,3;567,96;665,5657996200603;9526,89211947135;697,4819093126926
638;589,1833333333333;468,888;665,8581891814247;38797,25542616624;697,7859718737205
639;590,0666666666667;372,936;666,1505787427891;85974,78918731128;698,0900344347485
640;590,95;343,32;666,4429683041535;104408,452645687;698,3940969957765
641;591,8333333333334;314,424;666,735357865518;124123,29288104514;698,6981595568045
642;592,7166666666667;306,696;667,0277474268825;129838,9682037106;699,0022221178325
643;593,6;379,944;667,3201369882469;82585,04411028762;699,3062846788605
644;594,4833333333333;435,792;667,6125265496113;53740,75652973905;699,6103472398884
645;595,3666666666667;469,296;667,9049161109757;39445,50155877659;699,9144098009164
646;596,25;539,928;668,1973056723401;16453,014777664226;700,2184723619444
647;597,1333333333333;590,76;668,4896952337045;6041,905521124591;700,5225349229723
648;598,0166666666667;611,136;668,782084795069;3323,0710922002836;700,8265974840003
649;598,9;659,088;669,0744743564335;99,72967007170426;701,1306600450283
650;599,7833333333333;681,7679999999999;669,3668639177979;153,78817612929274;701,4347226060563
651;600,6666666666666;696,096;669,6592534791623;698,9015666070236;701,7387851670842
652;601,55;700,3439999999999;669,9516430405267;923,6953615520393;702,0428477281122
653;602,4333333333333;711,9119999999999;670,2440326018911;1736,2195070898554;702,3469102891402
654;603,3166666666667;710,016;670,5364221632556;1558,6370661675594;702,6509728501682
655;604,2;703,176;670,82881172462;1046,3405893228853;702,9550354111961
656;605,0833333333334;702,0479999999999;671,1212012859844;956,4668786972302;703,2590979722241
657;605,9666666666667;702,144;671,4135908473488;944,358046689348;703,5631605332521
658;606,85;699,288;671,7059804087132;760,7678047341278;703,86722309428
659;607,7333333333333;702,984;671,9983699700778;960,1092683512212;704,1712856553081
660;608,6166666666667;708,7679999999999;672,2907595314422;1330,5890722009865;704,475348216336
661;609,5;708,6239999999999;672,5831490928066;1298,9429341145374;704,779410777364
662;610,3833333333333;713,688;672,875538654171;1665,6570011047845;705,083473338392
663;611,2666666666667;709,3919999999999;673,1679282155354;1312,1833766460381;705,38753589942
664;612,15;679,464;673,4603177768998;36,04420023596952;705,691598460448
665;613,0333333333333;683,7599999999999;673,7527073382643;100,14590641762757;705,9956610214758
666;613,9166666666666;659,3280000000001;674,0450968996287;216,59294115305735;706,2997235825038
667;614,8;621,3599999999999;674,3374864609931;2806,6140717247167;706,6037861435318
668;615,6833333333333;628,0799999999999;674,6298760223576;2166,8909576968717;706,9078487045598
669;616,5666666666667;661,68;674,922265583722;175,35759778983046;707,2119112655878
670;617,45;666,576;675,2146551450865;74,62636271572828;707,5159738266158
671;618,3333333333334;688,824;675,5070447064509;177,341298290385;707,8200363876438
672;619,2166666666667;728,208;675,7994342678153;2746,6577621047227;708,1240989486716
673;620,1;729,0479999999999;676,0918238291797;2804,3565946349436;708,4281615096997
674;620,9833333333333;724,92;676,3842133905441;2355,7225817986327;708,7322240707276
675;621,8666666666667;723,696;676,6766029519085;2210,823698766075;709,0362866317556
676;622,75;713,376;676,968992513273;1325,4701941385977;709,3403491927836
677;623,6333333333333;709,152;677,2613820746374;1017,0115116614633;709,6444117538116
678;624,5166666666667;713,28;677,5537716360019;1276,3633931165407;709,9484743148396
679;625,4;717,72;677,8461611973663;1589,9230208584179;710,2525368758675
680;626,2833333333333;710,808;678,1385507587307;1067,2929137278688;710,5565994368955
681;627,1666666666666;725,808;678,4309403200951;2244,5857839132655;710,8606619979234
682;628,05;707,52;678,7233298814596;829,2482099160387;711,1647245589514
683;628,9333333333333;707,064;679,015719442824;786,7060422140564;711,4687871199794
684;629,8166666666667;704,7599999999999;679,3081090041885;647,7987552626638;711,7728496810074
685;630,7;708,1919999999999;679,6004985655529;817,473954275983;712,0769122420354
686;631,5833333333334;708,1919999999999;679,8928881269173;800,8397328052419;712,3809748030634
687;632,4666666666667;724,848;680,1852776882818;1994,7587642936505;712,6850373640914
688;633,35;728,88;680,4776672496462;2342,785815675974;712,9890999251193
689;634,2333333333333;733,632;680,7700568110106;2794,3850377159383;713,2931624861473
690;635,1166666666667;734,688;681,062446372375;2875,700001869283;713,5972250471752
691;636,0;731,784;681,3548359337394;2543,100588421826;713,9012876082032
692;636,8833333333333;734,208;681,6472254951038;2762,635016554539;714,2053501692312
693;637,7666666666667;723,72;681,9396150564683;1745,6005660296964;714,5094127302591
694;638,65;710,736;682,2320046178327;812,4777527466158;714,8134752912872
695;639,5333333333333;710,6159999999999;682,5243941791971;789,1383175913609;715,1175378523151
696;640,4166666666666;708,432;682,8167837405616;656,1393040177973;715,4216004133431
697;641,3;707,664;683,109173301926;602,9395141724453;715,7256629743711
698;642,1833333333333;709,8960000000001;683,4015628632905;701,9551991910579;716,029725535399
699;643,0666666666667;716,64;683,6939524246549;1085,442050836904;716,333788096427
700;643,95;722,232;683,9863419860193;1462,7303569223652;716,637850657455
701;644,8333333333334;723,0;684,2787315473838;1499,3366305795696;716,941913218483
702;645,7166666666667;696,7919999999999;684,5711211087482;149,34988087464106;717,2459757795109
703;646,6;701,088;684,8635106701126;263,23405401562746;717,5500383405389
704;647,4833333333333;701,592;685,1559002314771;270,14537560083926;717,8541009015669
705;648,3666666666667;696,5039999999999;685,4482897928415;122,22872818466702;718,1581634625949
706;649,25;695,496;685,7406793542059;95,16628090225635;718,4622260236229
707;650,1333333333333;713,832;686,0330689155703;772,7805694368708;718,7662885846507
708;651,0166666666667;712,008;686,3254584769347;659,5929390839739;719,0703511456788
709;651,9;713,208;686,6178480382991;707,0361813463423;719,3744137067067
710;652,7833333333333;689,1840000000001;686,9102375996636;5,1699954531841055;719,6784762677347
711;653,6666666666666;645,2159999999999;687,202627161028;1762,8768603591811;719,9825388287627
712;654,55;577,1519999999999;687,4950167223924;12175,581339398183;720,2866013897907
713;655,4333333333333;520,248;687,7874062837568;28069,452657913716;720,5906639508187
714;656,3166666666667;465,312;688,0797958451213;49625,49086569365;720,8947265118467
715;657,2;441,984;688,3721854064858;60707,13790790081;721,1987890728747
716;658,0833333333334;440,568;688,6645749678502;61551,91051077811;721,5028516339025
717;658,9666666666667;482,28;688,9569645292146;42715,367667010236;721,8069141949305
718;659,85;517,1519999999999;689,249354090579;29617,499284978156;722,1109767559585
719;660,7333333333333;556,464;689,5417436519434;17709,685855492353;722,4150393169865
720;661,6166666666667;600,816;689,834133213308;7924,2280407822345;722,7191018780145
721;662,5;646,7520000000001;690,1265227746724;1881,349225930566;723,0231644390425
722;663,3833333333333;667,176;690,4189123360368;540,2329738606888;723,3272270000705
723;664,2666666666667;666,0719999999999;690,7113018974012;607,0951979912838;723,6312895610984
724;665,15;663,576;691,0036914587656;752,2782587572431;723,9353521221263
725;666,0333333333333;666,096;691,29608102013;635,0440834211176;724,2394146831543
726;666,9166666666666;681,456;691,5884705814944;102,66696008485009;724,5434772441823
727;667,8;697,3919999999999;691,8808601428589;30,372662524968945;724,8475398052103
728;668,6833333333333;729,6719999999999;692,1732497042233;1406,1562737450079;725,1516023662382
729;669,5666666666667;729,9599999999999;692,4656392655877;1405,8270868822333;725,4556649272663
730;670,45;732,72;692,7580288269522;1596,9591400355034;725,7597274882942
731;671,3333333333334;698,568;693,0504183883166;30,443706841586128;726,0637900493223
732;672,2166666666667;694,0799999999999;693,3428079496811;0,5434521190533358;726,3678526103502
733;673,1;682,1039999999999;693,6351975110455;132,96851603874305;726,6719151713781
734;673,9833333333333;677,4;693,9275870724099;273,16113443609134;726,9759777324061
735;674,8666666666667;690,24;694,2199766337743;15,840214005389404;727,2800402934341
736;675,75;688,2239999999999;694,5123661951387;39,54354940416433;727,5841028544621
737;676,6333333333333;694,704;694,8047557565031;0,010151722468530163;727,88816541549
738;677,5166666666667;700,0559999999999;695,0971453178677;24,59023975850499;728,192227976518
739;678,4;705,3599999999999;695,3895348792321;99,41017472444751;728,496290537546
740;679,2833333333333;658,776;695,6819244405965;1362,0472588150217;728,800353098574
741;680,1666666666666;686,256;695,9743140019609;94,44562704071022;729,104415659602
742;681,05;686,4;696,2667035633253;97,35183920653733;729,4084782206298
743;681,9333333333333;683,496;696,5590931246898;170,64440198431717;729,7125407816579
744;682,8166666666667;702,576;696,8514826860542;32,77009847766584;730,0166033426858
745;683,7;723,72;697,1438722474186;706,2905663215296;730,3206659037139
746;684,5833333333334;727,0559999999999;697,436261808783;877,3288905162344;730,6247284647418
747;685,4666666666667;722,592;697,7286513701474;618,1861050895915;730,9287910257698
748;686,35;722,544;698,021040931512;601,3755214747396;731,2328535867978
749;687,2333333333333;723,168;698,3134304928764;617,7496253844404;731,5369161478258
750;688,1166666666667;739,776;698,6058200542408;1694,9837167661908;731,8409787088538
751;689,0;736,704;698,8982096156052;1429,277786588795;732,1450412698816
752;689,8833333333333;742,872;699,1905991769696;1908,064777862236;732,4491038309096
753;690,7666666666667;749,112;699,482988738334;2463,0387588105646;732,7531663919376
754;691,65;757,0559999999999;699,7753782996984;3281,069622373049;733,0572289529656
755;692,5333333333333;759,384;700,0677678610629;3518,4153951602807;733,3612915139936
756;693,4166666666666;763,704;700,3601574224273;4012,4423924923085;733,6653540750216
757;694,3;762,384;700,6525469837918;3810,772291492321;733,9694166360496
758;695,1833333333333;758,448;700,9449365451562;3306,6023066917874;734,2734791970774
759;696,0666666666667;753,024;701,2373261065206;2681,859592949577;734,5775417581056
760;696,95;747,0;701,5297156678851;2067,5467572433777;734,8816043191334
761;697,8333333333334;741,168;701,8221052292495;1548,099435310974;735,1856668801614
762;698,7166666666667;743,736;702,1144947906139;1732,3496958949543;735,4897294411894
763;699,6;746,52;702,4068843519783;1945,9669721757348;735,7937920022174
764;700,4833333333333;747,8159999999999;702,6992739133427;2035,5189727784539;736,0978545632454
765;701,3666666666667;732,2159999999999;702,9916634747071;854,0618453435603;736,4019171242733
766;702,25;738,144;703,2840530360716;1215,2159023279044;736,7059796853014
767;703,1333333333333;735,456;703,5764425974361;1016,3061801833688;737,0100422463292
768;704,0166666666667;706,128;703,8688321588005;5,103839334710198;737,3141048073572
769;704,9;704,568;704,1612217201649;0,16546856894557552;737,6181673683852
770;705,7833333333333;723,24;704,4536112815293;352,92840108148226;737,9222299294132
771;706,6666666666666;711,576;704,7460008428937;46,64888848607239;738,2262924904412
772;707,55;714,144;705,0383904042582;82,91212611006586;738,5303550514691
773;708,4333333333333;739,464;705,3307799656226;1165,0767099152276;738,8344176124971
774;709,3166666666667;732,528;705,6231695269871;723,869902781564;739,1384801735251
775;710,2;735,168;705,9155590883515;855,7052992894857;739,4425427345531
776;711,0833333333334;744,408;706,207948649716;1459,2439231643398;739,746605295581
777;711,9666666666667;739,5840000000001;706,5003382110804;1094,5286773636253;740,050667856609
778;712,85;722,3280000000001;706,7927277724448;241,34468318425135;740,354730417637
779;713,7333333333333;736,1999999999999;707,0851173338092;847,6763926660539;740,6587929786649
780;714,6166666666667;736,3919999999999;707,3775068951736;841,8408101300146;740,962855539693
781;715,5;736,512;707,669896456538;831,8669368117785;741,2669181007209
782;716,3833333333333;742,1039999999999;707,9622860179024;1165,656633635351;741,5709806617489
783;717,2666666666667;732,6239999999999;708,2546755792669;593,8639727229363;741,8750432227769
784;718,15;673,032;708,5470651406313;1261,3198519432801;742,1791057838049
785;719,0333333333333;587,496;708,8394547019957;14724,233999015285;742,4831683448328
786;719,9166666666666;491,016;709,1318442633602;47574,5215187184;742,7872309058607
787;720,8;380,928;709,4242338247246;107909,77563702817;743,0912934668887
788;721,6833333333333;332,856;709,716623386089;142023,92945895166;743,3953560279167
789;722,5666666666667;300,144;710,0090129474535;167989,3288384162;743,6994185889447
790;723,45;336,888;710,301402508818;139437,56917321254;744,0034811499727
791;724,3333333333334;389,904;710,5937920701824;102841,94273801683;744,3075437110007
792;725,2166666666667;429,552;710,8861816315468;79148,92175429217;744,6116062720287
793;726,1;481,752;711,1785711929112;52636,55156933597;744,9156688330567
794;726,9833333333333;553,92;711,4709607542757;24822,305234595326;745,2197313940846
795;727,8666666666667;586,2719999999999;711,7633503156401;15748,079004042716;745,5237939551125
796;728,75;623,592;712,0557398770045;7825,833273026318;745,8278565161405
797;729,6333333333333;683,736;712,3481294383689;818,6539509979776;746,1319190771685
798;730,5166666666667;698,52;712,6405189997333;199,3890568218305;746,4359816381965
799;731,4;702,12;712,9329085610977;116,91899155066086;746,7400441992245
800;732,2833333333333;708,7679999999999;713,2252981224622;19,867506552505482;747,0441067602524
801;733,1666666666666;680,736;713,5176876838266;1074,639047399948;747,3481693212805
802;734,05;680,424;713,810077245191;1114,6301538218615;747,6522318823083
803;734,9333333333333;683,88;714,1024668065554;913,397499873344;747,9562944433363
804;735,8166666666667;691,536;714,3948563679199;522,5273144491966;748,2603570043643
805;736,7;693,864;714,6872459292844;433,60757103145625;748,5644195653923
806;737,5833333333334;720,12;714,9796354906488;26,423347288997707;748,8684821264203
807;738,4666666666667;727,176;715,2720250520132;141,7046195622986;749,1725446874483
808;739,35;729,3359999999999;715,5644146133776;189,65656406102866;749,4766072484763
809;740,2333333333333;728,9039999999999;715,8568041747421;170,22931890262313;749,7806698095042
810;741,1166666666667;730,656;716,1491937361066;210,44742797813666;750,0847323705322
811;742,0;734,016;716,441583297471;308,86012243413;750,3887949315601
812;742,8833333333333;746,736;716,7339728588354;900,1216325791776;750,6928574925881
813;743,7666666666667;750,576;717,0263624201998;1125,5781817359432;750,9969200536161
814;744,65;743,136;717,3187519815642;666,5302952454246;751,300982614644
815;745,5333333333333;745,2239999999999;717,6111415429286;762,4699521702539;751,6050451756721
816;746,4166666666666;748,176;717,903531104293;916,4223730415474;751,9091077367
817;747,3;734,16;718,1959206656575;254,8518289931813;752,213170297728
818;748,1833333333333;736,152;718,4883102270219;312,0059363960132;752,517232858756
819;749,0666666666667;740,7599999999999;718,7806997883864;483,0896377922316;752,821295419784
820;749,95;738,864;719,0730893497508;391,6801443661473;753,1253579808119
821;750,8333333333334;737,7599999999999;719,3654789111152;338,3584060894214;753,4294205418399
822;751,7166666666667;738,8159999999999;719,6578684724797;367,03400362576554;753,7334831028679
823;752,6;735,432;719,9502580338441;239,6843343066339;754,0375456638958
824;753,4833333333333;740,232;720,2426475952085;399,5742095629427;754,3416082249239
825;754,3666666666667;742,0559999999999;720,5350371565729;463,15184170816616;754,6456707859518
826;755,25;743,568;720,8274267179373;517,1336731968619;754,9497333469798
827;756,1333333333333;746,256;721,1198162793019;631,8277320406888;755,2537959080078
828;757,0166666666667;747,3599999999999;721,4122058406663;673,2880217351482;755,5578584690356
829;757,9;743,1840000000001;721,7045954020307;461,36482188326863;755,8619210300637
830;758,7833333333333;743,256;721,9969849633951;451,94572032659175;756,1659835910916
831;759,6666666666666;743,688;722,2893745247595;457,9011722296102;756,4700461521196
832;760,55;744,1919999999999;722,5817640861239;467,0022962533741;756,7741087131476
833;761,4333333333333;743,808;722,8741536474884;438,22592311056474;757,0781712741756
834;762,3166666666667;745,872;723,1665432088528;515,5377680946518;757,3822338352036
835;763,2;753,8159999999999;723,4589327702172;921,5515307935484;757,6862963962316
836;764,0833333333334;754,536;723,7513223315816;947,6963791484148;757,9903589572596
837;764,9666666666667;766,992;724,0437118929461;1844,5554513265013;758,2944215182874
838;765,85;746,376;724,3361014543106;485,75712790428287;758,5984840793155
839;766,7333333333333;748,128;724,628491015675;552,2269225043749;758,9025466403434
840;767,6166666666667;685,3439999999999;724,9208805770394;1566,329476209242;759,2066092013714
841;768,5;685,944;725,2132701384038;1542,0755772029356;759,5106717623994
842;769,3833333333333;674,928;725,5056596997682;2558,099660705558;759,8147343234273
843;770,2666666666667;728,592;725,7980492611326;7,806160731217422;760,1187968844554
844;771,15;727,92;726,090438822497;3,347294102225835;760,4228594454833
845;772,0333333333333;793,56;726,3828283838615;4512,7723863441215;760,7269220065112
846;772,9166666666666;784,8;726,675217945226;3378,490288914973;761,0309845675392
847;773,8;783,888;726,9676075065904;3239,9310816038023;761,3350471285672
848;774,6833333333333;766,992;727,2599970679548;1578,632056992043;761,6391096895952
849;775,5666666666667;764,7599999999999;727,5523866293192;1384,4064927420523;761,9431722506232
850;776,45;758,88;727,8447761906837;963,1851168943555;762,2472348116512
851;777,3333333333334;768,1919999999999;728,1371657520481;1604,3897466308938;762,5512973726791
852;778,2166666666667;772,128;728,4295553134125;1909,5540680267516;762,8553599337072
853;779,1;761,7599999999999;728,7219448747769;1091,5130864572716;763,159422494735
854;779,9833333333333;766,032;729,0143344361413;1370,3075637976913;763,463485055763
855;780,8666666666667;765,984;729,3067239975057;1345,2225749631439;763,767547616791
856;781,75;746,208;729,5991135588702;275,8551088143457;764,071610177819
857;782,6333333333333;692,832;729,8915031202347;1373,406771518685;764,375672738847
858;783,5166666666667;624,7679999999999;730,1838926815991;11112,510429858437;764,6797352998749
859;784,4;533,904;730,4762822429635;38640,662146207316;764,983797860903
860;785,2833333333333;418,32;730,7686718043279;97624,17251228864;765,2878604219309
861;786,1666666666666;347,976;731,0610613656924;146754,16424155628;765,5919229829589
862;787,05;335,544;731,3534509270568;156665,12144317818;765,8959855439869
863;787,9333333333333;368,952;731,6458404884213;131546,8219282404;766,2000481050147
864;788,8166666666667;422,112;731,9382300497857;95992,29282686273;766,5041106660428
865;789,7;519,3359999999999;732,2306196111501;45324,11905937635;766,8081732270707
866;790,5833333333334;591,6239999999999;732,5230091725145;19852,530785796363;767,1122357880988
867;791,4666666666667;636,456;732,815398733879;9285,133724354671;767,4162983491267
868;792,35;662,832;733,1077882952434;4938,686420517867;767,7203609101547
869;793,2333333333333;701,1840000000001;733,4001778566078;1037,8821156885813;768,0244234711827
870;798,5333333333333;721,296;735,1545152247943;192,0584442358539;769,8487988373505
871;799,4166666666666;740,7599999999999;735,4469047861588;28,228980751340696;770,1528613983785
872;800,3;759,0;735,7392943475232;541,0604274511642;770,4569239594064
873;801,1833333333333;768,6;736,0316839088877;1060,6952130106085;770,7609865204345
874;802,0666666666667;771,096;736,3240734702522;1209,08687459018;771,0650490814623
875;802,95;769,56;736,6164630316166;1085,2766279872399;771,3691116424905
876;803,8333333333334;767,376;736,908852592981;928,2470711210219;771,6731742035183
877;804,7166666666667;764,4;737,2012421543454;739,7724283465544;771,9772367645464
878;805,6;760,536;737,4936317157099;530,9507361488579;772,2812993255743
879;806,4833333333333;760,848;737,7860212770743;531,8548626166771;772,5853618866023
880;807,3666666666667;762,696;738,0784108384387;606,0256961274224;772,8894244476303
881;808,25;767,952;738,3708003998031;875,047369786689;773,1934870086582
882;809,1333333333333;764,976;738,6631899611675;692,3639721396834;773,4975495696863
883;810,0166666666667;763,632;738,9555795225319;608,9257275808027;773,8016121307141
884;810,9;760,8960000000001;739,2479690838964;468,63724254458253;774,1056746917421
885;811,7833333333333;752,376;739,5403586452608;164,75368898749142;774,4097372527701
886;812,6666666666666;743,736;739,8327482066252;15,235374562483646;774,7137998137981
887;813,55;750,888;740,1251377679896;115,83920342523662;775,0178623748261
888;814,4333333333333;749,808;740,417527329354;88,18097697814899;775,321924935854
889;815,3166666666667;744,9359999999999;740,7099168907185;17,859778446553342;775,6259874968821
890;816,2;747,3359999999999;741,002306452083;40,11567395892464;775,93005005791
891;817,0833333333334;753,0719999999999;741,2946960134475;138,70488919166297;776,2341126189381
892;817,9666666666667;749,232;741,5870855748119;58,44471656844853;776,538175179966
893;818,85;750,864;741,8794751361763;80,72168702866642;776,8422377409939
894;819,7333333333333;746,688;742,1718646975407;20,395478070118678;777,1463003020219
895;820,6166666666667;746,928;742,4642542589052;19,925026041142324;777,4503628630498
896;821,5;739,92;742,7566438202696;8,046548163073792;777,7544254240779
897;822,3833333333333;739,512;743,049033381634;12,510605142793576;778,0584879851058
898;823,2666666666667;695,496;743,3414229429984;2289,1844965944;778,3625505461338
899;824,15;701,808;743,6338125043628;1749,398591650114;778,6666131071618
900;825,0333333333333;704,448;743,9262020657272;1558,528438342392;778,9706756681898
901;825,9166666666666;709,1039999999999;744,2185916270917;1233,0345451374203;779,2747382292177
902;826,8;711,432;744,5109811884561;1094,2189964662296;779,5788007902456
903;827,6833333333333;760,2719999999999;744,8033707498205;239,27849087950716;779,8828633512737
904;828,5666666666667;764,736;745,095760311185;385,73901503410286;780,1869259123016
905;829,45;766,824;745,3881498725494;459,49567068652055;780,4909884733297
906;830,3333333333334;773,0400000000001;745,6805394339139;748,5400824672273;780,7950510343576
907;831,2166666666667;773,208;745,9729289952783;741,7490926322329;781,0991135953856
908;832,1;774,552;746,2653185566427;800,1363470779764;781,4031761564136
909;832,9833333333333;776,208;746,5577081180071;879,1398086873724;781,7072387174414
910;833,8666666666667;777,72;746,8500976793716;952,9508692851385;782,0113012784695
911;834,75;776,9039999999999;747,142487240736;885,7476417198242;782,3153638394974
912;835,6333333333333;783,552;747,4348768021005;1304,4465880922544;782,6194264005255
913;836,5166666666667;783,9119999999999;747,7272663634649;1309,3349483469906;782,9234889615534
914;837,4;787,0799999999999;748,0196559248293;1525,7104792707175;783,2275515225814
915;838,2833333333333;790,008;748,3120454861937;1738,5526228174062;783,5316140836094
916;839,1666666666666;793,92;748,6044350475581;2053,5004269589745;783,8356766446373
917;840,05;792,6479999999999;748,8968246089225;1914,1653481008138;784,1397392056654
918;840,9333333333333;792,264;749,189214170287;1855,4371742756482;784,4438017666932
919;841,8166666666667;792,0479999999999;749,4816037316514;1811,8980912740742;784,7478643277213
920;842,7;791,52;749,7739932930158;1742,729075979569;785,0519268887492
921;843,5833333333334;786,384;750,0663828543802;1318,9693151358176;785,3559894497772
922;844,4666666666667;788,304;750,3587724157446;1439,840296420933;785,6600520108052
923;845,35;790,008;750,6511619771092;1548,9606991600697;785,9641145718332
924;846,2333333333333;792,024;750,9435515384736;1687,6032458001293;786,2681771328612
925;847,1166666666667;795,84;751,235941099838;1989,522070369125;786,5722396938891
926;848,0;777,0;751,5283306612024;648,8059389050416;786,8763022549172
927;848,8833333333333;726,9599999999999;751,8207202225668;618,0554099847467;787,180364815945
928;849,7666666666667;667,44;752,1131097839313;7169,5355204816815;787,484427376973
929;850,65;586,68;752,4054993452958;27464,941133247645;787,788489938001
930;851,5333333333333;531,648;752,6978889066602;48863,053385646796;788,0925524990289
931;852,4166666666666;473,568;752,9902784680246;78076,8097042623;788,396615060057
932;853,3;466,512;753,282668029389;82237,41604202204;788,7006776210849
933;854,1833333333333;487,056;753,5750575907534;71032,40805906335;789,0047401821129
934;855,0666666666667;530,28;753,8674471521178;49991,34652400111;789,3088027431409
935;855,95;557,352;754,1598367134823;38733,324591840705;789,6128653041688
936;856,8333333333334;614,568;754,4522262748467;19567,59676051251;789,9169278651968
937;857,7166666666667;651,9599999999999;754,7446158362111;10564,677252597512;790,2209904262248
938;858,6;675,0;755,0370053975755;6405,922233011532;790,5250529872528
939;859,4833333333333;701,0400000000001;755,3293949589399;2947,338405007764;790,8291155482807
940;860,3666666666667;719,88;755,6217845203043;1277,4751606958675;791,1331781093088
941;861,25;739,704;755,9141740816689;262,769743758011;791,4372406703367
942;862,1333333333333;752,064;756,2065636430333;17,16083353658155;791,7413032313647
943;863,0166666666667;765,024;756,4989532043977;72,67642286720893;792,0453657923927
944;863,9;770,016;756,7913427657621;174,8915589630792;792,3494283534205
945;864,7833333333333;773,112;757,0837323271265;256,90536459327933;792,6534909144486
946;865,6666666666666;775,656;757,376121888491;334,15394377162556;792,9575534754765
947;866,55;780,888;757,6685114498555;539,1446485302937;793,2616160365045
948;867,4333333333333;783,4799999999999;757,9609010112199;651,2244131991525;793,5656785975325
949;868,3166666666667;788,304;758,2532905725843;903,0451370909681;793,8697411585606
950;869,2;789,0;758,5456801339487;927,4655985037647;794,1738037195885
951;870,0833333333334;796,464;758,8380696953132;1415,7106312931562;794,4778662806165
952;870,9666666666667;795,6239999999999;759,1304592566776;1331,7785159845278;794,7819288416445
953;871,85;792,72;759,422848818042;1108,70027683417;795,0859914026723
954;872,7333333333333;789,576;759,7152383794064;891,665084561917;795,3900539637004
955;873,6166666666667;789,72;760,0076279407708;882,8250533860646;795,6941165247283
956;874,5;777,84;760,3000175021352;307,6509860254034;795,9981790857563
957;875,3833333333333;779,856;760,5924070634996;371,08601282318597;796,3022416467843
958;876,2666666666667;784,128;760,8847966248641;540,2465031379325;796,6063042078123
959;877,15;786,864;761,1771861862285;659,812403903365;796,9103667688403
960;878,0333333333333;789,3599999999999;761,469575747593;777,8757649792464;797,2144293298682
961;878,9166666666666;790,656;761,7619653089574;834,8652407271686;797,5184918908963
962;879,8;788,136;762,0543548703218;680,2522126704625;797,8225544519241
963;880,6833333333333;785,784;762,3467444316863;549,304948574453;798,1266170129521
964;881,5666666666667;784,464;762,6391339930508;476,32477622128954;798,4306795739801
965;882,45;783,144;762,9315235544152;408,54420406332025;798,7347421350081
966;883,3333333333334;786,12;763,2239131157796;524,2307946097685;799,0388046960361
967;884,2166666666667;788,136;763,516302677144;606,1294962690394;799,342867257064
968;885,1;792,6;763,8086922385085;828,9394026169246;799,6469298180921
969;885,9833333333333;797,256;764,1010817998729;1099,248600857119;799,95099237912
970;886,8666666666667;799,2479999999999;764,3934713612373;1214,8381666303253;800,2550549401479
971;887,75;800,376;764,6858609226017;1273,786027364031;800,5591175011759
972;888,6333333333333;801,24;764,9782504839661;1314,914477963584;800,8631800622039
973;889,5166666666667;796,5840000000001;765,2706400453305;980,5265116507009;801,1672426232319
974;890,4;794,856;765,563029606695;858,0781144630456;801,4713051842598
975;891,2833333333333;793,8960000000001;765,8554191680594;786,2741733926002;801,7753677452879
976;892,1666666666666;790,32;766,1478087294238;584,2948308213233;802,0794303063158
977;893,05;787,7520000000001;766,4401982907882;454,1928920927657;802,3834928673438
978;893,9333333333333;793,7520000000001;766,7325878521526;730,0486328152462;802,6875554283718
979;894,8166666666667;795,6719999999999;767,0249774135171;820,6519030704535;802,9916179893997
980;895,7;794,856;767,3173669748817;758,3763088921371;803,2956805504277
981;896,5833333333334;801,144;767,6097565362461;1124,5454846863217;803,5997431114556
982;897,4666666666667;806,256;767,9021460976105;1471,0181091658353;803,9038056724837
983;898,35;803,28;768,1945356589749;1230,98980802534;804,2078682335116
984;899,2333333333333;805,0559999999999;768,4869252203393;1337,2972302404075;804,5119307945397
985;900,1166666666667;808,8;768,7793147817038;1601,6552453419515;804,8159933555676
986;901,0;807,288;769,0717043430682;1460,485253738027;805,1200559165956
987;901,8833333333332;807,6239999999999;769,3640939044326;1463,820414441629;805,4241184776236
988;902,7666666666668;807,72;769,656483465797;1448,8312909495464;805,7281810386515
989;903,65;804,744;769,9488730271614;1210,7008610559603;806,0322435996795
990;904,5333333333332;804,432;770,2412625885258;1169,0065247403797;806,3363061607074
991;905,4166666666666;804,576;770,5336521498903;1158,881447147873;806,6403687217354
992;906,3;806,832;770,8260417112547;1296,4290322908678;806,9444312827634
993;907,1833333333332;811,1999999999999;771,1184312726191;1606,5321516477538;807,2484938437913
994;908,0666666666668;810,12;771,4108208339836;1498,400551706757;807,5525564048194
995;908,95;811,2479999999999;771,703210395348;1563,7903848761846;807,8566189658474
996;909,8333333333334;811,992;771,9955999567125;1599,712016422689;808,1606815268754
997;910,7166666666668;808,0559999999999;772,287989518077;1279,3505738349495;808,4647440879033
998;911,6;806,208;772,5803790794413;1130,816888776796;808,7688066489313
999;912,4833333333332;807,3599999999999;772,8727686408057;1189,3691268225878;809,0728692099592
1000;913,3666666666668;784,128;773,1651582021702;120,18390028424434;809,3769317709873
1001;914,25;737,28;773,4575477635346;1308,814962182833;809,6809943320152
1002;915,1333333333332;660,096;773,749937324899;12917,217469452058;809,9850568930431
1003;916,0166666666668;571,2959999999999;774,0423268862635;41106,073065871635;810,2891194540712
1004;916,9;481,0799999999999;774,3347164476279;85998,32871877868;810,593182015099
1005;917,7833333333332;406,848;774,6271060089923;135261,4708167736;810,897244576127
