;L, μμ;hn58,naco3+tib2, 53, 800.csv;Result;fail;Predict
0;3,533333333333333;286,584;339,8928137649501;2841,829625026135;354,67210148937164
1;4,416666666666667;285,192;340,127858896427;3017,94859268814;354,8827238303278
2;5,3;303,096;340,3629040279039;1388,8221358249982;355,093346171284
3;6,183333333333334;320,44800000000004;340,59794915938073;406,02045112562683;355,3039685122402
4;7,066666666666666;322,152;340,8329942908576;348,9795476950542;355,51459085319635
5;7,95;328,992;341,06803942233444;145,83072812977497;355,72521319415256
6;8,833333333333334;340,032;341,3030845538113;1,6156559429376876;355,9358355351087
7;9,716666666666669;327,31199999999995;341,53812968528814;202,38276582263774;356,1464578760649
8;10,6;332,95199999999994;341,773174816765;77,81312514792994;356,3570802170211
9;11,483333333333333;328,392;342,0082199482419;185,4014456789008;356,56770255797727
10;12,366666666666667;331,8;342,24326507971875;109,06178552527291;356,7783248989335
11;13,25;315,336;342,4783102111956;736,7050036007726;356,9889472398897
12;14,133333333333333;327,624;342,71335534267246;227,68864465743712;357,19956958084583
13;15,016666666666667;309,048;342,9484004741493;1149,2371523077027;357,41019192180204
14;15,9;322,08;343,18344560562616;445,35541642962284;357,62081426275824
15;16,783333333333335;312,84;343,418490737103;935,0440957590963;357,8314366037144
16;17,666666666666668;325,8;343,65353586857987;318,7487430106674;358,0420589446706
17;18,55;322,152;343,8885810000568;472,47895357202975;358,2526812856268
18;19,433333333333334;328,512;344,1236261315336;243,72287047078356;358,46330362658296
19;20,316666666666663;323,856;344,3586712630105;420,3595289190759;358,67392596753916
20;21,2;332,87999999999994;344,59371639448733;137,2111517704827;358,8845483084953
21;22,08333333333333;331,872;344,8287615259642;167,87766924070533;359,0951706494515
22;22,966666666666665;329,66400000000004;345,06380665744103;237,15404508656385;359,3057929904077
23;23,85;340,968;345,2988517889179;18,756277217573103;359,5164153313639
24;24,73333333333333;332,87999999999994;345,53389692039474;160,121107271977;359,7270376723201
25;25,616666666666667;336,768;345,76894205187165;81,01695782115188;359,9376600132763
26;26,5;328,44;346,0039871833485;308,4936457768304;360,14828235423244
27;27,383333333333333;335,496;346,23903231482535;115,41274331738217;360,35890469518864
28;28,266666666666666;323,016;346,4740774463022;550,2813974767112;360,56952703614485
29;29,15;339,264;346,70912257777906;55,4298501981553;360,780149377101
30;30,03333333333333;323,184;346,9441677092559;564,5455695719659;360,9907717180572
31;30,916666666666668;339,216;347,17921284073276;63,41275874681097;361,2013940590134
32;31,8;331,728;347,4142579722096;246,05868917070933;361,41201639996956
33;32,68333333333333;341,44800000000004;347,6493031036865;38,456160183791624;361,62263874092577
34;33,56666666666667;334,67999999999995;347,8843482351634;174,3548123154634;361,833261081882
35;34,45;345,072;348,1193933666402;9,286606331042824;362,0438834228381
36;35,333333333333336;333,84;348,3544384981171;210,66892491562382;362,2545057637943
37;36,21666666666667;339,888;348,58948362959393;75,71581735609153;362,4651281047505
38;37,1;334,368;348,8245287610708;208,99122381966683;362,6757504457067
39;37,98333333333333;336,16799999999995;349,05957389254763;166,19267742701703;362,8863727866629
40;38,86666666666667;340,368;349,2946190240245;79,68452720007593;363,09699512761904
41;39,75;340,2;349,52966415550134;87,04263325444668;363,30761746857524
42;40,63333333333333;346,176;349,76470928697825;12,878834346443995;363,51823980953145
43;41,516666666666666;342,192;349,9997544184551;60,961029058904984;363,7288621504876
44;42,4;354,23999999999995;350,23479954993195;16,04163064522493;363,9394844914438
45;43,28333333333333;349,75199999999995;350,4698446814088;0,5153009866269717;364,1501068324
46;44,16666666666666;362,592;350,70488981288565;141,30338860059732;364,36072917335616
47;45,05;346,944;350,9399349443625;15,967496079577247;364,57135151431237
48;45,93333333333333;362,64;351,17498007583936;131,44668186140018;364,7819738552686
49;46,81666666666667;346,152;351,4100252073162;27,646829080772807;364,9925961962247
50;47,7;351,504;351,6450703387931;0,01990084048719984;365,20321853718093
51;48,583333333333336;342,36;351,88011547026997;90,63259856727336;365,4138408781371
52;49,46666666666667;357,888;352,1151606017468;33,32567471802384;365,6244632190933
53;50,35;346,08;352,3502057332237;39,315479936951235;365,8350855600495
54;51,23333333333333;356,784;352,5852508647005;17,629494301178006;366,04570790100564
55;52,11666666666667;352,67999999999995;352,8202959961774;0,01968296654341706;366,25633024196185
56;53,0;358,2;353,05534112765423;26,467514912805928;366,46695258291805
57;53,88333333333333;354,6;353,2903862591311;1,7150881502727395;366,6775749238742
58;54,766666666666666;356,616;353,525431390608;9,551614329359163;366,8881972648304
59;55,65;358,92;353,76047652208484;26,620682519157878;367,0988196057866
60;56,53333333333333;352,368;353,9955216535617;2,648826732812212;367,30944194674277
61;57,41666666666666;352,416;354,23056678503855;3,292652617365142;367,520064287699
62;58,3;345,96;354,4656119165154;72,34543407436912;367,7306866286552
63;59,18333333333333;357,888;354,70065704799225;10,15915509371332;367,9413089696113
64;60,06666666666667;346,08;354,9357021794691;78,42346109145412;368,15193131056753
65;60,95;361,896;355,17074731094596;45,22902373162886;368,36255365152374
66;61,833333333333336;357,23999999999995;355,40579244242286;3,364317364272906;368,5731759924799
67;62,71666666666667;367,632;355,6408375738997;143,78797632911935;368,7837983334361
68;63,6;364,32;355,87588270537657;71,30311688535842;368,99442067439225
69;64,48333333333333;372,336;356,1109278368534;263,2529666993144;369,20504301534845
70;65,36666666666666;371,256;356,3459729683303;222,30890608512115;369,41566535630466
71;66,25;370,656;356,5810180998071;198,1051154907572;369,6262876972608
72;67,13333333333334;375,84;356,816063231284;361,9101701801045;369,836910038217
73;68,01666666666667;368,88;357,05110836276083;139,9226773655467;370,0475323791732
74;68,9;374,544;357,28615349423774;297,8332660164501;370,25815472012937
75;69,78333333333333;371,304;357,5211986257146;189,96561372300306;370,4687770610856
76;70,66666666666667;372,096;357,75624375719144;205,62860910316712;370,6793994020418
77;71,55;344,712;357,9912888886683;176,3395133887095;370,89002174299793
78;72,43333333333334;334,824;358,22633402014515;547,6692375904423;371,10064408395414
79;73,31666666666666;306,23999999999995;358,461379151622;2727,072440497466;371,3112664249103
80;74,2;298,44;358,69642428309885;3630,836667384825;371,5218887658665
81;75,08333333333333;287,376;358,9314694145757;5120,185203140282;371,7325111068227
82;75,96666666666667;292,248;359,16651454605255;4478,087589050248;371,9431334477789
83;76,85;299,88;359,40155967752946;3542,816066445702;372,15375578873505
84;77,73333333333333;315,288;359,6366048090063;1966,798748505417;372,36437812969126
85;78,61666666666666;325,272;359,87164994048317;1197,1357760039773;372,5750004706474
86;79,5;345,984;360,10669507196;199,45051609556435;372,7856228116036
87;80,38333333333334;356,37600000000003;360,34174020343687;15,727095361155248;372,9962451525598
88;81,26666666666667;373,824;360,5767853349137;175,48869638287727;373,206867493516
89;82,15;378,288;360,8118304663906;305,4165015674587;373,4174898344722
90;83,03333333333333;378,816;361,0468755978674;315,74178201846235;373,6281121754284
91;83,91666666666667;375,384;361,28192072934434;198,8686397558566;373,83873451638453
92;84,8;389,16;361,5169658608212;764,1373364198067;374,04935685734074
93;85,68333333333334;373,656;361,75201099229804;141,70495429548924;374,25997919829695
94;86,56666666666666;391,92;361,9870561237749;895,9811290972432;374,4706015392531
95;87,45;383,928;362,22210125525174;471,14604031726384;374,6812238802093
96;88,33333333333333;391,248;362,4571463867286;828,9132517808225;374,89184622116545
97;89,21666666666667;372,336;362,69219151820545;93,0030420335328;375,10246856212166
98;90,1;391,488;362,9272366496823;815,7172031528507;375,31309090307786
99;90,98333333333332;370,632;363,1622817811592;55,796690268882124;375,523713244034
100;91,86666666666666;384,336;363,39732691263606;438,4280306594995;375,7343355849902
101;92,75;376,632;363,6323720441129;168,99032699148123;375,9449579259464
102;93,63333333333334;394,632;363,86741717558976;946,4595563599976;376,1555802669026
103;94,51666666666668;386,496;364,1024623070666;501,47053040482734;376,3662026078588
104;95,4;392,472;364,33750743854347;791,5496716906517;376,576824948815
105;96,28333333333332;393,624;364,5725525700203;843,9865977768743;376,78744728977114
106;97,16666666666669;400,752;364,80759770149723;1292,000056596612;376,99806963072734
107;98,05;393,696;365,042642832974;821,0148769411603;377,20869197168355
108;98,93333333333334;393,144;365,27768796445093;776,5313464625871;377,4193143126397
109;99,81666666666666;399,216;365,5127330959278;1135,91020000713;377,6299366535959
110;100,7;383,832;365,74777822740464;327,03907712041195;377,8405589945521
111;101,58333333333331;388,464;365,9828233588815;505,4033031691725;378,05118133550826
112;102,46666666666668;383,616;366,21786849035834;302,6949800267854;378,26180367646447
113;103,35;388,584;366,4529136218352;489,784984277792;378,4724260174206
114;104,23333333333332;375,528;366,68795875331205;78,14632924314468;378,6830483583768
115;105,11666666666666;390,576;366,9230038847889;559,4642252261925;378,89367069933303
116;106,0;372,672;367,1580490162658;30,40365545102356;379,1042930402892
117;106,88333333333334;384,384;367,39309414774266;288,69088168027326;379,3149153812454
118;107,76666666666668;373,728;367,6281392792195;37,208300812920776;379,5255377222016
119;108,65;384,192;367,86318441069636;266,63021854948573;379,73616006315774
120;109,53333333333332;377,328;368,0982295421732;85,18866270417159;379,94678240411395
121;110,41666666666669;385,512;368,33327467365007;295,10860383817663;380,15740474507015
122;111,3;377,04;368,5683198051269;71,76936532420515;380,3680270860263
123;112,18333333333334;387,6;368,80336493660377;353,3134897064974;380,5786494269825
124;113,06666666666666;385,296;369,0384100680807;264,3092303944442;380,7892717679387
125;113,95;386,064;369,27345519955753;281,92239469566636;380,99989410889486
126;114,83333333333331;392,04;369,5085003310344;507,6684773325986;381,21051644985107
127;115,71666666666668;390,84;369,74354546251124;445,06039405232923;381,4211387908073
128;116,6;391,8;369,9785905939881;476,17390846478565;381,6317611317634
129;117,48333333333332;383,52;370,21363572546494;177,0593302066225;381,84238347271963
130;118,36666666666666;390,6;370,4486808569418;406,0756632053851;382,0530058136758
131;119,25;382,872;370,68372598841864;148,55402338138984;382,263628154632
132;120,13333333333334;393,432;370,91877111989555;506,84547460796966;382,4742504955882
133;121,01666666666668;376,32;371,1538162513724;26,6894545245838;382,68487283654434
134;121,9;391,992;371,38886138284926;424,489320877529;382,89549517750055
135;122,78333333333332;382,128;371,6239065143261;110,33597995577638;383,10611751845676
136;123,66666666666669;390,192;371,85895164580296;336,100661957327;383,3167398594129
137;124,55;384,576;372,0939967772798;155,80040445199768;383,5273622003691
138;125,43333333333334;392,448;372,32904190875666;404,77247467720485;383,7379845413253
139;126,31666666666666;387,6;372,5640870402335;226,07867853367438;383,94860688228147
140;127,2;383,256;372,7991321717104;109,34608477831694;384,1592292232377
141;128,08333333333334;386,568;373,0341773031873;183,16435678876275;384,3698515641939
142;128,96666666666667;378,552;373,26922243466413;27,90773880481621;384,58047390515003
143;129,85;389,064;373,504267566141;242,10527341328495;384,79109624610624
144;130,73333333333332;385,776;373,73931269761783;144,88184121532834;385,0017185870624
145;131,61666666666667;395,328;373,9743578290947;455,9780339630647;385,2123409280186
146;132,5;392,088;374,20940296057154;319,644232098261;385,4229632689748
147;133,38333333333333;407,04;374,4444480920484;1062,4700041839692;385,63358560993095
148;134,26666666666668;397,2;374,6794932235253;507,1732254692424;385,84420795088715
149;135,15;404,904;374,91453835500215;899,3678097567969;386,05483029184336
150;136,03333333333333;405,384;375,149583486479;914,119941913072;386,2654526327995
151;136,91666666666666;396,744;375,38462861795585;456,22274583608765;386,4760749737557
152;137,8;397,032;375,6196737494327;458,48771546073243;386,6866973147119
153;138,68333333333334;390,456;375,85471888090956;213,1974103187075;386,89731965566807
154;139,56666666666666;395,472;376,0897640123864;375,6710718795426;387,1079419966243
155;140,45;393,768;376,32480914386326;304,26490724361133;387,3185643375805
156;141,33333333333334;407,328;376,5598542753402;946,6787913339014;387,52918667853663
157;142,21666666666667;394,344;376,794899406817;307,9709316296549;387,73980901949284
158;143,1;415,32;377,0299445382939;1466,1283472605305;387,950431360449
159;143,98333333333332;401,904;377,2649896697707;607,0808300531446;388,1610537014052
160;144,86666666666667;413,52;377,5000348012476;1297,4378929193342;388,3716760423614
161;145,75;407,592;377,73507993272443;891,4356759036816;388,58229838331755
162;146,63333333333333;409,344;377,9701250642013;984,3200284871385;388,79292072427376
163;147,51666666666668;363,792;378,20517019567814;207,73947508958528;389,00354306522996
164;148,4;388,752;378,440215327155;106,33290313912151;389,2141654061861
165;149,28333333333333;380,424;378,6752604586319;3,058089983544248;389,4247877471423
166;150,16666666666666;384,6;378,91030559010875;32,37262247794801;389,6354100880985
167;151,05;361,464;379,1453507215856;312,6301633397157;389,8460324290547
168;151,93333333333334;390,888;379,38039585306245;132,4249532026137;390,0566547700109
169;152,81666666666666;366,864;379,6154409845393;162,59924718218932;390,26727711096703
170;153,7;353,904;379,85048611601616;673,2201417686193;390,47789945192324
171;154,58333333333334;354,912;380,085531247493;633,706675468508;390,68852179287944
172;155,46666666666667;382,152;380,32057637896986;3,3541124796670987;390,89914413383565
173;156,35;386,448;380,5556215104467;34,72012426415003;391,1097664747918
174;157,23333333333332;391,392;380,7906666419236;112,38826896906289;391,320388815748
175;158,11666666666667;405,864;381,0257117734005;616,9405620276315;391,53101115670415
176;159,0;397,896;381,2607569048773;276,73131283382713;391,74163349766036
177;159,88333333333333;408,504;381,4958020363542;729,4427572434834;391,95225583861657
178;160,76666666666668;403,824;381,73084716783103;488,1074020655763;392,1628781795727
179;161,65;413,112;381,9658922993079;970,0800249031143;392,3735005205289
180;162,53333333333333;407,064;382,20093743078473;618,1718803207143;392,5841228614851
181;163,41666666666666;415,728;382,43598256226164;1108,3584250746753;392,7947452024413
182;164,3;400,656;382,6710276937385;323,4592288569935;393,0053675433975
183;165,18333333333334;414,696;382,90607282521535;1010,5994697781134;393,2159898843537
184;166,06666666666666;402,072;383,1411179566922;358,3782949376339;393,42661222530984
185;166,95;413,73599999999993;383,37616308816905;921,719697312969;393,63723456626605
186;167,83333333333334;406,032;383,6112082196459;502,69190405799304;393,84785690722225
187;168,71666666666667;413,856;383,84625335112275;900,5848939297987;394,0584792481784
188;169,6;408,216;384,0812984825996;582,4838173340092;394,2691015891346
189;170,48333333333332;418,584;384,31634361407646;1174,2722741837267;394,47972393009076
190;171,36666666666667;406,296;384,55138874555337;472,8281186070068;394,69034627104696
191;172,25;408,528;384,7864338770302;563,6619619713473;394,90096861200317
192;173,13333333333333;408,024;385,0214790085071;529,1159719640729;395,1115909529593
193;174,01666666666668;404,04;385,2565241399839;352,81896538380744;395,3222132939155
194;174,9;401,808;385,4915692714608;266,2259117192188;395,53283563487173
195;175,78333333333333;399,888;385,7266144029376;200,54484202868494;395,7434579758279
196;176,66666666666666;403,512;385,9616595344145;308,01445045796856;395,9540803167841
197;177,55;396,936;386,1967046658914;115,33246427320653;396,1647026577403
198;178,43333333333334;402,624;386,43174979736824;262,188966624629;396,37532499869644
199;179,31666666666666;392,976;386,6667949288451;39,80606862988679;396,58594733965265
200;180,2;402,792;386,90184006032194;252,49718290854844;396,79656968060885
201;181,0833333333333;394,344;387,1368851917988;51,94250385859298;397,007192021565
202;181,96666666666667;403,872;387,37193032327565;272,2522993367589;397,2178143625212
203;182,85;398,544;387,6069754547525;119,61850590334589;397,42843670347736
204;183,7333333333333;404,376;387,84202058622935;273,3724752549908;397,63905904443357
205;184,61666666666667;396,816;388,0770657177062;76,36897239024931;397,8496813853898
206;185,5;405,408;388,3121108491831;292,26942585701903;398,0603037263459
207;186,38333333333333;400,824;388,54715598065997;150,72089907520547;398,2709260673021
208;187,26666666666668;405,576;388,7822011121368;282,0316810859954;398,48154840825833
209;188,15;410,808;389,01724624361367;474,8369492714646;398,6921707492145
210;189,03333333333333;412,344;389,2522913750905;533,2270072177186;398,9027930901707
211;189,91666666666663;413,088;389,4873365065674;556,9913173302446;399,1134154311269
212;190,8;414,504;389,7223816380442;614,1286086376246;399,32403777208305
213;191,6833333333333;414,312;389,9574267695211;593,1452372387611;399,53466011303925
214;192,56666666666663;407,76;390,19247190099793;308,618043509227;399,7452824539954
215;193,45;414,768;390,42751703247484;592,4591110923811;399,9559047949516
216;194,3333333333333;410,688;390,66256216395163;401,018160525437;400,1665271359078
217;195,21666666666667;414,744;390,89760729542854;568,6504450206402;400,377149476864
218;196,1;417,816;391,1326524269054;712,0010377065723;400,58777181782017
219;196,9833333333333;414,816;391,36769755838225;549,8228873935759;400,7983941587764
220;197,86666666666667;419,064;391,6027426898591;754,1206530537683;401,0090164997325
221;198,75;413,856;391,83778782133595;484,8016675446696;401,21963884068873
222;199,63333333333333;415,68;392,07283295281286;557,2983359937987;401,43026118164494
223;200,51666666666668;406,968;392,3078780842897;214,91917458348962;401,64088352260114
224;201,4;418,68;392,54292321576656;683,1467828249148;401,8515058635573
225;202,28333333333333;406,272;392,7779683472434;182,08889024559636;402,0621282045135
226;203,16666666666663;416,352;393,01301347872027;544,7082918404759;402,27275054546965
227;204,05;409,152;393,2480586101971;252,93535173028474;402,48337288642585
228;204,9333333333333;419,28;393,483103741674;665,479856562834;402,69399522738206
229;205,81666666666663;413,064;393,7181488731508;374,26195582221237;402,9046175683382
230;206,7;425,088;393,9531940046277;969,3761443694738;403,1152399092944
231;207,5833333333333;418,368;394,1882391361045;584,6608354351708;403,32586225025057
232;208,46666666666667;429,888;394,42328426758144;1257,746061981255;403,5364845912068
233;209,35;424,152;394,6583293990583;869,8766055168526;403,747106932163
234;210,2333333333333;428,88;394,89337453053514;1155,0907108016772;403,9577292731191
235;211,11666666666667;425,73599999999993;395,128419662012;936,8239741463859;404,16835161407533
236;212,0;426,048;395,36346479348884;941,5407008396227;404,37897395503154
237;212,88333333333333;425,304;395,5985099249657;882,41614059796;404,5895962959877
238;213,76666666666668;433,608;395,8335550564426;1426,908690793849;404,8002186369439
239;214,65;430,608;396,06860018791946;1192,9701393787498;405,0108409779001
240;215,53333333333333;430,128;396,3036453193963;1144,0869695592758;405,22146331885625
241;216,41666666666663;441,48;396,53869045087316;2019,7213039904407;405,43208565981246
242;217,3;432,216;396,77373558235;1256,154107050619;405,64270800076866
243;218,1833333333333;436,224;397,00878071382687;1537,8334236626445;405,8533303417248
244;219,06666666666663;433,68;397,2438258453037;1327,5947870313578;406,063952682681
245;219,95;441,144;397,47887097678057;1906,6434926144002;406,2745750236372
246;220,8333333333333;431,496;397,7139161082574;1141,2291920687321;406,4851973645934
247;221,71666666666667;434,4;397,94896123973433;1328,6782267023884;406,6958197055496
248;222,6;398,4;398,1840063712112;0,046653247677351545;406,90644204650573
249;223,4833333333333;374,208;398,41905150268803;586,1750148658112;407,11706438746194
250;224,36666666666667;323,52000000000004;398,6540966341649;5645,132477032022;407,32768672841814
251;225,25;282,096;398,88914176564174;13640,637963489287;407,53830906937435
252;226,13333333333333;265,728;399,1241868971186;17794,542678690992;407,7489314103305
253;227,01666666666668;310,368;399,35923202859544;7919,439377967312;407,9595537512867
254;227,9;392,976;399,5942771600723;43,80159256753461;408,17017609224285
255;228,78333333333333;426,048;399,82932229154915;687,4190607796178;408,38079843319906
256;229,66666666666663;465,9359999999999;400,06436742302606;4339,071978355844;408,59142077415527
257;230,55;479,424;400,2994125545029;6260,7003384201125;408,8020431151114
258;231,4333333333333;467,76;400,53445768597976;4519,273539414125;409,0126654560676
259;232,31666666666663;411,552;400,7695028174566;116,26224549155656;409,2232877970238
260;233,2;421,32;401,00454794893346;412,7175920391833;409,43391013798
261;234,0833333333333;432,6;401,2395930804103;983,4751221622499;409,6445324789362
262;234,96666666666667;432,504;401,47463821188717;962,821292977598;409,8551548198924
263;235,85;435,672;401,7096833433641;1153,4389526856116;410,06577716084854
264;236,7333333333333;431,73599999999993;401,9447284748409;887,5198590857531;410,27639950180475
265;237,61666666666667;436,704;402,1797736063178;1191,9222080822244;410,4870218427609
266;238,5;431,184;402,41481873779463;827,6657904976299;410,6976441837171
267;239,38333333333333;444,48;402,6498638692715;1749,7602887152807;410,9082665246733
268;240,26666666666668;431,304;402,88490900074834;807,6447332237454;411,1188888656295
269;241,15;446,064;403,1199541322252;1844,1910754935486;411,32951120658566
270;242,03333333333333;441,744;403,35499926370204;1473,7153775314873;411,54013354754187
271;242,91666666666663;448,176;403,5900443951789;1987,9074371950776;411,750755888498
272;243,8;444,144;403,8250895266558;1625,6145417575449;411,9613782294542
273;244,6833333333333;455,112;404,0601346581326;2606,2929548841644;412,17200057041043
274;245,56666666666663;444,552;404,2951797896095;1620,6115734517061;412,3826229113666
275;246,45;452,904;404,53022492108636;2340,0221153853263;412,5932452523228
276;247,3333333333333;447,168;404,7652700525632;1797,9915069952533;412,80386759327894
277;248,21666666666667;442,392;405,00031518404006;1398,1380933760886;413,01448993423514
278;249,1;445,248;405,2353603155169;1601,0113345202699;413,22511227519135
279;249,9833333333333;446,304;405,47040544699377;1667,3824441192983;413,4357346161475
280;250,86666666666667;449,136;405,7054505784706;1886,2126230559081;413,6463569571037
281;251,75;446,352;405,9404957099475;1633,0896789849276;413,8569792980599
282;252,63333333333333;454,848;406,1755408414244;2369,008280543213;414,06760163901606
283;253,51666666666668;448,296;406,41058597290123;1754,3879082214817;414,27822397997227
284;254,4;455,232;406,6456311043781;2360,6352424614597;414,4888463209285
285;255,28333333333333;449,496;406,88067623585493;1816,0658195229055;414,6994686618846
286;256,1666666666667;450,456;407,11572136733184;1878,3797519573134;414,91009100284083
287;257,05;453,24;407,35076649880864;2105,821751326864;415,12071334379704
288;257,93333333333334;451,392;407,58581163028555;1918,9821394829053;415,3313356847532
289;258,81666666666666;461,568;407,8208567617624;2888,755406271628;415,5419580257094
290;259,7;458,928;408,05590189323925;2587,9703657838904;415,7525803666656
291;260,5833333333333;470,76;408,2909470247161;3902,3825796288247;415,96320270762175
292;261,46666666666664;461,4;408,52599215619296;2795,660705466966;416,17382504857795
293;262,35;470,592;408,7610372876698;3823,0679499335647;416,38444738953416
294;263,2333333333333;454,248;408,99608241914666;2047,7360447443427;416,5950697304903
295;264,1166666666667;459,672;409,23112755062357;2544,281613454265;416,8056920714465
296;265,0;451,584;409,46617268210036;1773,9113779804131;417,0163144124027
297;265,8833333333333;456,72;409,7012178135773;2210,765878294266;417,22693675335887
298;266,76666666666665;447,576;409,9362629450541;1416,749805565467;417,4375590943151
299;267,65;456,888;410,171308076531;2182,449304272314;417,6481814352712
300;268,53333333333336;452,424;410,40635320800783;1765,4826419366082;417,85880377622743
301;269,4166666666667;458,76;410,6413983394847;2315,3998257633466;418,06942611718364
302;270,3;461,136;410,87644347096153;2526,023022495616;418,28004845813985
303;271,18333333333334;462,792;411,1114886024384;2670,8752583134933;418,490670799096
304;272,06666666666666;464,064;411,3465337339153;2779,1312495157813;418,70129314005214
305;272,95;463,536;411,5815788653921;2699,2618754321934;418,91191548100835
306;273,8333333333333;462,288;411,816623996869;2547,359795649429;419,12253782196456
307;274,71666666666664;458,064;412,05166912834585;2117,1345922425794;419,33316016292076
308;275,6;464,28;412,2867142598227;2703,301762059721;419,5437825038769
309;276,4833333333333;456,576;412,52175939129955;1940,7761156092733;419,7544048448331
310;277,3666666666667;467,232;412,7568045227764;2967,546922281725;419,96502718578927
311;278,25;462,9359999999999;412,99184965425326;2494,4181537585464;420,1756495267455
312;279,1333333333333;469,8;413,2268947857301;3200,516233584852;420,3862718677017
313;280,01666666666665;464,016;413,461939917207;2555,7129908546444;420,59689420865783
314;280,9;477,264;413,6969850486838;4040,765389820857;420,80751654961404
315;281,78333333333336;469,056;413,9320301801607;3038,6520486985496;421,01813889057024
316;282,6666666666667;477,168;414,1670753116376;3969,1165115887147;421,2287612315264
317;283,55;468,288;414,4021204431144;2903,6880156191796;421,4393835724826
318;284,43333333333334;474,744;414,6371655745913;3612,831544643502;421,6500059134388
319;285,31666666666666;465,648;414,87221070606813;2578,1807784217685;421,86062825439495
320;286,2;467,76;415,10725583754504;2772,311467836934;422,07125059535116
321;287,0833333333333;465,864;415,34230096902184;2552,4420729767376;422,2818729363073
322;287,96666666666664;470,352;415,57734610049874;3000,2627098101457;422,4924952772635
323;288,85;463,584;415,8123912319756;2282,126604285186;422,7031176182197
324;289,7333333333333;465,288;416,04743636345245;2424,63310724489;422,91373995917587
325;290,6166666666667;468,984;416,2824814949293;2777,4500527403075;423,1243623001321
326;291,5;462,24;416,51752662640615;2090,5445713989993;423,3349846410883
327;292,3833333333333;467,16;416,752571757883;2540,9088219841765;423,54560698204443
328;293,26666666666665;468,408;416,98761688935986;2644,0557992450076;423,75622932300064
329;294,15;472,536;417,22266202083676;3059,565358397142;423,96685166395685
330;295,03333333333336;466,344;417,4577071523136;2389,869628389752;424,17747400491305
331;295,9166666666667;478,056;417,69275228379047;3643,721674848473;424,3880963458692
332;296,8;475,896;417,9277974152673;3360,31251090461;424,5987186868254
333;297,68333333333334;464,856;418,1628425467442;2180,2509529545396;424,80934102778156
334;298,56666666666666;419,232;418,397887678221;0,6957433653435586;425,01996336873776
335;299,45;380,712;418,6329328096979;1437,9971451576218;425,23058570969397
336;300,3333333333333;349,776;418,86797794117473;4773,7014158237735;425,4412080506501
337;301,21666666666664;345,048;419,1030230726516;5484,146442290958;425,6518303916063
338;302,1;353,712;419,3380682041285;4306,780827932926;425,86245273256253
339;302,9833333333333;342,84;419,5731133356053;5887,97068217485;426,0730750735187
340;303,8666666666667;356,80799999999994;419,8081584670822;3969,0199668774762;426,2836974144749
341;304,75;355,32;420,04320359855905;4189,093084060528;426,4943197554311
342;305,6333333333333;343,60799999999995;420,2782487300359;5878,327040325579;426,70494209638724
343;306,51666666666665;344,37600000000003;420,51329386151275;5796,887516554342;426,91556443734345
344;307,4;386,73599999999993;420,7483389929896;1156,8392037740455;427,1261867782996
345;308,28333333333336;404,04;420,9833841244665;287,0782655892231;427,3368091192558
346;309,1666666666667;423,288;421,21842925594336;4,283123064655188;427,547431460212
347;310,05;432,36;421,4534743874202;118,95230093785915;427,7580538011682
348;310,93333333333334;427,8;421,68851951889707;37,35019367090228;427,96867614212437
349;311,81666666666666;430,272;421,9235646503739;69,6963727868862;428,1792984830806
350;312,7;432,984;422,15860978185077;117,18907337520059;428,3899208240367
351;313,5833333333333;429,552;422,3936549133276;51,24190437988686;428,6005431649929
352;314,46666666666664;428,232;422,6287000448045;31,396970387894484;428,81116550594913
353;315,35;433,92;422,8637451762813;122,24077072700277;429,0217878469053
354;316,2333333333333;438,312;423,09879030775824;231,4417491401191;429,2324101878615
355;317,1166666666667;436,896;423,3338354392351;183,93230757326813;429,44303252881764
356;318,0;441,744;423,56888057071194;330,33496626888535;429,65365486977385
357;318,8833333333333;442,368;423,8039257021888;344,6248545346545;429,86427721073005
358;319,76666666666665;439,128;424,03897083366564;227,67880118248846;430,07489955168626
359;320,65;438,816;424,2740159651425;211,46929967004976;430,2855218926424
360;321,53333333333336;440,28;424,50906109661935;248,72251389416445;430,4961442335986
361;322,4166666666667;444,744;424,74410622809626;399,99575088743524;430,70676657455476
362;323,3;442,416;424,97915135957305;304,043690509159;430,91738891551097
363;324,18333333333334;447,528;425,21419649104996;497,90582703603195;431,1280112564672
364;325,06666666666666;444,072;425,4492416225268;346,8071295857479;431,3386335974233
365;325,95;449,256;425,68428675400367;555,6256653514778;431,54925593837953
366;326,8333333333333;445,272;425,9193318854805;374,5257631507387;431,7598782793357
367;327,71666666666664;452,928;426,15437701695737;716,8268876381085;431,9705006202919
368;328,6;449,064;426,3894221484343;514,1364807467157;432,1811229612481
369;329,4833333333333;454,008;426,6244672799111;749,8578642321798;432,39174530220424
370;330,3666666666667;451,776;426,859512411388;620,8313537534573;432,60236764316045
371;331,25;456,312;427,09455754286483;853,6589437360053;432,81298998411665
372;332,1333333333333;449,208;427,3296026743417;478,66426953937406;433,0236123250728
373;333,01666666666665;448,776;427,56464780581854;449,92146190560715;433,234234666029
374;333,9;445,176;427,7996929372954;301,9360471373977;433,4448570069852
375;334,78333333333336;445,608;428,03473806877224;308,8195349035389;433,6554793479414
376;335,6666666666667;442,848;428,2697832002491;212,52440506053992;433,8661016888976
377;336,55;446,208;428,504828331726;313,4022871163801;434,0767240298538
378;337,43333333333334;453,792;428,7398734632028;627,6090440156972;434,2873463708099
379;338,31666666666666;455,208;428,9749185946797;688,1745600181628;434,49796871176613
380;339,2;453,384;429,20996372615656;584,3840297690991;434,70859105272234
381;340,0833333333333;449,592;429,4450088576334;405,90125209059715;434,9192133936785
382;340,96666666666664;454,632;429,68005398911026;622,5996097303565;435,1298357346347
383;341,85;449,424;429,9150991205871;380,59721352275596;435,3404580755909
384;342,7333333333333;452,52;430,15014425206397;500,410446183466;435,55108041654705
385;343,6166666666667;451,992;430,3851893835408;466,854265015534;435,76170275750326
386;344,5;457,44;430,6202345150177;719,2998206694463;435,97232509845946
387;345,3833333333333;451,128;430,8552796464945;410,9831905314347;436,1829474394156
388;346,26666666666665;455,208;431,09032477797143;581,662258115252;436,3935697803718
389;347,15;450,648;431,3253699094483;373,36403361629556;436,60419212132797
390;348,03333333333336;454,584;431,56041504092514;530,0854643677385;436,8148144622842
391;348,9166666666667;452,856;431,795460172402;443,5463378298419;437,0254368032404
392;349,8;457,224;432,03050530387884;634,7121750034845;437,2360591441966
393;350,68333333333334;455,73599999999993;432,2655504353557;550,862002766509;437,44668148515274
394;351,56666666666666;456,072;432,50059556683254;555,6111069519466;437,65730382610894
395;352,45;458,496;432,73564069830945;663,5961113521937;437,8679261670651
396;353,3333333333333;459,048;432,97068582978625;680,026314332031;438,0785485080213
397;354,21666666666664;459,504;433,20573096126316;691,5989544337858;438,2891708489775
398;355,1;457,752;433,44077609274;591,0356078689302;438,49979318993365
399;355,9833333333333;460,344;433,67582122421686;711,19175921713;438,71041553088986
400;356,8666666666667;454,68;433,9108663556937;431,35691233505565;438,921037871846
401;357,75;456,792;434,14591148717057;512,8453249309041;439,1316602128022
402;358,6333333333333;451,464;434,3809566186475;291,8303711691723;439,3422825537584
403;359,51666666666665;453,864;434,61600175012427;370,4854366272183;439,55290489471463
404;360,4;450,984;434,8510468816012;260,27217632045364;439,7635272356708
405;361,28333333333336;455,28;435,08609201307803;407,7939197842698;439,974149576627
406;362,1666666666667;449,664;435,3211371445549;205,71771489010692;440,18477191758313
407;363,05;456,48;435,55618227603173;437,8061481458493;440,39539425853934
408;363,9333333333333;453,912;435,7912274075086;328,36239934878716;440,60601659949555
409;364,81666666666666;454,968;436,02627253898544;358,7890392073538;440,8166389404517
410;365,7;453,12;436,2613176704623;284,21516988826716;441,0272612814079
411;366,5833333333333;453,888;436,4963628019392;302,46904442897136;441,23788362236405
412;367,4666666666666;453,36;436,731407933416;276,510074116861;441,44850596332026
413;368,35;453,408;436,9664530648929;270,32446561933006;441,65912830427646
414;369,23333333333335;455,856;437,20149819636976;347,99043754164387;441,86975064523267
415;370,1166666666667;453,336;437,4365433278466;252,79272246968344;442,0803729861888
416;371,0;457,416;437,67158845932346;389,84178708760084;442,290995327145
417;371,8833333333333;456,576;437,9066335908003;348,5452421209545;442,5016176681012
418;372,76666666666665;451,128;438,14167872227716;168,64454032823653;442,7122400090574
419;373,65;416,304;438,376723853754;487,20513832408267;442,9228623500136
420;374,53333333333336;393,888;438,6117689852309;2000,2155122443055;443,1334846909698
421;375,4166666666667;345,79200000000003;438,8468141167078;8659,198430295031;443,34410703192594
422;376,3;328,848;439,0818592481846;12151,503724748576;443,55472937288215
423;377,1833333333333;319,584;439,3169043796615;14335,968391189159;443,7653517138383
424;378,06666666666666;329,856;439,55194951113833;12033,201339150211;443,9759740547945
425;378,95;343,824;439,7869946426152;9208,896340778589;444,1865963957507
426;379,8333333333333;382,968;440,02203977409204;3255,163454543674;444,39721873670686
427;380,7166666666666;395,856;440,2570849055689;1971,4563407915377;444,607841077663
428;381,6;406,536;440,4921300370458;1153,0187670927637;444,8184634186193
429;382,48333333333335;427,272;440,72717516852265;181,04173881562872;445,0290857595754
430;383,3666666666667;437,256;440,9622202999995;13,736068912128601;445,23970810053163
431;384,25;443,328;441,19726543147635;4,540029801501543;445,45033044148784
432;385,1333333333333;441,84;441,4323105629532;0,16621067707951212;445,660952782444
433;386,01666666666665;446,856;441,66735569443006;26,922029729723338;445,8715751234002
434;386,9;448,056;441,9024008259069;37,86678279539896;446,08219746435634
435;387,78333333333336;448,488;442,13744595738376;40,329536648189446;446,29281980531255
436;388,6666666666667;446,448;442,37249108886067;16,609772884775918;446,50344214626875
437;389,55;449,328;442,6075362203375;45,164633413754935;446,71406448722496
438;390,4333333333333;445,176;442,8425813518144;5,444842587700377;446,9246868281811
439;391,31666666666666;445,296;443,0776264832912;4,921181059634819;447,1353091691373
440;392,2;442,632;443,3126716147681;0,4633138471509762;447,34593151009346
441;393,0833333333333;442,68;443,54771674624493;0,7529323517138767;447,55655385104967
442;393,9666666666666;439,752;443,7827618777218;16,24704131489515;447,7671761920058
443;394,85;443,568;444,0178070091987;0,20232634552428605;447,977798532962
444;395,73333333333335;443,304;444,2528521406755;0,9003203848645027;448,18842087391823
445;396,6166666666667;443,496;444,4878972721524;0,9838601985034005;448,3990432148744
446;397,5;444,024;444,72294240362925;0,4885204835910281;448,6096655558306
447;398,3833333333333;446,712;444,9579875351061;3,0765597270031395;448,8202878967868
448;399,26666666666665;449,28;445,19303266658295;16,70330198441784;449,030910237743
449;400,15;446,184;445,4280777980598;0,5714183753861549;449,24153257869915
450;401,03333333333336;447,696;445,6631229295367;4,132589183615507;449,45215491965536
451;401,9166666666667;444,24;445,8981680610135;2,749521318565264;449,6627772606115
452;402,8;442,896;446,1332131924904;10,479549253633895;449,8733996015677
453;403,6833333333333;439,464;446,3682583239672;47,66878300407054;450,0840219425239
454;404,56666666666666;441,6;446,6033034554441;25,033045467258844;450,29464428348007
455;405,45;440,496;446,838348586921;40,2253855980187;450,5052666244363
456;406,3333333333333;446,544;447,0733937183978;0,28025770907909303;450,7158889653924
457;407,2166666666666;449,88;447,3084388498747;6,612926748833855;450,92651130634863
458;408,1;451,848;447,5434839813515;18,528858154801405;451,13713364730484
459;408,98333333333335;453,216;447,77852911282844;29,566089648838393;451,34775598826104
460;409,8666666666667;454,248;448,01357424430523;38,868064503270155;451,5583783292172
461;410,75;453,336;448,24861937578214;25,88144161566742;451,7690006701734
462;411,6333333333333;447,12;448,483664507259;1,8595808883579001;451,97962301112955
463;412,51666666666665;445,608;448,71870963873585;9,676514456524067;452,19024535208575
464;413,4;447,024;448,9537547702127;3,723953473158656;452,40086769304196
465;414,28333333333336;448,896;449,18879990168955;0,08573178242940088;452,61149003399817
466;415,1666666666667;449,208;449,4238450331664;0,04658907834259326;452,8221123749543
467;416,05;455,976;449,65889016464325;39,90587667196093;453,0327347159105
468;416,9333333333333;455,448;449,8939352961201;30,84763473488423;453,24335705686667
469;417,81666666666666;456,096;450,12898042759696;35,60532257744104;453,4539793978229
470;418,7;450,864;450,36402555907387;0,249974441579376;453,6646017387791
471;419,5833333333333;454,392;450,5990706905507;14,386312746479375;453,87522407973523
472;420,4666666666666;450,504;450,83411582202757;0,10897645595292578;454,08584642069144
473;421,35;452,952;451,0691609535044;3,5450828750083696;454,29646876164765
474;422,23333333333335;450,432;451,3042060849813;0,7607434546783332;454,5070911026038
475;423,1166666666667;456,552;451,5392512164581;25,127650366900745;454,71771344356
476;424,0;454,128;451,774296347935;5,5399208817441545;454,9283357845162
477;424,8833333333333;455,352;452,0093414794119;11,173365985260148;455,13895812547236
478;425,76666666666665;454,968;452,2443866108887;7,4180698933465345;455,34958046642856
479;426,65;457,152;452,4794317423656;21,832894122252533;455,5602028073847
480;427,53333333333336;456,504;452,71447687384244;14,360485523683087;455,7708251483409
481;428,4166666666667;453,984;452,9495220053193;1,0701447214785718;455,9814474892971
482;429,3;456,168;453,18456713679615;8,900871649244777;456,19206983025333
483;430,1833333333333;453,816;453,419612268273;0,15712323386365618;456,4026921712095
484;431,06666666666666;452,976;453,6546573997499;0,46057586623530783;456,6133145121657
485;431,95;451,776;453,8897025312267;4,467738390514128;456,82393685312184
486;432,8333333333333;455,304;454,1247476627036;1,3906360750189315;457,03455919407804
487;433,7166666666666;450,6;454,3597927941804;14,136041855170744;457,2451815350342
488;434,6;454,872;454,5948379256573;0,0768188154539472;457,45580387599045
489;435,48333333333335;458,016;454,82988305713417;10,151341173616839;457,6664262169466
490;436,3666666666667;461,88;455,064928188611;46,44520379438861;457,87704855790275
491;437,25;457,8;455,2999733200879;6,250133400272513;458,08767089885896
492;438,1333333333333;463,704;455,5350184515647;66,73225953867612;458,29829323981517
493;439,01666666666665;464,256;455,77006358304163;72,01111687265973;458,5089155807714
494;439,9;460,608;456,0051087145184;21,186608185962232;458,7195379217275
495;440,78333333333336;458,28;456,24015384599534;4,160972332007503;458,9301602626837
496;441,6666666666667;456,624;456,4751989774722;0,022141744305329093;459,1407826036399
497;442,55;455,04;456,71024410894904;2,7897153834789084;459,3514049445961
498;443,4333333333333;452,232;456,9452892404259;22,21509546391423;459,5620272855523
499;444,31666666666666;452,016;457,18033437190275;26,67034950481592;459,77264962650844
500;445,2;450,984;457,4153795033796;41,362642316491446;459,98327196746465
501;446,0833333333333;461,136;457,65042463485645;12,149235626095765;460,1938943084208
502;446,9666666666666;473,544;457,8854697663333;245,18956907865353;460,404516649377
503;447,85;455,52;458,1205148978102;6,762677733732943;460,6151389903332
504;448,73333333333335;434,4;458,35556002928706;573,868856316777;460,8257613312894
505;449,6166666666667;405,528;458,5906051607639;2815,640066447127;461,03638367224556
506;450,5;350,112;458,82565029224077;11818,657759863616;461,24700601320177
507;451,3833333333333;298,968;459,0606954237176;25629,671128031212;461,4576283541579
508;452,26666666666665;320,328;459,29574055519447;19312,03291501585;461,6682506951141
509;453,15;353,59200000000004;459,5307856866713;11223,026312766468;461,87887303607033
510;454,03333333333336;353,976;459,76583081814823;11191,488304532426;462,08949537702654
511;454,9166666666667;392,73599999999993;460,0008759496251;4524,56353651846;462,3001177179827
512;455,8;425,616;460,23592108110194;1198,5389356617272;462,5107400589389
513;456,6833333333333;420,192;460,4709662125788;1622,395119154063;462,72136239989504
514;457,56666666666666;410,016;460,70601134405564;2569,477250060487;462,93198474085125
515;458,45;441,432;460,9410564755325;380,6032845655156;463,14260708180745
516;459,3333333333333;450,672;461,17610160700934;110,33615057037574;463,3532294227636
517;460,2166666666666;454,896;461,4111467384862;42,44713702400711;463,5638517637198
518;461,1;454,416;461,6461918699631;52,27567447648062;463,774474104676
519;461,98333333333335;452,304;461,88123700143996;91,7234685817511;463,98509644563217
520;462,8666666666667;450,216;462,1162821329168;141,61671484301883;464,1957187865884
521;463,75;450,888;462,35132726439366;131,40787197059157;464,4063411275446
522;464,6333333333333;452,448;462,5863723958705;102,78659483734961;464,6169634685007
523;465,51666666666665;455,016;462,82141752734736;60,92454277622114;464,82758580945693
524;466,4;453,384;463,0564626588242;93,55653388634855;465,0382081504131
525;467,28333333333336;455,28;463,2915077903011;64,18425707405605;465,2488304913693
526;468,1666666666667;453,888;463,5265529217779;92,90170242591414;465,4594528323255
527;469,05;454,8;463,76159805325483;80,31023966810054;465,6700751732817
528;469,9333333333333;452,76;463,9966431847316;126,26215006097587;465,88069751423785
529;470,81666666666666;456,6;464,23168831620853;58,24266655575349;466,09131985519406
530;471,7;450,24;464,4667334476854;202,39994459148983;466,3019421961502
531;472,5833333333333;450,552;464,70177857916224;200,2162338393179;466,5125645371064
532;473,4666666666666;450,264;464,9368237106391;215,29175564349237;466,72318687806256
533;474,35;450,0;465,17186884211594;230,18560416236852;466,9338092190188
534;475,23333333333335;446,568;465,40691397359285;354,90467970443257;467,144431559975
535;476,1166666666667;448,776;465,6419591050697;284,4605765338832;467,3550539009312
536;477,0;450,144;465,87700423654655;247,52742230719164;467,56567624188733
537;477,8833333333333;451,992;466,1120493680234;199,37579415541768;467,77629858284354
538;478,76666666666665;452,928;466,34709449950026;180,07209718651816;467,98692092379974
539;479,65;452,73599999999993;466,5821396309771;191,7155826805168;468,1975432647559
540;480,53333333333336;454,728;466,81718476245396;146,14838822074887;468,4081656057121
541;481,4166666666667;454,92;467,05222989393087;147,19100219918948;468,61878794666825
542;482,3;454,2;467,28727502540767;171,27676759065955;468,82941028762446
543;483,1833333333333;453,528;467,5223201568846;195,84099665338536;469,04003262858066
544;484,06666666666666;459,0;467,75736528836137;76,69144679379663;469,25065496953687
545;484,95;459,648;467,9924104198383;69,62918525470523;469,461277310493
546;485,8333333333333;462,648;468,22745555131513;31,130324249100962;469,67189965144917
547;486,7166666666666;461,568;468,462500682792;47,53413966501935;469,8825219924054
548;487,6;463,776;468,6975458142689;24,22161320194755;470,0931443333616
549;488,48333333333335;461,472;468,9325909457457;55,66041725974283;470,3037666743178
550;489,3666666666667;460,296;469,1676360772226;78,70592668667767;470,51438901527393
551;490,25;458,352;469,4026812086994;122,11755517630239;470,72501135623014
552;491,1333333333333;458,088;469,6377263401763;133,39617853296173;470,9356336971863
553;492,01666666666665;460,2;469,8727714716531;93,56250794282622;471,1462560381425
554;492,9;460,32;470,10781660313;95,8013538565075;471,3568783790987
555;493,78333333333336;462,768;470,34286173460686;57,37853029841161;471,5675007200549
556;494,6666666666667;459,6;470,5779068660837;120,51443916040732;471,77812306101106
557;495,55;462,12;470,8129519975606;75,56741443189304;471,98874540196726
558;496,4333333333333;458,952;471,0479971290374;146,31314654568138;472,1993677429234
559;497,31666666666666;455,952;471,2830422605143;235,0408567936761;472,4099900838796
560;498,2;447,912;471,5180873919911;557,247361958323;472,6206124248358
561;499,0833333333333;452,04;471,753132523468;388,607593887812;472,831234765792
562;499,9666666666666;446,616;471,9881776549448;643,747398954082;473,0418571067482
563;500,85;450,528;472,22322278642173;470,6826917524718;473,2524794477044
564;501,73333333333335;454,776;472,4582679178986;312,66259872034504;473,46310178866054
565;502,6166666666667;460,152;472,69331304937543;157,28453300243487;473,67372412961674
566;503,5;459,24;472,92835818085234;187,371149687307;473,88434647057295
567;504,3833333333333;460,992;473,16340331232914;148,14305859137625;474,0949688115291
568;505,26666666666665;458,904;473,39844844380605;210,08903569015163;474,3055911524853
569;506,15;457,008;473,63349357528284;276,4070366217717;474,51621349344146
570;507,03333333333336;459,6;473,86853870675975;203,59119682630055;474,72683583439766
571;507,9166666666667;458,976;474,1035838382366;228,84379278287727;474,93745817535387
572;508,8;460,2;474,33862896971345;199,90082914322085;475,1480805163101
573;509,6833333333333;460,296;474,5736741011903;203,85197773980065;475,3587028572662
574;510,56666666666666;458,064;474,80871923266716;280,3856221808527;475,56932519822243
575;511,45;462,312;475,04376436414407;162,0978238240885;475,7799475391786
576;512,3333333333334;463,656;475,2788094956209;135,08970057149568;475,9905698801348
577;513,2166666666667;467,472;475,51385462709777;64,67142584337415;476,201192221091
578;514,1;466,488;475,7488997585746;85,76426433836752;476,4118145620472
579;514,9833333333333;472,344;475,9839448900515;13,24919880261189;476,62243690300335
580;515,8666666666667;464,088;476,2189900215283;147,1609189024193;476,83305924395955
581;516,75;465,984;476,4540351530052;109,6216361051646;477,0436815849157
582;517,6333333333333;464,76;476,6890802844821;142,30295643361947;477,2543039258719
583;518,5166666666667;470,976;476,9241254159589;35,38019596397605;477,4649262668281
584;519,4;469,104;477,1591705474358;64,88577254827729;477,67554860778426
585;520,2833333333333;477,216;477,3942156789126;0,031760828210271555;477,88617094874047
586;521,1666666666666;476,448;477,6292608103895;1,395377102162099;478,0967932896966
587;522,05;480,336;477,8643059418663;6,109271517013544;478,3074156306528
588;522,9333333333333;481,536;478,0993510733432;11,810555845091342;478,51803797160903
589;523,8166666666667;465,0;478,3343962048201;177,80612214712093;478,72866031256524
590;524,7;439,368;478,5694413362969;1536,7530028431281;478,9392826535214
591;525,5833333333334;410,208;478,8044864677738;4705,477955723472;479,1499049944776
592;526,4666666666667;388,296;479,0395315992506;8234,388527104195;479,36052733543374
593;527,35;395,424;479,2745767307275;7030,919218075626;479,57114967638995
594;531,7666666666667;410,328;480,4498023881118;4917,067170157402;480,62426138117087
595;532,65;431,4;480,68484751958863;2428,9961950291035;480,8348837221271
596;533,5333333333333;458,352;480,91989265106554;509,30977871001903;481,0455060630833
597;534,4166666666666;477,96;481,15493778254233;10,207627434316654;481,25612840403943
598;535,3;461,232;481,38998291401924;406,3442751618906;481,4667507449956
599;536,1833333333333;465,192;481,62502804549604;270,04441074405906;481,6773730859518
600;537,0666666666667;464,184;481,86007317697295;312,44356295770154;481,887995426908
601;537,95;465,48;482,09511830844986;276,06215640378497;482,0986177678642
602;538,8333333333334;461,04;482,33016343992665;453,2710592987885;482,3092401088204
603;539,7166666666667;466,776;482,56520857140356;249,2991073112833;482,51986244977655
604;540,6;461,64;482,80025370288035;447,75633677026235;482,73048479073276
605;541,4833333333333;466,176;483,03529883435726;284,2359571861606;482,9411071316889
606;542,3666666666667;467,73599999999993;483,2703439658341;241,31584244884885;483,1517294726451
607;543,25;469,704;483,50538909731097;190,47834101537381;483,3623518136013
608;544,1333333333333;465,768;483,7404342287878;323,008392108105;483,57297415455747
609;545,0166666666667;471,024;483,97547936026467;167,74081761936176;483,7835964955137
610;545,9;463,15199999999993;484,2105244917415;443,4614537692805;483,9942188364698
611;546,7833333333333;458,256;484,4455696232184;685,8935570494042;484,20484117742603
612;547,6666666666666;452,112;484,6806147546953;1060,714667039754;484,41546351838224
613;548,55;455,448;484,9156598861721;868,3429791671164;484,62608585933845
614;549,4333333333333;451,32;485,150705017649;1144,516601991181;484,8367082002946
615;550,3166666666667;456,072;485,38575014912584;859,295947805375;485,0473305412508
616;551,2;456,048;485,6207952806027;874,5502207084368;485,25795288220695
617;552,0833333333334;462,696;485,8558404120796;536,3782079129942;485,46857522316316
618;552,9666666666667;459,336;486,0908855435564;715,8239004488024;485,67919756411936
619;553,85;460,128;486,3259306750333;686,3315716538517;485,88981990507557
620;554,7333333333333;456,504;486,5609758065101;903,4217946331323;486,1004422460317
621;555,6166666666667;455,136;486,796020937987;1002,3569257937743;486,31106458698787
622;556,5;451,224;487,0310660694638;1282,1459805029467;486,5216869279441
623;557,3833333333333;448,944;487,2661112009407;1468,5842068972645;486,7323092689003
624;558,2666666666667;447,768;487,50115633241757;1578,7237121363362;486,9429316098565
625;559,15;452,136;487,7362014638944;1267,3743442698685;487,15355395081264
626;560,0333333333333;456,456;487,97124659537127;993,2107679670593;487,3641762917688
627;560,9166666666666;457,008;488,2062917268481;973,3334066735212;487,574798632725
628;561,8;463,488;488,441336858325;622,6690203650397;487,7854209736812
629;562,6833333333333;462,864;488,6763819898018;666,2790639874469;487,9960433146374
630;563,5666666666667;462,432;488,91142712127873;701,160060671111;488,2066656555936
631;564,45;461,808;489,1464722527556;747,3920651146875;488,4172879965498
632;565,3333333333334;462,504;489,38151738423244;722,4009407397159;488,62791033750597
633;566,2166666666667;456,024;489,6165625157093;1128,4602563718367;488,8385326784621
634;567,1;458,712;489,85160764718614;969,6751644206944;489,0491550194183
635;567,9833333333333;453,84;490,08665277866305;1313,8198376569637;489,2597773603745
636;568,8666666666667;451,08;490,32169791013985;1539,9108548706752;489,47039970133073
637;569,75;450,504;490,55674304161676;1604,222225157778;489,6810220422869
638;570,6333333333333;449,424;490,79178817309355;1711,2938983339404;489,89164438324303
639;571,5166666666667;447,792;491,02683330457046;1869,2508108739974;490,10226672419924
640;572,4;454,032;491,2618784360473;1386,063848362862;490,31288906515545
641;573,2833333333333;461,088;491,49692356752416;924,7026325355251;490,52351140611165
642;574,1666666666666;457,944;491,731968699001;1141,6268288046713;490,7341337470678
643;575,05;465,576;491,96701383047787;696,4856110004729;490,94475608802395
644;575,9333333333333;466,728;492,2020589619547;648,9276799971451;491,15537842898016
645;576,8166666666667;465,456;492,43710409343157;727,9799781005889;491,36600076993636
646;577,7;458,472;492,6721492249085;1169,6502070060094;491,57662311089257
647;578,5833333333334;461,496;492,90719435638533;986,6631308946149;491,7872454518488
648;579,4666666666667;461,184;493,1422394878622;1021,3290711635522;491,9978677928049
649;580,35;463,32;493,37728461933904;903,4403586879554;492,20849013376113
650;581,2333333333333;461,856;493,6123297508159;1008,4644792425546;492,4191124747173
651;582,1166666666667;464,64;493,8473748822928;853,070747514789;492,6297348156735
652;583,0;466,608;494,0824200137696;754,8437550930229;492,8403571566297
653;583,8833333333333;462,24;494,3174651452465;1028,9637701445035;493,0509794975859
654;584,7666666666667;461,424;494,5525102767233;1097,4981931549626;493,26160183854205
655;585,65;459,72;494,7875554082002;1229,7334423071895;493,4722241794982
656;586,5333333333333;462,648;495,022600539677;1048,1147601036528;493,6828465204544
657;587,4166666666666;463,68;495,2576456711539;997,1477061329448;493,8934688614106
658;588,3;468,216;495,49269080263076;744,0178611423212;494,1040912023668
659;589,1833333333333;466,488;495,7277359341076;854,962157496344;494,31471354332297
660;590,0666666666667;473,424;495,9627810655845;507,9966519223524;494,5253358842792
661;590,95;474,384;496,1978261970613;475,843013355598;494,7359582252353
662;591,8333333333334;477,192;496,4328713285382;370,2111294813641;494,9465805661915
663;592,7166666666667;483,672;496,6679164600151;168,8938446356902;495,15720290714773
664;593,6;487,704;496,90296159149193;84,62089436174361;495,36782524810394
665;594,4833333333333;487,392;497,1380067229688;94,98464704415278;495,5784475890601
666;595,3666666666667;492,552;497,37305185444563;23,24254098325349;495,78906993001624
667;596,25;496,128;497,6080969859225;2,190687087736871;495,99969227097245
668;597,1333333333333;494,64;497,84314211739934;10,260119424257605;496,21031461192865
669;598,0166666666667;502,104;498,07818724887625;16,207168307110475;496,42093695288486
670;598,9;509,568;498,31323238035304;126,66979417225328;496,631559293841
671;599,7833333333333;503,4;498,54827751182995;23,539211102214747;496,8421816347972
672;600,6666666666666;482,064;498,78332264330675;279,535749650989;497,05280397575336
673;601,55;449,28;499,01836777478366;2473,90522889964;497,26342631670957
674;602,4333333333333;427,152;499,2534129062605;5198,613743079071;497,4740486576658
675;603,3166666666667;425,4;499,48845803773736;5489,0996144095725;497,684670998622
676;604,2;417,288;499,72350316921427;6795,612182761534;497,8952933395782
677;605,0833333333334;434,064;499,95854830069106;4342,0914957521045;498,10591568053434
678;605,9666666666667;412,2;500,193593432168;7742,872485105677;498,3165380214905
679;606,85;396,528;500,42863856364477;10795,342693933142;498,5271603624467
680;607,7333333333333;368,688;500,6636836951217;17417,58108679481;498,7377827034029
681;608,6166666666667;365,76;500,89872882659853;18262,476028868936;498,9484050443591
682;609,5;357,912;501,1337739580754;20512,476535698046;499,15902738531526
683;610,3833333333333;408,096;501,36881908955223;8699,81878091234;499,3696497262714
684;611,2666666666667;443,616;501,6038642210291;3362,592396916507;499,5802720672276
685;612,15;462,384;501,838909352506;1556,6898720144638;499,7908944081838
686;613,0333333333333;478,104;502,0739544839828;574,5587179642073;500,00151674914
687;613,9166666666666;489,384;502,3089996154597;167,05561505963294;500,2121390900962
688;614,8;495,384;502,5440447469365;51,266240778132655;500,4227614310523
689;615,6833333333333;489,504;502,7790898784134;176,22801127995342;500,63338377200853
690;616,5666666666667;495,912;503,01413500989025;50,44032169870915;500,84400611296473
691;617,45;497,064;503,2491801413671;38,25645338116174;501,05462845392094
692;618,3333333333334;495,84;503,484225272844;58,43418002198753;501,26525079487715
693;619,2166666666667;490,8;503,7192704043208;166,9075477799593;501,4758731358333
694;620,1;494,424;503,9543155357977;90,82691421186777;501,6864954767895
695;620,9833333333333;488,928;504,1893606672745;232,90912941663368;501,89711781774565
696;621,8666666666667;485,928;504,4244057987514;342,11702747208534;502,10774015870186
697;622,75;486,216;504,6594509302283;340,1608822157379;502,31836249965806
698;623,6333333333333;489,456;504,8944960617051;238,34716064728417;502,52898484061427
699;624,5166666666667;487,608;505,129541193182;307,0044057843728;502,7396071815704
700;625,4;492,336;505,36458632465883;169,74406161908675;502,95022952252657
701;626,2833333333333;495,312;505,5996314561357;105,83536097727215;503,1608518634828
702;627,1666666666666;494,232;505,83467658761253;134,6221039967314;503,371474204439
703;628,05;492,12;506,06972171908944;194,5947360400356;503,5820965453952
704;628,9333333333333;490,992;506,30476685056624;234,48082861979972;503,79271888635134
705;629,8166666666667;490,968;506,53981198204315;242,481328404102;504,00334122730754
706;630,7;484,392;506,77485711352;500,99229256425303;504,2139635682637
707;631,5833333333334;484,632;507,00990224499685;500,7705088866349;504,4245859092199
708;632,4666666666667;482,688;507,24494737647376;603,043664450902;504,6352082501761
709;633,35;481,488;507,47999250795056;675,5836745333578;504,8458305911323
710;634,2333333333333;479,88;507,71503763942746;774,789320388344;505,05645293208846
711;635,1166666666667;478,68;507,95008277090426;856,737745415586;505,2670752730446
712;636,0;476,808;508,18512790238117;984,5241554023874;505,4776976140008
713;636,8833333333333;477,096;508,42017303385796;981,2038162550742;505,688319954957
714;637,7666666666667;480,192;508,6552181653349;810,1547883274486;505,89894229591323
715;638,65;474,432;508,8902632968117;1187,3719094324008;506,1095646368694
716;639,5333333333333;478,824;509,1253084282886;918,1692924662716;506,3201869778256
717;640,4166666666666;471,96;509,36035355976543;1398,7864463954602;506,53080931878173
718;641,3;473,256;509,5953986912423;1320,5518972410632;506,74143165973794
719;642,1833333333333;467,544;509,83044382271913;1788,1433311719825;506,95205400069415
720;643,0666666666667;474,744;510,06548895419604;1247,607581941391;507,16267634165035
721;643,95;470,544;510,3005340856729;1580,582002505272;507,37329868260656
722;644,8333333333334;478,584;510,53557921714975;1020,9034144697954;507,5839210235627
723;645,7166666666667;470,088;510,7706243486266;1655,0759238914638;507,79454336451886
724;646,6;475,896;511,00566948010345;1232,6888910021066;508,00516570547506
725;647,4833333333333;470,73599999999993;511,2407146115803;1640,6319057655721;508,21578804643127
726;648,3666666666667;470,976;511,4757597430572;1640,2305392453575;508,4264103873875
727;649,25;468,24;511,710804874534;1889,7108764398088;508,6370327283436
728;650,1333333333333;475,68;511,9458500060109;1315,2118766584813;508,8476550692998
729;651,0166666666667;471,672;512,1808951374877;1640,9705852599734;509,058277410256
730;651,9;473,976;512,4159402689646;1477,6290078815678;509,2688997512122
731;652,7833333333333;474,672;512,6509854004414;1442,40333204694;509,4795220921684
732;653,6666666666666;476,976;512,8860305319183;1289,530292803306;509,69014443312454
733;654,55;474,336;513,1210756633952;1504,282094215292;509,9007667740807
734;655,4333333333333;472,128;513,356120794872;1699,7579442765605;510,1113891150369
735;656,3166666666667;473,928;513,5911659263489;1573,1667313010873;510,3220114559931
736;657,2;473,784;513,8262110578257;1603,378666399462;510,5326337969493
737;658,0833333333334;478,15199999999993;514,0612561893026;1289,474680068975;510,7432561379055
738;658,9666666666667;484,752;514,2963013207795;872,8657405330156;510,95387847886167
739;659,85;492,12;514,5313464522563;502,2684498030628;511,1645008198179
740;660,7333333333333;489,672;514,7663915837331;629,7284889577353;511,375123160774
741;661,6166666666667;496,416;515,00143671521;345,4184578950778;511,58574550173023
742;662,5;494,28;515,236481846687;439,1741313905211;511,79636784268644
743;663,3833333333333;494,616;515,4715269781638;434,9530055369167;512,0069901836426
744;664,2666666666667;494,496;515,7065721096407;449,8883692182671;512,2176125245987
745;665,15;501,552;515,9416172411175;207,06108434586415;512,4282348655549
746;666,0333333333333;497,808;516,1766623725944;337,4077573583643;512,6388572065111
747;666,9166666666666;504,288;516,4117075040712;146,98428364427107;512,8494795474674
748;667,8;506,808;516,6467526355481;96,80105342350421;513,0601018884236
749;668,6833333333333;510,528;516,8817977670249;40,37074606424989;513,2707242293798
750;669,5666666666667;514,4879999999999;517,1168428985018;6,910814985003503;513,481346570336
751;670,45;520,92;517,3518880299787;12,731423030609122;513,6919689112921
752;671,3333333333334;522,072;517,5869331614555;20,11582454621179;513,9025912522483
753;672,2166666666667;527,016;517,8219782929324;84,5300351500298;514,1132135932045
754;673,1;530,952;518,0570234244092;166,28042088503588;514,3238359341607
755;673,9833333333333;529,584;518,2920685558861;127,50771573856726;514,5344582751168
756;674,8666666666667;534,9359999999999;518,527113687363;269,2515500210434;514,745080616073
757;675,75;539,52;518,7621588188398;430,8879705022698;514,9557029570292
758;676,6333333333333;537,4799999999999;518,9972039503166;341,6137498141892;515,1663252979854
759;677,5166666666667;507,576;519,2322490817935;135,86814265681124;515,3769476389416
760;678,4;495,216;519,4672942132704;588,1252710186023;515,5875699798978
761;679,2833333333333;466,824;519,7023393447472;2796,1187718582387;515,798192320854
762;680,1666666666666;412,464;519,9373844762241;11550,52837077429;516,0088146618101
763;681,05;413,808;520,1724296077009;11313,391885771563;516,2194370027663
764;681,9333333333333;414,552;520,4074747391778;11205,381532256708;516,4300593437225
765;682,8166666666667;376,44;520,6425198706547;20794,36673704657;516,6406816846787
766;683,7;369,672;520,8775650021315;22863,122887613812;516,8513040256349
767;684,5833333333334;404,208;521,1126101336084;13666,687870490976;517,061926366591
768;685,4666666666667;393,6;521,3476552650852;16319,46342572705;517,2725487075472
769;686,35;415,656;521,5827003965621;11220,465856903034;517,4831710485034
770;687,2333333333333;469,0079999999999;521,817745528039;2788,8692227362476;517,6937933894596
771;688,1166666666667;500,688;522,0527906595158;456,4542799249356;517,9044157304158
772;689,0;514,728;522,2878357909926;57,1511171867739;518,115038071372
773;689,8833333333333;526,512;522,5228809224695;15,913071014717021;518,3256604123281
774;690,7666666666667;529,752;522,7579260539464;48,917070362864436;518,5362827532844
775;691,65;531,36;522,9929711854232;70,00717118395795;518,7469050942406
776;692,5333333333333;529,464;523,2280163169002;38,88749249588823;518,9575274351968
777;693,4166666666666;533,784;523,463061448377;106,52177258637877;519,1681497761529
778;694,3;529,2959999999999;523,6981065798539;31,336410743314765;519,3787721171091
779;695,1833333333333;532,176;523,9331517113307;67,94454791001993;519,5893944580653
780;696,0666666666667;531,264;524,1681968428076;50,350422445622335;519,8000167990215
781;696,95;532,968;524,4032419742845;73,35508003905792;520,0106391399777
782;697,8333333333334;533,568;524,6382871057613;79,73977237353324;520,2212614809339
783;698,7166666666667;530,328;524,8733322372382;29,75340040211283;520,4318838218901
784;699,6;530,304;525,108377368715;26,994494526720917;520,6425061628463
785;700,4833333333333;523,824;525,3434225001919;2,3086447340894716;520,8531285038024
786;701,3666666666667;526,104;525,5784676316687;0,2761842701639778;521,0637508447586
787;702,25;519,072;525,8135127631456;45,44799433565474;521,2743731857148
788;703,1333333333333;525,528;526,0485578946225;0,27098052165377906;521,484995526671
789;704,0166666666667;518,304;526,2836030260993;63,6740644541333;521,6956178676271
790;704,9;519,6239999999999;526,5186481575761;47,53617321676849;521,9062402085833
791;705,7833333333333;520,776;526,753693289053;35,732817057989706;522,1168625495395
792;706,6666666666666;523,848;526,9887384205299;9,864237826192916;522,3274848904957
793;707,55;517,104;527,2237835520067;102,41001913946437;522,5381072314519
794;708,4333333333333;521,904;527,4588286834836;30,856121702852214;522,7487295724081
795;709,3166666666667;521,592;527,6938738149604;37,23286405369955;522,9593519133643
796;710,2;515,304;527,9289189464373;159,38857840411234;523,1699742543204
797;711,0833333333334;513,8399999999999;528,1639640779142;205,1759469053792;523,3805965952766
798;711,9666666666667;513,7679999999999;528,399009209391;214,06643048528704;523,5912189362328
799;712,85;515,448;528,6340543408679;173,87202908032225;523,801841277189
800;713,7333333333333;505,176;528,8690994723447;561,362962606422;524,0124636181451
801;714,6166666666667;506,88;529,1041446038216;493,912603371574;524,2230859591014
802;715,5;499,92;529,3391897352984;865,4887246814869;524,4337083000576
803;716,3833333333333;498,408;529,5742348667753;971,3341957710012;524,6443306410138
804;717,2666666666667;488,28;529,8092799982521;1724,6810971732261;524,85495298197
805;718,15;493,536;530,044325129729;1332,8578037780042;525,0655753229262
806;719,0333333333333;487,464;530,2793702612059;1833,1559306041581;525,2761976638824
807;719,9166666666666;490,56;530,5144153926827;1596,355309371043;525,4868200048385
808;720,8;487,776;530,7494605241595;1846,7183094214965;525,6974423457947
809;721,6833333333333;499,032;530,9845056556364;1020,9626176734798;525,9080646867509
810;722,5666666666667;501,816;531,2195507871133;864,5687988903555;526,1186870277071
811;723,45;506,256;531,4545959185903;634,969236268395;526,3293093686633
812;724,3333333333334;498,456;531,689641050067;1104,4748974447007;526,5399317096194
813;725,2166666666667;505,296;531,9246861815438;709,0869277551446;526,7505540505756
814;726,1;495,576;532,1597313130208;1338,3693967832937;526,9611763915318
815;726,9833333333333;494,52;532,3947764444977;1434,4986907206767;527,171798732488
816;727,8666666666667;488,73599999999993;532,6298215759745;1926,667572543487;527,3824210734442
817;728,75;491,424;532,8648667074514;1717,3454334647531;527,5930434144004
818;729,6333333333333;482,976;533,0999118389282;2512,4065380366433;527,8036657553565
819;730,5166666666667;488,16;533,3349569704051;2040,7767372779476;528,0142880963127
820;731,4;492,096;533,5700021018819;1720,0928503469013;528,2249104372689
821;732,2833333333333;491,4;533,8050472333588;1798,1880308633908;528,4355327782251
822;733,1666666666666;495,864;534,0400923648356;1457,4140282484589;528,6461551191812
823;734,05;496,728;534,2751374963125;1409,7875341669942;528,8567774601374
824;734,9333333333333;493,392;534,5101826277894;1690,7049426122417;529,0673998010936
825;735,8166666666667;486,384;534,7452277592662;2338,808350383617;529,2780221420498
826;736,7;490,15199999999993;534,9802728907431;2009,5740503669385;529,488644483006
827;737,5833333333334;486,288;535,2153180222199;2393,882448847442;529,6992668239623
828;738,4666666666667;492,504;535,4503631536968;1844,3901081292045;529,9098891649185
829;739,35;495,0;535,6854082851737;1655,3024473312814;530,1205115058747
830;740,2333333333333;500,232;535,9204534166505;1273,665707272431;530,3311338468308
831;741,1166666666667;506,64;536,1554985481273;871,1646545445054;530,541756187787
832;742,0;516,024;536,3905436796042;414,796101453226;530,7523785287432
833;742,8833333333333;524,784;536,6255888110811;140,22322557072167;530,9630008696994
834;743,7666666666667;526,584;536,8606339425579;105,60920518933445;531,1736232106555
835;744,65;532,824;537,0956790740348;18,247242111547354;531,3842455516117
836;745,5333333333333;539,616;537,3307242055116;5,222485456874454;531,5948678925679
837;746,4166666666666;546,6959999999999;537,5657693369885;83,36111195979339;531,8054902335241
838;747,3;545,88;537,8008144684654;65,27323885295742;532,0161125744803
839;748,1833333333333;557,424;538,0358595999422;375,8999881723515;532,2267349154365
840;749,0666666666667;560,472;538,2709047314191;492,8886311246027;532,4373572563927
841;749,95;562,8;538,5059498628959;590,200872064124;532,6479795973488
842;750,8333333333334;563,856;538,7409949943728;630,763476432677;532,858601938305
843;751,7166666666667;570,528;538,9760401258496;995,5261718999959;533,0692242792612
844;752,6;570,456;539,2110852573265;976,2446972769341;533,2798466202174
845;753,4833333333333;570,864;539,4461303888033;987,0825309061566;533,4904689611735
846;754,3666666666667;531,36;539,6811755202802;69,24196203931105;533,7010913021297
847;755,25;483,792;539,9162206517572;3149,9281437671275;533,9117136430859
848;756,1333333333333;436,536;540,151265783234;10736,123303330212;534,1223359840421
849;757,0166666666667;426,024;540,3863109147109;13078,738157752994;534,3329583249983
850;757,9;427,776;540,6213560461877;12734,07438119086;534,5435806659546
851;758,7833333333333;411,456;540,8564011776646;16744,46382494053;534,7542030069108
852;759,6666666666666;424,8;541,0914463091414;13523,700484671905;534,9648253478668
853;760,55;442,68;541,3264914406183;9731,130273543973;535,175447688823
854;761,4333333333333;435,792;541,5615365720951;11187,194866675762;535,3860700297793
855;762,3166666666667;423,48;541,796581703572;13998,813506018018;535,5966923707355
856;763,2;472,032;542,0316268350489;4899,947757046099;535,8073147116917
857;764,0833333333334;498,768;542,2666719665257;1892,1344628514094;536,0179370526478
858;764,9666666666667;514,2959999999999;542,5017170980026;795,5624770125592;536,228559393604
859;765,85;522,576;542,7367622294794;406,4563336736016;536,4391817345602
860;766,7333333333333;522,312;542,9718073609563;426,82764019182326;536,6498040755164
861;767,6166666666667;521,064;543,2068524924332;490,3059165016567;536,8604264164726
862;768,5;522,3359999999999;543,44189762391;445,45891451097384;537,0710487574288
863;769,3833333333333;531,3359999999999;543,6769427553868;152,29886809173618;537,2816710983849
864;770,2666666666667;531,24;543,9119878868637;160,57927700482009;537,4922934393411
865;771,15;540,096;544,1470330183406;16,410868515685785;537,7029157802973
866;772,0333333333333;538,3679999999999;544,3820781498174;36,16913599211186;537,9135381212535
867;772,9166666666666;542,976;544,6171232812943;2,6932856244062116;538,1241604622096
868;773,8;537,6959999999999;544,8521684127711;51,210746351944195;538,3347828031658
869;774,6833333333333;539,88;545,087213544248;27,11507289540003;538,545405144122
870;775,5666666666667;536,256;545,3222586757249;82,19704637515798;538,7560274850782
871;776,45;537,36;545,5573038072017;67,19578970756359;538,9666498260344
872;777,3333333333334;532,848;545,7923489386786;167,55616944627167;539,1772721669906
873;778,2166666666667;534,864;546,0273940701554;124,62136716558055;539,3878945079468
874;779,1;535,1999999999999;546,2624392016323;122,37756108981331;539,598516848903
875;779,9833333333333;535,92;546,4974843331091;111,88317481716992;539,8091391898591
876;780,8666666666667;532,68;546,732529464586;197,47358435306012;540,0197615308153
877;781,75;532,2719999999999;546,9675745960628;215,9599127084492;540,2303838717716
878;782,6333333333333;531,0;547,2026197275397;262,52488603526;540,4410062127278
879;783,5166666666667;530,352;547,4376648590166;291,9199436746373;540,6516285536838
880;784,4;531,864;547,6727099904934;249,91531156352622;540,86225089464
881;785,2833333333333;535,536;547,9077551219702;153,06032479799825;541,0728732355963
882;786,1666666666666;537,96;548,1428002534471;103,68942100160258;541,2834955765525
883;787,05;537,192;548,3778453849241;125,12313697542668;541,4941179175087
884;787,9333333333333;525,456;548,6128905164009;536,2415783885749;541,7047402584649
885;788,8166666666667;517,1519999999999;548,8479356478778;1004,6323365944127;541,9153625994211
886;789,7;512,808;549,0829807793546;1315,874230542543;542,1259849403772
887;790,5833333333334;507,024;549,3180259108315;1788,7846277460833;542,3366072813334
888;791,4666666666667;507,0;549,5530710423084;1810,7638551317436;542,5472296222896
889;792,35;511,8;549,7881161737852;1443,0969704329975;542,7578519632458
890;793,2333333333333;518,568;550,0231613052621;989,4271727400578;542,9684743042019
891;794,1166666666667;522,504;550,2582064367389;770,2959749331164;543,1790966451581
892;795,0;526,608;550,4932515682158;570,505242476957;543,3897189861143
893;795,8833333333333;529,4399999999999;550,7282966996926;453,1915763741444;543,6003413270705
894;796,7666666666667;538,584;550,9633418311695;153,24810417294404;543,8109636680267
895;797,65;539,304;551,1983869626463;141,47644121717047;544,0215860089829
896;798,5333333333333;541,3679999999999;551,4334320941232;101,31292324140641;544,2322083499391
897;799,4166666666666;537,8399999999999;551,6684772256001;191,2267823789429;544,4428306908952
898;800,3;533,328;551,9035223570769;345,0500308382645;544,6534530318514
899;801,1833333333333;530,736;552,1385674885537;458,0698951020958;544,8640753728076
900;802,0666666666667;529,68;552,3736126200306;515,0000537480144;545,0746977137638
901;802,95;527,616;552,6086577515075;624,632941483989;545,28532005472
902;803,8333333333334;529,8;552,8437028829844;531,0122425592664;545,4959423956761
903;804,7166666666667;533,064;553,0787480144612;400,59013808238046;545,7065647366323
904;805,6;533,136;553,313793145938;407,14333624026415;545,9171870775886
905;806,4833333333333;533,976;553,5488382774149;383,09599823383854;546,1278094185448
906;807,3666666666667;536,736;553,7838834088918;290,6303287231695;546,338431759501
907;808,25;538,968;554,0189285403686;226,53044992728385;546,5490541004572
908;809,1333333333333;538,872;554,2539736718455;236,60511404135033;546,7596764414133
909;810,0166666666667;540,264;554,4890188033223;202,3511599548734;546,9702987823695
910;810,9;536,616;554,7240639347992;327,9019794667772;547,1809211233257
911;811,7833333333333;535,92;554,959109066276;362,4876740375556;547,3915434642819
912;812,6666666666666;533,496;555,1941541977529;470,80989558946425;547,602165805238
913;813,55;532,632;555,4291993292297;519,7122972566349;547,8127881461942
914;814,4333333333333;531,24;555,6642444607066;596,5437174763586;548,0234104871504
915;815,3166666666667;539,52;555,8992895921835;268,28112754461296;548,2340328281066
916;816,2;542,592;556,1343347236603;183,39482976765714;548,4446551690628
917;817,0833333333334;549,8399999999999;556,3693798551373;42,63280129267326;548,655277510019
918;817,9666666666667;557,304;556,604424986614;0,48940519935391663;548,8658998509752
919;818,85;566,568;556,839470118091;94,64429366319685;549,0765221919314
920;819,7333333333333;569,496;557,0745152495679;154,29328340521755;549,2871445328875
921;820,6166666666667;571,4159999999999;557,3095603810447;198,99163872323112;549,4977668738437
922;821,5;573,7679999999999;557,5446055125215;263,19852869634644;549,7083892147999
923;822,3833333333333;574,2719999999999;557,7796506439984;271,99758728040536;549,9190115557561
924;823,2666666666667;574,584;558,0146957754753;274,54184248485114;550,1296338967122
925;824,15;575,4;558,2497409069521;294,1313869586724;550,3402562376684
926;825,0333333333333;577,632;558,484786038429;366,6158024901782;550,5508785786246
927;825,9166666666666;581,784;558,7198311699058;531,9558838230897;550,7615009195808
928;826,8;587,112;558,9548763013827;792,823614979235;550,972123260537
929;827,6833333333333;592,4399999999999;559,1899214328596;1105,567724721006;551,1827456014933
930;828,5666666666667;599,352;559,4249665643364;1594,167998972598;551,3933679424495
931;829,45;591,6959999999999;559,6600116958133;1026,3045466259816;551,6039902834057
932;830,3333333333334;550,536;559,8950568272901;87,5919446964463;551,8146126243618
933;831,2166666666667;510,096;560,130101958767;2503,4113588202913;552,025234965318
934;832,1;490,392;560,3651470902439;4896,241313712911;552,2358573062742
935;832,9833333333333;466,968;560,6001922217207;8766,987420245252;552,4464796472303
936;833,8666666666667;428,04;560,8352373531975;17634,575063692057;552,6571019881865
937;834,75;423,552;561,0702824846744;18911,278017534703;552,8677243291427
938;835,6333333333333;419,928;561,3053276161513;19987,548763884584;553,0783466700989
939;836,5166666666667;416,496;561,5403727476281;21037,87006575289;553,2889690110551
940;837,4;423,264;561,775417879105;19185,41288288005;553,4995913520113
941;838,2833333333333;466,15199999999993;562,0104630105818;9188,844930751096;553,7102136929675
942;839,1666666666666;503,424;562,2455081420587;3459,9698201062834;553,9208360339236
943;840,05;541,3679999999999;562,4805532735355;445,739905727878;554,1314583748798
944;840,9333333333333;559,176;562,7155984050124;12,528756868766216;554,342080715836
945;841,8166666666667;561,6959999999999;562,9506435364893;1,5741304036546913;554,5527030567922
946;842,7;563,808;563,1856886679661;0,3872713939777569;554,7633253977484
947;843,5833333333334;568,0799999999999;563,420733799443;21,708761527651795;554,9739477387045
948;844,4666666666667;572,616;563,6557789309198;80,2855616067878;555,1845700796607
949;845,35;573,576;563,8908240623967;93,8026329423295;555,3951924206169
950;846,2333333333333;581,952;564,1258691938735;317,77093951713067;555,6058147615731
951;847,1166666666667;583,968;564,3609143253504;384,4378086530461;555,8164371025293
952;848,0;586,4159999999999;564,5959594568274;476,1141693056952;556,0270594434855
953;848,8833333333333;586,656;564,8310045883042;476,3304247205425;556,2376817844416
954;849,7666666666667;586,32;565,066049719781;451,7304025140256;556,4483041253978
955;850,65;588,888;565,3010948512579;556,3420944957602;556,658926466354
956;851,5333333333333;588,456;565,5361399827348;525,3199832110342;556,8695488073103
957;852,4166666666666;587,352;565,7711851142116;465,73157113466675;557,0801711482663
958;853,3;584,136;566,0062302456885;328,68855134434796;557,2907934892226
959;854,1833333333333;583,92;566,2412753771653;312,53730429002167;557,5014158301788
960;855,0666666666667;582,888;566,4763205086422;269,34322372705617;557,712038171135
961;855,95;584,568;566,7113656401191;318,85939066247914;557,9226605120912
962;856,8333333333334;588,312;566,9464107715959;456,4884030768987;558,1332828530474
963;857,7166666666667;594,9359999999999;567,1814559030728;770,3147180282729;558,3439051940036
964;858,6;595,944;567,4165010345496;813,8181972237724;558,5545275349598
965;859,4833333333333;593,064;567,6515461660265;645,7928098638331;558,7651498759159
966;860,3666666666667;593,16;567,8865912975033;638,7451874434349;558,9757722168721
967;861,25;590,328;568,1216364289802;493,1225830483143;559,1863945578283
968;862,1333333333333;580,0559999999999;568,356681560457;136,87405194982935;559,3970168987845
969;863,0166666666667;574,32;568,5917266919339;32,813115091903114;559,6076392397406
970;863,9;576,744;568,8267718234108;62,68250200017825;559,8182615806968
971;864,7833333333333;577,3439999999999;569,0618169548876;68,59455599274621;560,028883921653
972;865,6666666666666;576,216;569,2968620863644;47,87446946790973;560,2395062626092
973;866,55;580,1279999999999;569,5319072178413;112,27718224811403;560,4501286035654
974;867,4333333333333;582,072;569,7669523493182;151,41419768554934;560,6607509445216
975;868,3166666666667;579,648;570,0019974807951;93,04536460050726;560,8713732854778
976;869,2;578,16;570,2370426122719;62,77325376775444;561,081995626434
977;870,0833333333334;579,888;570,4720877437487;88,65940361742378;561,2926179673901
978;870,9666666666667;583,4159999999999;570,7071328752256;161,51530359516937;561,5032403083463
979;871,85;590,04;570,9421780067025;364,72680488767503;561,7138626493025
980;872,7333333333333;594,6959999999999;571,1772231381793;553,1328650761072;561,9244849902586
981;873,6166666666667;597,3359999999999;571,4122682696562;672,0398668268267;562,1351073312148
982;874,5;598,3439999999999;571,647313401133;712,7130753581198;562,345729672171
983;875,3833333333333;596,016;571,8823585326099;582,4326504765271;562,5563520131273
984;876,2666666666667;594,12;572,1174036640867;484,11424552114397;562,7669743540835
985;877,15;595,584;572,3524487955636;539,7049713643457;562,9775966950397
986;878,0333333333333;594,6;572,5874939270404;484,55042361208245;563,1882190359959
987;878,9166666666666;596,616;572,8225390585173;566,1287835738598;563,398841376952
988;879,8;600,6;573,0575841899943;758,5846686512555;563,6094637179082
989;880,6833333333333;601,656;573,292629321471;804,4807962476327;563,8200860588644
990;881,5666666666667;599,136;573,527674452948;655,7863373237964;564,0307083998206
991;882,45;596,064;573,7627195844248;497,34710817411826;564,2413307407768
992;883,3333333333334;593,304;573,9977647159017;372,73072084496243;564,4519530817329
993;884,2166666666667;591,792;574,2328098473786;308,32515881591826;564,6625754226891
994;885,1;585,12;574,4678549788554;113,46819355149641;564,8731977636453
995;885,9833333333333;586,2959999999999;574,7029001103322;134,39996505181483;565,0838201046015
996;886,8666666666667;589,0079999999999;574,9379452418091;197,96644089848897;565,2944424455577
997;887,75;590,016;575,172990373286;220,31493477872385;565,5050647865139
998;888,6333333333333;591,312;575,4080355047628;252,93608666576648;565,71568712747
999;889,5166666666667;600,6239999999999;575,6430806362397;624,0463322586904;565,9263094684262
1000;890,4;599,232;575,8781257677165;545,4034416573147;566,1369318093824
1001;891,2833333333333;603,672;576,1131708991934;759,4890614074666;566,3475541503386
1002;892,1666666666666;606,792;576,3482160306703;926,8239823712178;566,5581764912947
1003;893,05;610,3439999999999;576,5832611621471;1139,7874868777053;566,7687988322509
1004;893,9333333333333;611,832;576,8183062936239;1225,9587469639214;566,9794211732071
1005;894,8166666666667;618,7919999999999;577,0533514251008;1742,114784858928;567,1900435141633
1006;895,7;622,1999999999999;577,2883965565777;2017,0521238592148;567,4006658551195
1007;896,5833333333334;623,28;577,5234416880545;2093,6626285544658;567,6112881960757
1008;897,4666666666667;623,568;577,7584868195314;2098,5114978315237;567,821910537032
1009;898,35;624,264;577,9935319510082;2140,956213472771;568,0325328779882
1010;899,2333333333333;622,824;578,2285770824851;1988,7517451920078;568,2431552189443
1011;900,1166666666667;623,712;578,463622213962;2047,4156922680138;568,4537775599005
1012;901,0;623,832;578,6986673454388;2037,0177165072778;568,6643999008567
1013;901,8833333333332;627,8159999999999;578,9337124769156;2389,478033489483;568,8750222418128
1014;902,7666666666668;630,9119999999999;579,1687576083925;2677,3631331966367;569,0856445827691
1015;903,65;635,4;579,4038027398694;3135,5741075954516;569,2962669237252
1016;904,5333333333332;629,016;579,6388478713462;2438,103152336214;569,5068892646814
1017;905,4166666666666;587,184;579,8738930028231;53,437664310173666;569,7175116056376
1018;906,3;551,976;580,1089381342999;791,4622080683474;569,9281339465938
1019;907,1833333333332;483,912;580,3439832657768;9299,12739657107;570,1387562875499
1020;908,0666666666668;415,056;580,5790283972538;27397,87292979808;570,3493786285062
1021;908,95;369,984;580,8140735287305;44449,31990412994;570,5600009694624
1022;909,8333333333334;408,696;581,0491186602075;29705,59751189954;570,7706233104185
1023;910,7166666666668;369,168;581,2841637916843;44993,26694170062;570,9812456513747
1024;911,6;360,696;581,5192089231612;48762,88959912207;571,1918679923309
1025;912,4833333333332;378,888;581,754254054638;41154,717034160916;571,402490333287
1026;913,3666666666668;386,73599999999993;581,9892991861149;38123,85084306251;571,6131126742433
1027;914,25;352,53599999999994;582,2243443175917;52756,735515356566;571,8237350151994
1028;915,1333333333332;401,664;582,4593894490686;32686,97284604038;572,0343573561556
1029;916,0166666666668;468,624;582,6944345805455;13012,0640453945;572,2449796971118
1030;916,9;510,696;582,9294797120223;5217,675591307129;572,455602038068
1031;917,7833333333332;547,608;583,1645248434991;1264,26645894637;572,6662243790241
1032;918,6666666666666;582,816;583,399569974976;0,34055391569342414;572,8768467199803
1033;919,55;605,688;583,6346151064529;486,3517852629316;573,0874690609365
1034;920,4333333333332;613,3439999999999;583,8696602379297;868,7367044099558;573,2980914018927
1035;921,3166666666668;614,424;584,1047053694066;919,2596268967292;573,508713742849
1036;922,2;617,544;584,3397505008835;1102,5221847995774;573,7193360838052
1037;923,0833333333334;619,6080000000001;584,5747956323603;1227,325408264814;573,9299584247613
1038;923,9666666666668;622,656;584,8098407638372;1432,3317689289868;574,1405807657175
1039;924,85;621,72;585,044885895314;1345,0639945917403;574,3512031066737
1040;925,7333333333332;624,9119999999999;585,2799310267908;1570,7008910972058;574,5618254476299
1041;926,6166666666668;625,872;585,5149761582678;1628,6893733621366;574,7724477885861
1042;927,5;628,512;585,7500212897446;1828,5868232163305;574,9830701295423
1043;928,3833333333332;623,136;585,9850664212214;1380,1918657748165;575,1936924704984
1044;929,2666666666668;626,376;586,2201115526983;1612,495376992135;575,4043148114547
1045;930,15;629,424;586,4551566841751;1846,3214958999076;575,6149371524108
1046;931,0333333333332;633,264;586,690201815652;2169,1186773163763;575,8255594933669
1047;931,9166666666666;631,632;586,9252469471289;1998,6937685303924;576,0361818343231
1048;932,8;634,1039999999999;587,1602920786057;2203,711713409169;576,2468041752793
1049;933,6833333333332;631,0559999999999;587,3953372100825;1906,2534752548788;576,4574265162355
1050;934,5666666666668;630,8159999999999;587,6303823415595;1864,9975725409975;576,6680488571917
1051;935,45;626,208;587,8654274730363;1470,1528679854666;576,8786711981479
1052;936,3333333333334;627,168;588,1004726045132;1526,2716967971087;577,0892935391041
1053;937,2166666666668;628,992;588,3355177359902;1652,9495500837443;577,2999158800603
1054;938,1;631,464;588,570562867467;1839,84694904257;577,5105382210165
1055;938,9833333333332;628,704;588,8056079989437;1591,8816842699462;577,7211605619726
1056;939,8666666666668;631,3919999999999;589,0406531304207;1793,6365816674233;577,9317829029288
1057;940,75;630,0479999999999;589,2756982618974;1662,3805890228714;578,142405243885
1058;941,6333333333332;628,6080000000001;589,5107433933742;1528,5954741643463;578,3530275848411
1059;942,5166666666668;623,016;589,7457885248513;1106,906971601116;578,5636499257974
1060;943,4;621,3599999999999;589,9808336563281;984,6520804238276;578,7742722667535
1061;944,2833333333332;620,3280000000001;590,2158787878049;906,7398438979382;578,9848946077097
1062;945,1666666666666;618,168;590,4509239192818;768,2363064643233;579,195516948666
1063;946,05;616,5840000000001;590,6859690507586;670,7080070478706;579,4061392896222
1064;946,9333333333332;618,264;590,9210141822355;747,6388734304729;579,6167616305783
1065;947,8166666666668;622,968;591,1560593137124;1011,9995702278794;579,8273839715346
1066;948,7;622,3439999999999;591,3911044451893;958,081743227017;580,0380063124908
1067;949,5833333333334;625,32;591,6261495766661;1135,2755563500027;580,2486286534469
1068;950,4666666666668;631,152;591,861194708143;1543,7673804826222;580,4592509944031
1069;951,35;634,44;592,0962398396198;1792,9940245198075;580,6698733353593
1070;952,2333333333332;634,32;592,3312849710967;1763,0521897784547;580,8804956763154
1071;953,1166666666668;637,7520000000001;592,5663301025736;2041,7447640791922;581,0911180172717
1072;954,0;638,856;592,8013752340504;2121,028462332418;581,3017403582278
1073;954,8833333333332;637,656;593,0364203655272;1990,906886757056;581,512362699184
1074;955,7666666666668;640,1999999999999;593,2714654970041;2202,28735059887;581,7229850401402
1075;956,65;639,8159999999999;593,5065106284809;2144,568805850833;581,9336073810964
1076;957,5333333333332;643,848;593,7415557599578;2510,6557543804533;582,1442297220525
1077;958,4166666666666;644,064;593,9766008914346;2508,7475494607143;582,3548520630087
1078;959,3;644,592;594,2116460229115;2538,1800668567344;582,5654744039649
1079;960,1833333333332;642,6479999999999;594,4466911543883;2323,3661744300357;582,7760967449211
1080;961,0666666666668;643,0559999999999;594,6817362858653;2340,0693898846393;582,9867190858773
1081;961,95;636,552;594,9167814173421;1733,4914264257015;583,1973414268335
1082;962,8333333333334;640,632;595,1518265488189;2068,446177149512;583,4079637677896
1083;963,7166666666668;637,2719999999999;595,3868716802958;1754,363974358079;583,6185861087458
1084;964,6;637,0799999999999;595,6219168117727;1718,7726616419661;583,829208449702
1085;965,4833333333332;635,016;595,8569619432495;1533,4302615300287;584,0398307906582
1086;966,3666666666668;638,568;596,0920070747264;1804,2099749878882;584,2504531316144
1087;967,25;636,456;596,3270522062032;1610,3324510372677;584,4610754725707
1088;968,1333333333332;639,144;596,5620973376801;1813,2184343432834;584,6716978135267
1089;969,0166666666668;637,7520000000001;596,797142469157;1677,3003553716487;584,8823201544831
1090;969,9;640,872;597,0321876006338;1921,9291512116145;585,0929424954392
1091;970,7833333333332;643,92;597,2672327321106;2176,4806937518447;585,3035648363953
1092;971,6666666666666;648,9359999999999;597,5022778635876;2645,427772805676;585,5141871773515
1093;972,55;650,16;597,7373229950645;2748,1370643637943;585,7248095183077
1094;973,4333333333332;654,528;597,9723681265411;3198,5394966061976;585,9354318592639
1095;974,3166666666668;653,568;598,2074132580182;3064,7945644164934;586,1460542002201
1096;975,2;654,144;598,442458389495;3102,661737786825;586,3566765411763
1097;976,0833333333334;651,696;598,6775035209719;2810,960968896721;586,5672988821325
1098;976,9666666666668;653,688;598,9125486524488;3000,3500703279497;586,7779212230887
1099;977,85;651,12;599,1475937839256;2701,131007888652;586,9885435640449
1100;978,7333333333332;653,928;599,3826389154024;2975,1964158491373;587,199165905001
1101;979,6166666666668;656,664;599,6176840468793;3254,2821638232745;587,4097882459572
1102;980,5;658,5840000000001;599,8527291783562;3449,3621723252772;587,6204105869134
1103;981,3833333333332;656,376;600,087774309833;3168,3643513471757;587,8310329278695
1104;982,2666666666668;658,6080000000001;600,3228194413099;3397,162272759115;588,0416552688258
1105;983,15;645,384;600,5578645727867;2009,38241733887;588,2522776097819
1106;990,2166666666668;591,9359999999999;602,4382256246016;110,2967430700404;589,9372563374314
1107;991,1;535,536;602,6732707560784;4507,413124574989;590,1478786783877
1108;991,9833333333332;499,848;602,9083158875553;10621,428710842685;590,3585010193437
1109;992,8666666666668;472,512;603,1433610190322;17064,552481684732;590,5691233603001
1110;993,75;457,104;603,378406150509;21396,201894684076;590,7797457012562
1111;994,6333333333332;485,304;603,6134512819858;13997,126262644582;590,9903680422124
1112;995,5166666666668;515,136;603,8484964134627;7869,907019908643;591,2009903831686
1113;996,4;529,848;604,0835415449396;5510,915628470465;591,4116127241248
1114;997,2833333333332;537,648;604,3185866764164;4444,967127777552;591,6222350650809
1115;998,1666666666666;553,512;604,5536318078932;2605,2481776125433;591,8328574060371
1116;999,05;570,576;604,7886769393701;1170,5072633577074;592,0434797469933
1117;999,9333333333332;592,752;605,023722070847;150,5951625841156;592,2541020879495
1118;1000,8166666666668;605,424;605,258767202324;0,027301877427846597;592,4647244289057
1119;1001,7;624,096;605,4938123338007;346,0413859684957;592,6753467698619
1120;1002,5833333333334;638,3280000000001;605,7288574652775;1062,7040939991566;592,885969110818
1121;1003,4666666666668;639,312;605,9639025967545;1112,0956004163534;593,0965914517742
1122;1004,35;644,736;606,1989477282314;1485,1043977970278;593,3072137927304
1123;1005,2333333333332;653,64;606,4339928597082;2228,4071101292834;593,5178361336866
1124;1006,1166666666668;660,4799999999999;606,6690379911851;2895,619632314114;593,7284584746428
1125;1007,0;657,096;606,9040831226619;2519,228519821622;593,939080815599
1126;1007,8833333333332;664,44;607,1391282541388;3283,389902835644;594,1497031565551
1127;1008,7666666666668;664,32;607,3741733856157;3242,8271687955275;594,3603254975114
1128;1009,65;665,16;607,6092185170925;3312,092449293368;594,5709478384675
1129;1010,5333333333332;665,0400000000001;607,8442636485693;3271,352256782384;594,7815701794236
1130;1011,4166666666666;675,984;608,0793087800462;4611,047089677279;594,99219252038
1131;1012,3;679,128;608,3143539115231;5014,572472344068;595,202814861336
1132;1013,1833333333332;684,9359999999999;608,5493990429999;5834,91280576396;595,4134372022922
1133;1014,0666666666668;692,016;608,7844441744769;6927,491885137161;595,6240595432484
1134;1014,95;695,232;609,0194893059536;7432,597000171063;595,8346818842047
1135;1015,8333333333334;689,832;609,2545344374305;6492,727956487074;596,0453042251609
1136;1016,7166666666668;686,4719999999999;609,4895795689074;5926,293055429483;596,2559265661171
1137;1017,6;680,28;609,7246247003842;4978,060983669632;596,4665489070733
1138;1018,4833333333332;679,2239999999999;609,959669831861;4797,5474336409625;596,6771712480294
1139;1019,3666666666668;680,256;610,1947149633379;4908,583660988408;596,8877935889856
1140;1020,25;686,64;610,4297600948148;5808,000666405879;597,0984159299418
1141;1021,1333333333332;691,1999999999999;610,6648052262916;6485,917597239137;597,3090382708979
1142;1022,0166666666668;698,352;610,8998503577685;7647,878477047244;597,5196606118542
1143;1022,9;697,824;611,1348954892453;7515,000840876542;597,7302829528103
1144;1023,7833333333332;693,528;611,3699406207222;6749,946720968937;597,9409052937665
1145;1024,6666666666667;689,664;611,6049857521991;6093,209705338378;598,1515276347227
1146;1025,55;689,1840000000001;611,8400308836759;5982,089558666906;598,3621499756789
1147;1026,4333333333334;686,256;612,0750760151528;5502,80948324567;598,5727723166351
1148;1027,3166666666666;689,304;612,3101211466296;5928,05738088747;598,7833946575913
1149;1028,2;695,6159999999999;612,5451662781065;6900,7634152504515;598,9940169985475
1150;1029,0833333333333;698,064;612,7802114095833;7273,324596334878;599,2046393395036
1151;1029,9666666666667;701,304;613,0152565410602;7794,902221558474;599,4152616804598
1152;1030,85;701,952;613,250301672537;7867,991286176246;599,6258840214159
1153;1031,7333333333331;703,704;613,485346804014;8139,405384497596;599,8365063623721
1154;1032,6166666666666;702,024;613,7203919354909;7797,527197210446;600,0471287033283
1155;1033,5;701,4;613,9554370669676;7646,5515865490515;600,2577510442845
1156;1034,3833333333334;694,68;614,1904821984446;6478,562475926903;600,4683733852407
1157;1035,2666666666669;693,888;614,4255273299215;6314,284562842983;600,678995726197
1158;1036,15;685,296;614,6605724613983;4989,363623561064;600,8896180671532
1159;1037,0333333333333;685,464;614,8956175928752;4979,896595558213;601,1002404081094
1160;1037,9166666666667;687,9359999999999;615,130662724352;5300,617135820854;601,3108627490656
1161;1038,8;684,24;615,3657078558288;4743,66811836065;601,5214850900217
1162;1039,6833333333334;683,7599999999999;615,6007529873057;4645,682953337465;601,7321074309779
1163;1040,5666666666666;686,664;615,8357981187826;5016,634181726489;601,9427297719341
1164;1041,45;677,592;616,0708432502595;3784,852727826141;602,1533521128903
1165;1042,3333333333333;670,0559999999999;616,3058883817362;2889,0744989758127;602,3639744538464
1166;1043,2166666666667;673,032;616,5409335132131;3191,240592814585;602,5745967948026
1167;1044,1;674,544;616,77597864469;3337,144291307552;602,7852191357588
1168;1044,9833333333331;677,256;617,0110237761668;3629,4571602102264;602,995841476715
1169;1045,8666666666666;687,432;617,2460689076437;4926,064923300991;603,2064638176712
1170;1046,75;692,3280000000001;617,4811140391205;5602,056338040917;603,4170861586274
1171;1047,6333333333334;698,688;617,7161591705974;6556,4390073021095;603,6277084995836
1172;1048,5166666666669;699,0;617,9512043020743;6568,907284084099;603,8383308405398
1173;1049,4;698,352;618,1862494335512;6426,547563882081;604,0489531814959
1174;1050,2833333333333;697,2719999999999;618,421294565028;6217,433747592711;604,2595755224521
1175;1051,1666666666667;696,144;618,6563396965048;6004,337499309867;604,4701978634083
1176;1052,05;699,144;618,8913848279817;6440,482241948061;604,6808202043644
1177;1052,9333333333334;695,664;619,1264299594586;5857,999627710776;604,8914425453206
1178;1053,8166666666666;698,568;619,3614750909354;6273,673588170266;605,1020648862768
1179;1054,7;693,552;619,5965202224123;5469,412989133183;605,312687227233
1180;1055,5833333333333;695,424;619,8315653538891;5714,216175726541;605,5233095681892
1181;1056,4666666666667;690,312;620,066610485366;4934,41474806265;605,7339319091454
1182;1057,35;695,448;620,3016556168428;5646,973074152055;605,9445542501015
1183;1058,2333333333331;695,64;620,5367007483196;5640,505558487453;606,1551765910577
1184;1059,1166666666666;701,1840000000001;620,7717458797965;6466,130612692194;606,365798932014
1185;1060,0;689,688;621,0067910112734;4717,108468153133;606,5764212729702
1186;1060,8833333333334;654,408;621,2418361427503;1099,9944250059343;606,7870436139264
1187;1061,7666666666669;605,688;621,4768812742273;249,2887718916444;606,9976659548826
1188;1062,65;542,4;621,711926405704;6290,381670183819;607,2082882958387
1189;1063,5333333333333;460,392;621,9469715371808;26100,008828379312;607,4189106367949
