;L, μμ;vt41,tib2,280,2000.csv;Result;fail;Predict
0;18,666666666666668;372,504;370,83370689728105;2,7898790489905703;359,16025732497064
1;23,33333333333333;419,52;370,95411709651745;2358,6449821947767;359,331457609724
2;28,0;418,128;371,07452729575385;2214,029293529236;359,5026578944773
3;32,666666666666664;418,272;371,1949374949903;2216,249814100588;359,67385817923065
4;37,333333333333336;417,912;371,3153476942267;2171,2480061051247;359,84505846398395
5;42,0;417,72;371,4357578934631;2142,231067376524;360,0162587487373
6;46,66666666666666;416,592;371,5561680926995;2028,2261555826224;360,1874590334906
7;51,333333333333336;415,776;371,6765782919359;1944,7589949856738;360,35865931824395
8;56,0;414,408;371,7969884911724;1815,6983018054407;360,52985960299725
9;60,66666666666666;413,88;371,9173986904088;1760,8599086677057;360,7010598877506
10;65,33333333333333;412,512;372,0378088896452;1638,1601460375243;360,8722601725039
11;70,0;412,392;372,1582190888816;1618,7571264038754;361,04346045725725
12;74,66666666666667;411,216;372,27862928811805;1516,1188379545226;361,21466074201055
13;79,33333333333333;411,792;372,39903948735446;1551,8053379508488;361,3858610267639
14;84,0;411,216;372,51944968659086;1497,4230061582057;361,5570613115172
15;88,66666666666667;410,04;372,63985988582726;1398,770480559754;361,72826159627056
16;93,33333333333331;409,8;372,76027008506367;1371,9415921714303;361,89946188102385
17;98,0;409,296;372,8806802843001;1326,0755099966393;362,0706621657772
18;102,66666666666669;407,712;373,00109048353653;1204,8472394601135;362,2418624505305
19;107,33333333333331;407,376;373,12150068277293;1173,370723473908;362,41306273528386
20;112,0;407,73599999999993;373,24191088200934;1189,8421840798774;362,58426302003716
21;116,66666666666669;406,776;373,3623210812458;1116,4739388855999;362,7554633047905
22;121,33333333333331;405,936;373,4827312804822;1053,2146505812311;362,9266635895438
23;126,0;405,408;373,6031414797186;1011,5490254951172;363,09786387429716
24;130,66666666666666;404,016;373,723551678955;917,6324252831829;363,26906415905046
25;135,33333333333334;402,24;373,84396187819146;806,3349810152041;363,4402644438038
26;140,0;402,192;373,96437207742787;796,7989781351744;363,6114647285571
27;144,66666666666666;401,496;374,08478227666427;751,3748570761137;363,78266501331046
28;149,33333333333334;401,664;374,2051924759007;753,986110645533;363,95386529806376
29;154,0;401,424;374,3256026751371;734,3231375761369;364,1250655828171
30;158,66666666666666;401,568;374,44601287437354;735,6021856426468;364,2962658675704
31;163,33333333333334;400,416;374,56642307360994;668,2006272733572;364,46746615232377
32;168,0;400,392;374,68683327284634;660,7555964707673;364,63866643707706
33;172,66666666666666;400,56;374,80724347208275;663,2044687861849;364,8098667218304
34;177,33333333333334;400,944;374,9276536713192;676,8502762938635;364,9810670065837
35;182,0;399,12;375,0480638705556;579,4581090200504;365,15226729133707
36;186,66666666666663;399,456;375,168474069792;589,8839158105262;365,32346757609037
37;191,3333333333333;399,936;375,2888842690284;607,4803138559059;365,4946678608437
38;196,0;398,616;375,4092944682648;538,5511816366676;365,6658681455971
39;200,66666666666663;398,4;375,5297046675013;523,0504085957118;365,83706843035037
40;205,3333333333333;399,984;375,6501148667377;592,137965678804;366,00826871510367
41;210,0;400,68;375,7705250659741;620,4819414888658;366,179468999857
42;214,66666666666663;399,984;375,8909352652105;580,4757683147571;366,3506692846104
43;219,3333333333333;400,56;376,01134546444695;602,6364395059296;366,5218695693637
44;224,0;393,36;376,13175566368335;296,8124029118272;366,693069854117
45;228,66666666666663;367,656;376,25216586291975;73,8940675428268;366,8642701388703
46;233,3333333333333;353,28;376,37257606215616;533,2670691864688;367,0354704236237
47;238,0;339,984;376,49298626139256;1332,906077834552;367,206670708377
48;242,66666666666663;329,66400000000004;376,613396460629;2204,2458280173205;367,37787099313033
49;247,3333333333333;325,8;376,7338066598654;2594,2526608645503;367,5490712778836
50;256,6666666666667;342,84;376,9746270583382;1165,172764411838;367,8914718473903
51;261,3333333333333;349,128;377,0950372575747;782,1551729665715;368,06267213214363
52;266,0;354,264;377,2154474568111;526,7689403627598;368,23387241689693
53;270,6666666666667;356,544;377,3358576560475;432,3013447893415;368,4050727016503
54;275,3333333333333;359,904;377,4562678552839;308,08210686363253;368,5762729864036
55;280,0;362,64;377,5766780545203;223,10435130438876;368,74747327115693
56;284,6666666666667;363,84;377,69708825375676;192,01889487240427;368,91867355591023
57;289,3333333333333;366,264;377,81749845299316;133,4833265033152;369,0898738406636
58;294,0;368,064;377,93790865222957;97,49407207257347;369,2610741254169
59;298,6666666666667;369,024;378,05831885146597;81,61891710995339;369,43227441017024
60;303,3333333333333;369,096;378,17872905070243;82,49596700847378;369,60347469492353
61;308,0;369,384;378,29913924993883;79,47970784579967;369,7746749796769
62;312,6666666666667;369,84;378,41954944917524;73,60866875084352;369,9458752644302
63;317,3333333333333;370,056;378,53995964841164;71,97757131587723;370,11707554918354
64;322,0;371,832;378,6603698476481;46,6266347762698;370,28827583393684
65;326,6666666666667;372,576;378,7807800468845;38,49929543021577;370,4594761186902
66;331,3333333333333;373,728;378,9011902461209;26,761897322560376;370,6306764034435
67;336,0;372,696;379,0216004453573;40,013220994304234;370,80187668819684
68;340,6666666666667;373,584;379,1420106445937;30,891482325416963;370,97307697295014
69;345,3333333333333;371,64;379,26242084383017;58,10129952045686;371,1442772577035
70;350,0;371,04;379,3828310430666;69,60282981315495;371,3154775424568
71;354,6666666666667;369,648;379,503241242303;97,12577994398904;371,48667782721014
72;359,3333333333333;370,56;379,6236514415394;82,14977745371884;371,65787811196344
73;364,0;371,4;379,74406164077584;69,62336466506719;371,8290783967168
74;368,6666666666667;372,672;379,86447184001224;51,73165116936873;372,0002786814701
75;373,3333333333333;373,656;379,98488203924865;40,05474786672402;372,17147896622345
76;378,0;375,432;380,10529223848505;21,839660346284447;372,34267925097674
77;382,6666666666667;376,992;380,22570243772145;10,45683145572554;372,5138795357301
78;387,3333333333333;376,68;380,3461126369579;13,440381866862445;372,68507982048345
79;392,0;378,48;380,4665228361943;3,9462729787214332;372,85628010523675
80;396,6666666666667;379,8;380,5869330354307;0,6192636022521859;373,0274803899901
81;401,3333333333333;381,528;380,7073432346671;0,6734775264866567;373,1986806747434
82;406,0;381,168;380,8277534339036;0,11576772574040914;373,36988095949675
83;410,6666666666667;383,256;380,94816363314;5,326108696201508;373,54108124425005
84;415,3333333333333;382,872;381,0685738323764;3,2523459420696423;373,7122815290034
85;420,0;382,704;381,1889840316128;2,2952733844682585;373,8834818137567
86;424,6666666666667;381,36;381,3093942308492;0,0025609438713461237;374,05468209851006
87;429,3333333333333;383,472;381,42980443008565;4,170562745777702;374,22588238326335
88;434,0;382,344;381,55021462932206;0,6300952147023112;374,3970826680167
89;438,6666666666667;384,0;381,67062482855846;5,425988689328308;374,56828295277
90;443,3333333333333;385,056;381,79103502779486;10,659996269726385;374,73948323752336
91;448,0;361,176;381,9114452270313;429,95868876321657;374,91068352227666
92;452,6666666666667;326,04;382,0318554262677;3135,087874076064;375,08188380703
93;457,3333333333333;329,232;382,1522656255041;2800,5545138739108;375,2530840917833
94;462,0;333,23999999999995;382,27267582474053;2404,2032985340993;375,42428437653666
95;466,6666666666667;337,60799999999995;382,39308602397693;2005,703930175019;375,59548466128996
96;471,3333333333333;368,76;382,5134962232134;189,15865836194536;375,7666849460433
97;476,0;409,104;382,6339064224498;700,6658540042637;375,9378852307966
98;480,6666666666667;413,328;382,7543166216862;934,7501153173799;376,10908551554996
99;485,3333333333333;415,464;382,8747268209226;1062,0607263405332;376,28028580030326
100;490,0;417,576;382,99513702015906;1195,8360844305348;376,4514860850566
101;494,6666666666667;419,088;383,11554721939547;1294,0173590528245;376,6226863698099
102;499,3333333333333;420,456;383,23595741863187;1385,331569758858;376,79388665456327
103;504,0;420,96;383,3563676178683;1414,0331683305044;376,96508693931656
104;508,6666666666667;420,648;383,4767778171047;1381,6997585701713;377,1362872240699
105;513,3333333333334;421,464;383,59718801634114;1433,8954498057706;377,3074875088232
106;518,0;420,12;383,71759821557754;1325,134855674524;377,47868779357657
107;522,6666666666666;420,696;383,83800841481394;1358,5115436936483;377,64988807832987
108;527,3333333333334;420,72;383,95841861405034;1351,413865995802;377,8210883630832
109;532,0;421,968;384,0788288132868;1435,5892932160586;377,9922886478365
110;536,6666666666666;421,752;384,1992390125232;1410,2098577825598;378,16348893258987
111;541,3333333333334;424,176;384,3196492117596;1588,5286981552692;378,33468921734317
112;546,0;423,48;384,440059410996;1524,1169611929624;378,5058895020965
113;550,6666666666666;423,432;384,5604696102324;1510,995874842626;378,6770897868498
114;555,3333333333334;423,672;384,6808798094689;1520,3074537124457;378,8482900716032
115;560,0;424,2;384,8012900087053;1552,2583489781455;379,01949035635647
116;564,6666666666666;423,6;384,9217002079417;1496,0108748043401;379,1906906411098
117;569,3333333333334;423,36;385,0421104071781;1468,260662847691;379,3618909258631
118;574,0;424,8;385,16252060641455;1571,1297726769124;379,5330912106165
119;578,6666666666666;422,664;385,28293080565095;1397,3443341127106;379,70429149536983
120;583,3333333333334;422,4;385,40334100488735;1368,752776800648;379,8754917801231
121;588,0;421,368;385,52375120412376;1284,8101717406753;380,0466920648764
122;592,6666666666666;421,608;385,64416140336016;1293,3976866051619;380,2178923496298
123;597,3333333333334;420,624;385,7645716025966;1215,1797481936949;380,38909263438313
124;602,0;422,424;385,884981801833;1335,0998508859761;380,56029291913643
125;606,6666666666666;422,448;386,0053920010694;1328,0636777637174;380,7314932038898
126;611,3333333333334;423,288;386,1258022003058;1381,0289453035953;380,9026934886431
127;616,0;422,832;386,2462123995423;1338,5198543458048;381,07389377339643
128;620,6666666666666;422,4;386,3666225987787;1298,404286938845;381,24509405814973
129;625,3333333333334;422,448;386,4870327980151;1293,1911621022327;381,4162943429031
130;630,0;421,968;386,6074429972515;1250,3689915446275;381,5874946276564
131;634,6666666666666;422,136;386,7278531964879;1253,736860059066;381,75869491240974
132;639,3333333333334;421,776;386,84826339572436;1219,9467842976571;381,92989519716303
133;644,0;422,64;386,96867359496076;1272,4435274948485;382,1010954819164
134;648,6666666666666;422,136;387,08908379419717;1228,286335536567;382,2722957666697
135;653,3333333333334;422,616;387,20949399343357;1253,6206675930237;382,44349605142304
136;658,0;421,824;387,32990419267;1189,84264556526;382,61469633617634
137;662,6666666666666;423,096;387,45031439190643;1270,6149024710492;382,7858966209297
138;667,3333333333334;423,072;387,57072459114283;1260,3405556555267;382,957096905683
139;672,0;423,624;387,69113479037924;1291,170802172776;383,12829719043634
140;676,6666666666666;399,072;387,8115449896157;126,79784704088901;383,29949747518964
141;681,3333333333334;357,456;387,9319551888521;928,7838446729202;383,470697759943
142;686,0;336,504;388,0523653880885;2657,2339741838787;383,6418980446963
143;690,6666666666666;316,392;388,1727755873249;5152,4797439179;383,81309832944964
144;695,3333333333334;297,216;388,2931857865613;8295,053770799805;383,98429861420294
145;700,0;302,976;388,41359598579777;7299,5828078324075;384,1554988989563
146;704,6666666666666;330,768;388,5340061850342;3336,9114705694096;384,3266991837096
147;709,3333333333334;336,552;388,6544163842706;2714,661793079905;384,49789946846295
148;714,0;343,488;388,774826583507;2050,8966620046344;384,66909975321624
149;718,6666666666666;348,16799999999995;388,89523678274344;1658,7078159576542;384,8403000379696
150;723,3333333333334;352,44;389,01564698197984;1337,7779521504112;385,0115003227229
151;728,0;353,832;389,13605718121624;1246,3764534545867;385,18270060747625
152;732,6666666666666;354,624;389,25646738045265;1199,407796858115;385,35390089222955
153;737,3333333333334;354,86400000000003;389,3768775796891;1191,1387188306048;385,5251011769829
154;742,0;356,232;389,4972877789255;1106,579371014729;385,6963014617362
155;746,6666666666666;358,176;389,6176979781619;988,5803717499517;385,86750174648955
156;751,3333333333334;358,008;389,7381081773983;1006,7997649494007;386,0387020312429
157;756,0;359,472;389,8585183766347;923,3404990535607;386,2099023159962
158;760,6666666666666;361,584;389,9789285758712;806,2719688288255;386,3811026007495
159;765,3333333333334;362,28;390,0993387751076;773,9156098842058;386,55230288550285
160;770,0;362,136;390,219748974344;788,6969564539655;386,7235031702562
161;774,6666666666666;362,256;390,3401591735804;788,7199964870011;386,8947034550095
162;779,3333333333334;363,624;390,46056937281685;720,2014557020101;387,06590373976286
163;784,0;365,472;390,58097957205325;630,4608551497885;387,23710402451616
164;788,6666666666666;366,576;390,70138977128966;582,0344316166464;387,4083043092695
165;793,3333333333334;368,928;390,82179997052606;479,33847714940697;387,5795045940228
166;798,0;371,136;390,94221016976246;392,285961288801;387,75070487877616
167;802,6666666666666;372,36;391,0626203689989;349,78800866689284;387,92190516352946
168;807,3333333333334;371,904;391,1830305682353;371,6810196509522;388,0931054482828
169;812,0;371,4;391,3034407674717;396,14695438425645;388,2643057330361
170;816,6666666666666;371,76;391,42385096670813;386,6670348409086;388,43550601778946
171;821,3333333333334;374,088;391,5442611659446;304,7210538936644;388,60670630254276
172;826,0;372,696;391,664671365181;359,81049336023636;388,7779065872961
173;830,6666666666666;370,344;391,7850815644174;459,7199786519998;388,9491068720494
174;835,3333333333334;370,776;391,9054917636538;446,4554221903133;389,12030715680277
175;840,0;371,28;392,0259019628902;430,3924482538527;389,29150744155606
176;844,6666666666666;368,73599999999993;392,14631216212666;548,0427155282187;389,4627077263094
177;849,3333333333334;371,928;392,26672236136307;413,6636272926101;389,6339080110627
178;854,0;372,912;392,38713256059947;379,2807882529225;389,80510829581607
179;858,6666666666666;373,656;392,50754275983587;355,38066442592003;389,97630858056937
180;863,3333333333334;372,696;392,62795295907233;397,2827487626712;390,1475088653227
181;868,0;374,448;392,74836315830873;334,9032917259844;390,318709150076
182;872,6666666666666;373,56;392,86877335754514;372,8287285730448;390,48990943482937
183;877,3333333333334;376,224;392,98918355678154;281,0713796925785;390,66110971958267
184;882,0;376,032;393,10959375601794;291,64420849558365;390,832310004336
185;886,6666666666666;375,528;393,2300039552544;313,3609440318418;391,0035102890893
186;891,3333333333334;374,496;393,3504141544908;355,488933109064;391,1747105738427
187;896,0;376,848;393,4708243537272;276,318289494866;391,34591085859597
188;900,6666666666666;359,59200000000004;393,5912345529636;1155,947950187432;391,5171111433493
189;905,3333333333334;337,368;393,7116447522001;3174,6063039621235;391,6883114281026
190;910,0;330,696;393,8320549514365;3986,161434830803;391,859511712856
191;914,6666666666666;329,76;393,9524651506729;4120,672582120354;392,0307119976093
192;919,3333333333334;326,30400000000003;394,0728753499093;4592,620466191538;392,2019122823626
193;924,0;342,336;394,1932855491457;2689,1780645256326;392,3731125671159
194;928,6666666666666;367,296;394,31369574838214;729,955883552147;392,5443128518693
195;933,3333333333334;377,928;394,43410594761855;272,4515335540085;392,7155131366226
196;938,0;381,576;394,55451614685495;168,4418813741741;392,88671342137593
197;942,6666666666666;385,392;394,67492634609135;86,17272154695705;393,0579137061292
198;947,3333333333334;388,872;394,7953365453278;35,08591582921587;393,2291139908826
199;956,6666666666666;391,536;395,0361569438006;12,251098631235687;393,57151456038923
200;961,3333333333334;393,264;395,156567143037;3,5818103909032817;393,7427148451426
201;966,0;396,24;395,2769773422734;0,9274126392947715;393,9139151298959
202;970,6666666666666;397,272;395,3973875415099;3,514171869526317;394,0851154146492
203;975,3333333333334;396,312;395,5177977407463;0,6307572286037175;394,25631569940253
204;980,0;396,216;395,6382079399827;0,3338436646190538;394,4275159841559
205;984,6666666666666;395,664;395,7586181392191;0,008952592269286483;394,5987162689092
206;989,3333333333334;394,752;395,87902833845556;1,2701928756818677;394,76991655366254
207;994,0;394,752;395,99943853769196;1,556102905319027;394,94111683841584
208;998,6666666666666;394,704;396,11984873692836;2,0046276458616137;395,1123171231692
209;1003,3333333333334;394,032;396,24025893616476;4,8764075291516145;395,2835174079225
210;1008,0;393,84;396,36066913540117;6,353772890164194;395,45471769267584
211;1012,6666666666666;394,032;396,4810793346376;5,99798958734917;395,62591797742914
212;1017,3333333333334;393,792;396,60148953387403;7,893231440947867;395,7971182621825
213;1022,0;395,856;396,72189973311043;0,749782347800729;395,9683185469358
214;1026,6666666666667;396,912;396,84230993234684;0,004856705529499417;396,13951883168914
215;1031,3333333333333;399,6;396,9627201315833;6,955245104356146;396,31071911644244
216;1036,0;399,888;397,0831303308197;7,867293861087479;396,4819194011958
217;1040,6666666666667;400,512;397,2035405300561;10,945904064261459;396,6531196859491
218;1045,3333333333333;399,72;397,3239507292925;5,741052107658048;396,82431997070245
219;1050,0;401,16;397,4443609285289;13,80597370944274;396,99552025545574
220;1054,6666666666667;399,6;397,56477112776537;4,142156562377543;397,1667205402091
221;1059,3333333333333;399,432;397,68518132700177;3,051375476335349;397,3379208249624
222;1064,0;399,168;397,8055915262382;1,856156849378044;397,50912110971575
223;1068,6666666666667;399,672;397,9260017254746;3,048509974645841;397,68032139446905
224;1073,3333333333333;398,64;398,04641192471104;0,3523468031252388;397,8515216792224
225;1078,0;400,08;398,16682212394744;3,6602495854169215;398,0227219639757
226;1082,6666666666667;400,656;398,28723232318384;5,611060306729039;398,19392224872905
227;1087,3333333333333;402,12;398,40764252242025;13,781598041342342;398,36512253348235
228;1092,0;402,624;398,52805272165665;16,776784106968492;398,5363228182357
229;1096,6666666666667;403,032;398,6484629208931;19,215397323904813;398,707523102989
230;1101,3333333333333;401,424;398,7688731201295;7,049698748210673;398,87872338774235
231;1106,0;401,4;398,8892833193659;6,30369825041412;399,04992367249565
232;1110,6666666666667;400,296;399,0096935186023;1,6545843640856632;399,221123957249
233;1115,3333333333333;398,88;399,1301037178388;0,06255186967678171;399,3923242420023
234;1120,0;396,936;399,2505139170752;5,3569746723348;399,56352452675566
235;1124,6666666666667;390,0;399,3709241163116;87,81421879367005;399,73472481150895
236;1129,3333333333333;354,072;399,491334315548;2062,915929667515;399,9059250962623
237;1134,0;346,2;399,61174451478445;2852,814452112608;400,07712538101566
238;1138,6666666666667;342,504;399,73215471402085;3275,0616919719046;400,24832566576896
239;1143,3333333333333;339,216;399,85256491325725;3676,79300447966;400,41952595052226
240;1148,0;343,584;399,97297511249366;3179,716514237429;400,5907262352756
241;1152,6666666666667;378,696;400,0933853117301;457,8480981786426;400,76192652002896
242;1157,3333333333333;385,56;400,2137955109665;214,73372287722248;400,93312680478226
243;1162,0;389,448;400,3342057102029;118,50947476485518;401,10432708953556
244;1166,6666666666667;393,168;400,4546159094393;53,094771411694204;401,2755273742889
245;1171,3333333333333;395,568;400,57502610867573;25,070310452960577;401,44672765904227
246;1176,0;396,072;400,6954363079122;21,37616329332067;401,61792794379556
247;1180,6666666666667;398,256;400,8158465071486;6,552814140160991;401,7891282285489
248;1185,3333333333333;397,944;400,936256706385;8,953600196905878;401,9603285133022
249;1190,0;398,376;401,0566669056214;7,185975058893929;402,13152879805557
250;1194,6666666666667;398,73599999999993;401,17707710485786;5,958857431861548;402,30272908280887
251;1199,3333333333333;398,784;401,29748730409426;6,317618427843078;402,4739293675622
252;1204,0;397,2;401,41789750333066;17,790659348603146;402,6451296523155
253;1208,6666666666667;397,944;401,53830770256707;12,919047860732828;402,8163299370689
254;1213,3333333333333;397,584;401,65871790180347;16,60332597927765;402,98753022182217
255;1218,0;397,416;401,77912810103993;19,036886826084334;403,1587305065755
256;1222,6666666666667;396,12;401,89953830027633;33,403062964361;403,3299307913288
257;1227,3333333333333;397,872;402,01994849951274;17,205476754609844;403,5011310760822
258;1232,0;397,68;402,14035869874914;19,894799721507056;403,67233136083547
259;1236,6666666666667;399,552;402,2607688979856;7,337428942694005;403,8435316455888
260;1241,3333333333333;399,984;402,381179097222;5,746467624158188;404,0147319303421
261;1246,0;400,944;402,5015892964584;2,426084416441738;404,1859322150955
262;1250,6666666666667;401,016;402,6219994956948;2,5792343801719166;404,3571324998488
263;1255,3333333333333;401,28;402,7424096949312;2,138642115828879;404,5283327846021
264;1260,0;402,36;402,86281989416767;0,2528278459707746;404,6995330693554
265;1264,6666666666667;403,752;402,9832300934041;0,5910071692875226;404,8707333541088
266;1269,3333333333333;406,464;403,1036402926405;11,292017362845366;405,0419336388621
267;1274,0;405,672;403,2240504918769;5,992456794320347;405,21313392361543
268;1278,6666666666667;407,352;403,34446069111334;16,060371312271567;405,3843342083687
269;1283,3333333333333;405,744;403,46487089034974;5,194429498455299;405,5555344931221
270;1288,0;406,512;403,58528108958615;8,565683580574056;405,7267347778754
271;1292,6666666666667;404,52;403,70569128882255;0,6630986770994505;405,89793506262873
272;1297,3333333333333;404,544;403,82610148805895;0,5153782734471452;406,06913534738203
273;1302,0;403,32;403,9465116872954;0,3925168943177535;406,2403356321354
274;1306,6666666666667;404,832;404,0669218865318;0,585344519708026;406,41153591688874
275;1311,3333333333333;403,128;404,1873320857682;1,1221844679380748;406,58273620164204
276;1316,0;405,072;404,3077422850046;0,5840898549299608;406,75393648639533
277;1320,6666666666667;406,128;404,4281524842411;2,889481576831718;406,9251367711487
278;1325,3333333333333;408,192;404,5485626834775;13,27463547942884;407,096337055902
279;1330,0;408,312;404,6689728827139;13,271646577282047;407,26753734065534
280;1334,6666666666667;409,2;404,7893830819503;19,453541597786213;407,43873762540863
281;1339,3333333333333;408,192;404,9097932811867;10,772880945023257;407,609937910162
282;1344,0;409,464;405,03020348042315;19,658551577011742;407,78113819491534
283;1348,6666666666667;409,296;405,15061367965956;17,184227744865613;407,95233847966864
284;1353,3333333333333;385,872;405,27102387889596;376,3221274539751;408,12353876442194
285;1358,0;367,992;405,39143407813236;1398,717669364567;408,2947390491753
286;1362,6666666666667;362,952;405,5118442773688;1811,3403449138839;408,46593933392865
287;1367,3333333333333;357,408;405,6322544766052;2325,578719824378;408,63713961868194
288;1372,0;354,09599999999995;405,75266467584163;2668,41100543235;408,8083399034353
289;1376,6666666666667;376,176;405,87307487507803;881,9162561359916;408,9795401881886
290;1381,3333333333333;393,696;405,99348507431444;151,22813915298565;409,15074047294195
291;1386,0;397,68;406,1138952735509;71,13058948522401;409,32194075769524
292;1390,6666666666667;401,952;406,2343054727873;18,33814016226406;409,4931410424486
293;1395,3333333333333;404,4;406,3547156720237;3,820913358455159;409,6643413272019
294;1400,0;405,264;406,4751258712601;1,4668258760355226;409,83554161195525
295;1404,6666666666667;406,44;406,59553607049656;0,024191469225512897;410,00674189670855
296;1409,3333333333333;408,216;406,71594626973297;2,2501611936880646;410,1779421814619
297;1414,0;408,384;406,83635646896937;2,3952004991410005;410,3491424662152
298;1418,6666666666667;410,16;406,9567666682058;10,260703777917701;410,52034275096855
299;1423,3333333333333;410,064;407,0771768674422;8,921112425182658;410,69154303572185
300;1428,0;409,44;407,19758706667864;5,028415763526913;410,8627433204752
301;1432,6666666666667;409,776;407,31799726591504;6,041777440769193;411,0339436052285
302;1437,3333333333333;410,784;407,43840746515144;11,192989409234341;411,20514388998185
303;1442,0;410,112;407,55881766438785;6,518740038882054;411,37634417473515
304;1446,6666666666667;411,192;407,6792278636243;12,339568082097513;411,5475444594885
305;1451,3333333333333;411,576;407,7996380628607;14,260909480274588;411,7187447442418
306;1456,0;411,552;407,9200482620971;13,191073426455963;411,88994502899516
307;1460,6666666666667;410,088;408,0404584613335;4,1924263525648096;412,06114531374845
308;1465,3333333333333;409,464;408,1608686605699;1,6981512878048368;412,2323455985018
309;1470,0;409,44;408,2812788598064;1,3426346807316032;412,4035458832551
310;1474,6666666666667;409,104;408,4016890590428;0,4932406577881938;412,57474616800846
311;1479,3333333333333;408,912;408,5220992582792;0,15202258839442534;412,74594645276176
312;1484,0;410,592;408,6425094575156;3,8005133752361115;412,9171467375151
313;1488,6666666666667;411,696;408,76291965675205;8,602960299947686;413,0883470222684
314;1493,3333333333333;410,256;408,88332985598845;1,8842233242606128;413,25954730702176
315;1498,0;411,648;409,00374005522485;6,992110655542395;413,43074759177506
316;1502,6666666666667;413,136;409,12415025446126;16,094938380779478;413,6019478765284
317;1507,3333333333333;413,52;409,24456045369766;18,279383314085813;413,7731481612817
318;1512,0;413,976;409,3649706529341;21,2615916395028;413,94434844603506
319;1516,6666666666667;416,184;409,4853808521705;44,87149848766807;414,1155487307884
320;1521,3333333333333;415,152;409,6057910514069;30,760433701453756;414,2867490155417
321;1526,0;413,352;409,7262012506433;13,146416570836228;414,457949300295
322;1530,6666666666667;414,096;409,8466114498798;18,057303049892788;414,62914958504837
323;1535,3333333333333;414,576;409,9670216491162;21,242681438915838;414,8003498698017
324;1540,0;414,0;410,0874318483526;15,3081895412856;414,971550154555
325;1544,6666666666667;415,224;410,207842047589;25,161840603536042;415,1427504393084
326;1549,3333333333333;417,552;410,3282522468254;52,182531601495384;415,31395072406167
327;1554,0;417,528;410,44866244606186;50,11702020259913;415,485151008815
328;1558,6666666666667;416,376;410,56907264529826;33,720405302783035;415,6563512935683
329;1563,3333333333333;416,928;410,68948284453467;38,919096299035246;415,8275515783216
330;1568,0;416,496;410,80989304377107;32,33181231767482;415,998751863075
331;1572,6666666666667;414,504;410,93030324300753;12,77130851093864;416,1699521478283
332;1577,3333333333333;377,904;411,05071344224393;1098,7046120222349;416,3411524325816
333;1582,0;341,016;411,17112364148034;4921,741373151391;416,512352717335
334;1586,6666666666667;333,0;411,29153384071674;6129,564271132094;416,6835530020883
335;1591,3333333333333;327,72;411,41194403995314;7004,341497186643;416,8547532868416
336;1596,0;324,504;411,5323542391896;7573,934441581868;417,0259535715949
337;1600,6666666666667;358,632;411,652764438426;2811,201461635059;417,1971538563483
338;1605,3333333333333;393,744;411,7731746376624;325,0511381153284;417,3683541411016
339;1610,0;400,416;411,89358483689887;131,73495368821088;417,53955442585493
340;1614,6666666666667;404,28;412,01399503613527;59,81467921896542;417,7107547106082
341;1619,3333333333333;408,144;412,1344052353717;15,923333942481616;417,8819549953616
342;1624,0;409,248;412,2548154346081;9,040939057797413;418,0531552801149
343;1628,6666666666667;411,816;412,3752256338445;0,3127333095487888;418,22435556486823
344;1633,3333333333333;413,4;412,4956358330809;0,8178745464072682;418,39555584962153
345;1638,0;414,792;412,61604603231734;4,734775669473783;418,5667561343749
346;1642,6666666666667;414,216;412,73645623155375;2,189049762748168;418,7379564191282
347;1647,3333333333333;414,288;412,85686643079015;2,04814329291936;418,90915670388154
348;1652,0;413,544;412,9772766300266;0,321175378073978;419,08035698863483
349;1656,6666666666667;413,832;413,097686829263;0,5392158327178003;419,2515572733882
350;1661,3333333333333;414,096;413,2180970284994;0,7707136273695641;419,4227575581415
351;1670,6666666666667;415,656;413,4589174269722;4,827171832702393;419,76515812764814
352;1675,3333333333333;416,424;413,5793276262086;8,092160914211739;419,9363584124015
353;1680,0;416,304;413,6997378254451;6,7821814738173645;420,1075586971548
354;1684,6666666666667;416,016;413,8201480246815;4,821765897510303;420,27875898190814
355;1689,3333333333333;415,68;413,9405582239179;3,02565769237971;420,44995926666144
356;1694,0;415,44;414,06096842315435;1,9017280899373945;420,6211595514148
357;1698,6666666666667;415,368;414,18137862239075;1,408070293799256;420,7923598361681
358;1703,3333333333333;415,704;414,30178882162716;1,966196188753782;420,96356012092144
359;1708,0;417,144;414,42219902086356;7,40820057002812;421,1347604056748
360;1712,6666666666667;418,872;414,54260922009996;18,743624525083582;421,3059606904281
361;1717,3333333333333;419,016;414,6630194193364;18,948439935634394;421,4771609751814
362;1722,0;420,792;414,7834296185728;36,102918028563586;421,64836125993475
363;1726,6666666666667;421,272;414,9038398178092;40,5534641060399;421,8195615446881
364;1731,3333333333333;420,552;415,02425001704563;30,556019874052257;421,9907618294414
365;1736,0;420,024;415,1446602162821;23,80795672497234;422,1619621141947
366;1740,6666666666667;421,848;415,2650704155185;43,33496191424203;422,33316239894805
367;1745,3333333333333;421,224;415,3854806147549;34,08830861188273;422,5043626837014
368;1750,0;422,136;415,5058908139913;43,958347818397264;422,6755629684547
369;1754,6666666666667;420,84;415,6263010132277;27,182657124670214;422,846763253208
370;1759,3333333333333;420,576;415,74671121246416;23,322030193419565;423,01796353796135
371;1764,0;419,88;415,86712141170057;16,10319456443202;423,1891638227147
372;1768,6666666666667;419,73599999999993;415,98753161093697;14,051015263804292;423,360364107468
373;1773,3333333333333;420,048;416,1079418101734;15,524058539219897;423,5315643922213
374;1778,0;421,872;416,22835200940983;31,850762641692597;423,70276467697465
375;1782,6666666666667;422,088;416,34876220864624;32,9388504257035;423,873964961728
376;1787,3333333333333;420,312;416,46917240788264;14,767323902738612;424,0451652464813
377;1792,0;420,096;416,58958260711904;12,294962933098125;424,21636553123466
378;1796,6666666666667;419,304;416,70999280635544;6,728873320679567;424,38756581598795
379;1801,3333333333333;401,16;416,8304030055919;245,561530357663;424,5587661007413
380;1806,0;373,488;416,9508132048283;1889,0161316777978;424,7299663854946
381;1810,6666666666667;367,08;417,0712234040647;2499,1224174351087;424,90116667024796
382;1815,3333333333333;362,568;417,1916336033011;2983,741348027688;425,07236695500126
383;1820,0;360,23999999999995;417,3120438025376;3257,2181837987728;425,2435672397546
384;1824,6666666666667;376,656;417,432454001774;1662,7192009587884;425,4147675245079
385;1829,3333333333333;403,968;417,5528642010104;184,5485353598929;425,58596780926126
386;1834,0;411,216;417,6732744002468;41,69639268008234;425,75716809401456
387;1838,6666666666667;416,376;417,7936845994832;2,0098296236118673;425,9283683787679
388;1843,3333333333333;420,384;417,91409479871965;6,100431703311821;426,0995686635212
389;1848,0;422,448;418,03450499795605;19,478938133066755;426,27076894827456
390;1852,6666666666667;424,176;418,15491519719245;36,25346220259986;426,44196923302786
391;1857,3333333333333;426,816;418,27532539642885;72,9431226840847;426,6131695177812
392;1862,0;429,312;418,3957355956653;119,16482854534476;426,7843698025345
393;1866,6666666666667;430,104;418,5161457949017;134,2783650786136;426,95557008728787
394;1871,3333333333333;431,448;418,6365559941381;164,13309751533373;427,12677037204116
395;1876,0;432,816;418,7569661933745;197,6564315758373;427,2979706567945
396;1880,6666666666667;433,272;418,8773763926109;207,20518879840256;427,4691709415479
397;1885,3333333333333;432,888;418,9977865918474;192,938028524022;427,64037122630117
398;1890,0;432,648;419,1181967910838;183,05557487200005;427,81157151105447
399;1894,6666666666667;432,96;419,2386069903202;188,27662612608933;427,9827717958078
400;1899,3333333333333;433,392;419,3590171895566;196,92460655819994;428,1539720805612
401;1908,6666666666667;432,336;419,59983758802946;162,2098329840916;428,49637265006777
402;1913,3333333333333;433,416;419,72024778726586;187,57362867261196;428,6675729348211
403;1918,0;433,92;419,84065798650226;198,2278715330429;428,8387732195745
404;1922,6666666666667;434,808;419,96106818573867;220,43138429732508;429,0099735043278
405;1927,3333333333333;434,544;420,0814783849751;209,16453146506115;429,1811737890811
406;1932,0;436,56;420,20188858421153;267,58780909134913;429,3523740738344
407;1936,6666666666667;434,712;420,32229878344793;207,0635011016397;429,5235743585878
408;1941,3333333333333;436,248;420,44270898268434;249,80722414203888;429,6947746433411
409;1946,0;436,536;420,5631191819208;255,1329216285626;429,8659749280944
410;1950,6666666666667;437,952;420,6835293811572;298,20007751383696;430,0371752128477
411;1955,3333333333333;438,072;420,8039395803936;298,18591065517717;430,2083754976011
412;1960,0;439,152;420,92434977963;332,2472325561538;430,3795757823544
413;1964,6666666666667;437,64;421,0447599788664;275,40199135903356;430,55077606710773
414;1969,3333333333333;436,896;421,16517017810287;247,45900688548858;430,72197635186103
415;1974,0;436,968;421,2855803773393;245,9382852212148;430,8931766366144
416;1978,6666666666667;436,68;421,4059905765757;233,29536386685527;431,0643769213677
417;1983,3333333333333;438,072;421,5264007758121;273,75685368744803;431,235577206121
418;1988,0;439,32;421,64681097504854;312,34161031166457;431,40677749087433
419;1992,6666666666667;440,376;421,76722117428494;346,2866493843802;431,5779777756277
420;1997,3333333333333;440,472;421,88763137352134;345,3787572448434;431,749178060381
421;2002,0;441,192;422,00804157275775;368,02426093815933;431,92037834513434
422;2006,6666666666667;440,592;422,1284517719942;340,90261316789525;432,09157862988764
423;2011,3333333333333;441,936;422,2488619712306;387,58340376381705;432,262778914641
424;2016,0;441,456;422,369272170467;364,30317923866966;432,4339791993943
425;2020,6666666666667;442,224;422,4896823697034;389,44329233343416;432,60517948414764
426;2025,3333333333333;436,464;422,6100925689398;191,93075110838444;432,77637976890094
427;2030,0;400,728;422,7305027681763;484,11012806360446;432,9475800536543
428;2034,6666666666667;390,936;422,8509129674127;1018,5616697175276;433,1187803384076
429;2039,3333333333333;385,944;422,9713231666491;1371,0226608874668;433,28998062316094
430;2044,0;381,384;423,0917333658855;1739,5350225197965;433,46118090791424
431;2048,6666666666665;383,184;423,2121435651219;1602,252277270007;433,6323811926676
432;2053,333333333333;417,096;423,33255376435835;38,89460285573228;433,8035814774209
433;2058,0;424,44;423,45296396359475;0,9742401371625723;433,97478176217425
434;2062,6666666666665;428,448;423,57337416283116;23,76197705239383;434,14598204692754
435;2067,333333333333;431,256;423,69378436206756;57,187105354589505;434,3171823316809
436;2072,0;434,016;423,814194561304;104,07683420900726;434,48838261643425
437;2076,6666666666665;433,296;423,9346047605404;87,63572082937627;434,65958290118755
438;2081,333333333333;434,016;424,0550149597768;99,22122297155025;434,83078318594085
439;2086,0;435,36;424,17542515901323;125,09471437363455;435,0019834706942
440;2090,6666666666665;435,576;424,29583535824963;127,24211434499568;435,1731837554475
441;2095,333333333333;435,96;424,4162455574861;133,2582666290591;435,34438404020085
442;2100,0;438,816;424,5366557567225;203,89967201802165;435,51558432495415
443;2104,6666666666665;439,32;424,6570659559589;215,00163477989932;435,6867846097075
444;2109,333333333333;438,624;424,7774761551953;191,72622258474573;435,8579848944608
445;2114,0;439,152;424,89788635443176;203,17975582077426;436,02918517921415
446;2118,6666666666665;439,44;425,01829655366816;207,98553029393946;436,20038546396745
447;2123,333333333333;439,776;425,13870675290457;214,25035360146583;436,3715857487208
448;2128,0;438,792;425,25911695214097;183,13892358702955;436,54278603347416
449;2132,6666666666665;439,8;425,3795271513774;207,95003717786267;436,71398631822746
450;2137,333333333333;440,136;425,49993735061383;214,2143298767575;436,88518660298075
451;2142,0;441,768;425,62034754985024;260,74667965082676;437,0563868877341
452;2146,6666666666665;441,456;425,74075774908664;246,96883900489294;437,22758717248746
453;2151,333333333333;443,328;425,86116794832304;305,09022192148853;437,39878745724076
454;2156,0;443,136;425,9815781475595;294,2741890914889;437,56998774199405
455;2160,6666666666665;443,328;426,1019883467959;296,7354774763224;437,7411880267474
456;2165,333333333333;442,32;426,2223985460323;259,1327725707825;437,91238831150076
457;2170,0;443,04;426,3428087452687;278,79619579707565;438,08358859625406
458;2174,6666666666665;442,56;426,4632189445051;259,1063603485391;438,25478888100736
459;2179,333333333333;443,808;426,5836291437416;296,6789513939243;438,4259891657607
460;2184,0;444,408;426,704039342978;313,4302229453842;438,59718945051407
461;2188,6666666666665;444,6;426,8244495422144;315,97019407728334;438,76838973526736
462;2193,333333333333;444,936;426,9448597414508;323,68112780278955;438,93959002002066
463;2198,0;446,088;427,06526994068724;361,8642589094819;439,110790304774
464;2202,6666666666665;445,968;427,18568013992365;352,77553932621925;439,28199058952737
465;2207,333333333333;446,928;427,30609033916005;385,01933873816404;439,45319087428066
466;2212,0;448,152;427,42650053839645;429,54632793292836;439,624391159034
467;2216,6666666666665;448,608;427,5469107376329;443,56948091739434;439,7955914437873
468;2221,333333333333;448,056;427,6673209368693;415,6982339393428;439,96679172854067
469;2226,0;448,56;427,7877311361057;431,48715375391185;440,13799201329397
470;2230,6666666666665;447,696;427,9081413353421;391,55935053247686;440,3091922980473
471;2235,333333333333;447,552;428,0285515345785;381,16503998196896;440,4803925828006
472;2240,0;447,096;428,148961733815;358,99025906027936;440,651592867554
473;2244,6666666666665;447,504;428,2693719330514;369,970916873848;440,82279315230727
474;2249,333333333333;443,952;428,3897821322878;242,18262496214106;440,9939934370606
475;2254,0;409,512;428,5101923315242;360,9313118655847;441,1651937218139
476;2258,6666666666665;396,888;428,63060253076065;1007,5928154258542;441,3363940065673
477;2263,333333333333;389,616;428,75101272999706;1531,5492213770328;441,5075942913206
478;2268,0;384,576;428,87142292923346;1962,0844924796595;441,6787945760739
479;2272,6666666666665;383,712;428,99183312846986;2050,263288142078;441,8499948608272
480;2277,333333333333;415,152;429,11224332770627;194,8883937687677;442,0211951455806
481;2282,0;423,864;429,2326535269427;28,82244069235484;442,19239543033393
482;2286,6666666666665;429,456;429,35306372617913;0,010595876468128717;442,36359571508723
483;2291,333333333333;433,152;429,47347392541553;13,531554081397712;442,5347959998405
484;2296,0;436,128;429,59388412465194;42,69467027247541;442,7059962845939
485;2300,6666666666665;436,656;429,7142943238884;48,187277693760144;442,87719656934723
486;2305,333333333333;438,432;429,8347045231248;73,91348951669907;443,04839685410053
487;2310,0;439,2;429,9551147223612;85,46790379670239;443,2195971388538
488;2314,6666666666665;439,56;430,0755249215976;89,95526751283616;443,3907974236072
489;2319,333333333333;439,392;430,195935120834;84,56760926183016;443,5619977083605
490;2324,0;441,336;430,31634532007047;121,43278926489312;443,73319799311383
491;2328,6666666666665;441,744;430,43675551930687;127,85377774616586;443,90439827786713
492;2333,333333333333;442,224;430,5571657185433;136,11502215097363;444,0755985626205
493;2338,0;442,776;430,6775759177797;146,37186527324891;444,24679884737384
494;2342,6666666666665;442,656;430,79798611701614;140,61249324903818;444,41799913212714
495;2347,333333333333;442,368;430,91839631625254;131,09342451488328;444,58919941688043
496;2352,0;441,936;431,03880651548894;118,74882583886976;444,7603997016338
497;2356,6666666666665;441,624;431,15921671472535;109,51168920776426;444,93159998638714
498;2361,333333333333;441,744;431,2796269139618;109,5031040838011;445,10280027114044
499;2366,0;442,152;431,4000371131982;115,60470591916281;445,2740005558938
500;2370,6666666666665;441,84;431,5204473124346;106,4931676714375;445,4452008406471
501;2375,333333333333;442,248;431,640857511671;112,5114717677138;445,61640112540044
502;2380,0;442,632;431,7612677109074;118,17282050112014;445,78760141015374
503;2384,6666666666665;443,568;431,8816779101439;136,57012398785878;445,95880169490704
504;2389,333333333333;444,312;432,0020881093803;151,53393075482103;446,1300019796604
505;2394,0;446,016;432,1224983086167;193,0293892484716;446,30120226441375
506;2398,6666666666665;447,384;432,2429085078531;229,25265157356407;446,47240254916704
507;2403,333333333333;447,72;432,36331870708955;235,82766033202668;446,64360283392034
508;2408,0;447,24;432,48372890632595;217,7475365900006;446,8148031186737
509;2412,6666666666665;448,008;432,60413910556235;237,2789304551848;446,98600340342705
510;2417,333333333333;447,984;432,72454930479876;232,85083551927713;447,15720368818035
511;2422,0;449,064;432,84495950403516;263,0572746097481;447,3284039729337
512;2426,6666666666665;449,856;432,9653697032716;285,2933918207585;447,499604257687
513;2431,333333333333;450,384;433,085779902508;299,22841854127586;447,67080454244035
514;2436,0;450,864;433,2061901017444;311,79825040293167;447,84200482719365
515;2440,6666666666665;450,432;433,32660030098083;292,59469886320574;448,013205111947
516;2445,333333333333;450,648;433,4470105002173;295,8740397716359;448,1844053967003
517;2450,0;449,664;433,5674206994537;259,0998651787755;448,35560568145365
518;2454,6666666666665;449,088;433,6878308986901;237,16520834894104;448,52680596620695
519;2459,333333333333;449,088;433,8082410979265;233,4710321054951;448,6980062509603
520;2464,0;449,4;433,9286512971629;239,36263068477848;448,8692065357136
521;2468,6666666666665;449,328;434,04906149639936;233,44596179680937;449,04040682046696
522;2473,333333333333;427,344;434,16947169563576;46,58706386792503;449,21160710522025
523;2478,0;402,48;434,28988189487217;1011,8685861657149;449,3828073899736
524;2482,6666666666665;395,784;434,41029209410857;1491,9904409393948;449,5540076747269
525;2487,333333333333;390,264;434,53070229334503;1959,5409319276373;449,72520795948026
526;2492,0;385,68;434,65111249258143;2398,1698587610645;449,8964082442336
527;2496,6666666666665;404,712;434,77152269181784;903,5749044599121;450,0676085289869
528;2501,333333333333;429,12;434,89193289105424;33,31520929883369;450,2388088137402
529;2506,0;433,272;435,01234309029064;3,028794071922412;450,41000909849356
530;2510,6666666666665;438,384;435,1327532895271;10,570605172360935;450,5812093832469
531;2515,333333333333;441,48;435,2531634887635;38,77349293766811;450,7524096680002
532;2520,0;444,168;435,3735736879999;77,34193415719965;450,9236099527535
533;2524,6666666666665;444,456;435,49398388723637;80,31773280543527;451,09481023750686
534;2529,333333333333;446,448;435,61439408647277;117,36701708961169;451,2660105222602
535;2534,0;448,608;435,7348042857092;165,71916789843578;451,4372108070135
536;2538,6666666666665;451,2;435,8552144849456;235,46244250302368;451,6084110917668
537;2543,333333333333;454,152;435,975624684182;330,38061962147816;451,77961137652017
538;2548,0;456,096;436,0960348834184;399,99860466448166;451,9508116612735
539;2552,6666666666665;456,768;436,21644508265484;422,3664095206528;452,1220119460268
540;2557,333333333333;456,504;436,33685528189125;406,71372608114257;452,2932122307801
541;2562,0;455,832;436,45726548112765;375,3803376767836;452,46441251553347
542;2566,6666666666665;455,976;436,5776756803641;376,2949864097772;452,6356128002868
543;2571,333333333333;457,776;436,6980858796005;444,27846366693655;452,8068130850401
544;2576,0;459,6;436,8184960788369;518,9969209099701;452,9780133697935
545;2580,6666666666665;460,776;436,9389062780733;568,2070371079169;453,14921365454677
546;2585,333333333333;461,112;437,0593164773097;578,5315846426976;453,3204139393001
547;2590,0;461,448;437,1797266765461;588,949090101862;453,4916142240534
548;2594,6666666666665;460,752;437,3001368757826;549,9898839970291;453,6628145088068
549;2599,333333333333;460,896;437,420547075019;551,0968900330002;453,8340147935601
550;2604,0;460,704;437,5409572742554;536,5265483146707;454,0052150783134
551;2608,6666666666665;461,592;437,66136747349185;572,6751731187691;454,1764153630667
552;2613,333333333333;462,408;437,78177767272825;606,4508261122182;454,34761564782
553;2618,0;462,84;437,90218787196466;621,8944737331855;454,5188159325734
554;2622,6666666666665;463,584;438,02259807120106;653,3852685656063;454,69001621732673
555;2627,333333333333;464,472;438,14300827043746;693,2158054953715;454,86121650208
556;2632,0;464,808;438,26341846967387;704,6148086201309;455,0324167868334
557;2636,6666666666665;465,624;438,3838286689103;742,0269341471211;455,2036170715867
558;2641,333333333333;465,672;438,50423886814673;738,0872449174387;455,37481735634003
559;2646,0;465,48;438,62464906738313;721,2098737140067;455,5460176410934
560;2650,6666666666665;465,576;438,7450592666196;719,8993806381732;455,7172179258467
561;2655,333333333333;466,584;438,865469465856;768,3169349722738;455,8884182106
562;2660,0;466,104;438,9858796650924;735,3924504985284;456,05961849535333
563;2664,6666666666665;466,248;439,1062898643288;736,6724290887962;456,23081878010663
564;2669,333333333333;466,392;439,2267000635652;737,9535206364641;456,40201906486
565;2674,0;466,608;439,34711026280166;743,1561092636858;456,5732193496133
566;2678,6666666666665;465,216;439,46752046203807;662,9841985168448;456,74441963436664
567;2683,333333333333;464,352;439,58793066127447;613,2591302132047;456,91561991911993
568;2688,0;464,4;439,7083408605109;609,6780310607159;457,0868202038733
569;2692,6666666666665;464,568;439,82875105974733;612,0304381277919;457,2580204886266
570;2697,333333333333;435,384;439,94916125898374;20,840697320525837;457,42922077337994
571;2702,0;393,384;440,06957145822014;2179,5425823805776;457,6004210581333
572;2706,6666666666665;367,128;440,18998165745654;5338,053163714519;457,7716213428866
573;2711,333333333333;351,624;440,31039185669295;7865,276100558888;457,9428216276399
574;2716,0;341,976;440,4308020559294;9693,348047872241;458,11402191239324
575;2720,6666666666665;363,768;440,5512122551658;5895,661684221849;458,2852221971466
576;2725,333333333333;400,704;440,6716224544022;1597,4108446576352;458,4564224818999
577;2730,0;422,28;440,7920326536386;342,69535296938335;458,6276227666532
578;2734,6666666666665;434,304;440,9124428528751;43,671516939716;458,79882305140654
579;2739,333333333333;441,288;441,0328530521115;0,06509996501683417;458,9700233361599
580;2744,0;445,032;441,1532632513479;15,04459876534428;459,1412236209132
581;2748,6666666666665;448,968;441,2736734505843;59,20266104904384;459,3124239056665
582;2753,333333333333;452,712;441,3940836498207;128,09523050965598;459,48362419041985
583;2758,0;454,44;441,51449384905715;167,0687092580615;459,6548244751732
584;2762,6666666666665;455,808;441,63490404829355;200,87664885627757;459,8260247599265
585;2767,333333333333;457,944;441,75531424752995;262,0735463922273;459,9972250446798
586;2772,0;457,344;441,87572444676636;239,26754859076544;460,16842532943315
587;2776,6666666666665;455,808;441,9961346460028;190,76762455694757;460,3396256141865
588;2781,333333333333;454,704;442,1165448452392;158,44402727311396;460,5108258989398
589;2786,0;455,616;442,2369550444756;178,99884392194193;460,68202618369315
590;2790,6666666666665;457,248;442,357365243712;221,73100344517118;460,85322646844645
591;2795,333333333333;459,408;442,4777754429484;286,63250355219265;461,0244267531998
592;2800,0;462,744;442,5981856421849;405,85383613955065;461,1956270379531
593;2804,6666666666665;466,15199999999993;442,7185958414213;549,1244304592907;461,36682732270646
594;2809,333333333333;465,864;442,8390060406577;530,1503468277485;461,53802760745975
595;2814,0;465,552;442,9594162398941;510,42484095740195;461,7092278922131
596;2818,6666666666665;465,96;443,07982643913056;523,5023421755081;461,8804281769664
597;2823,333333333333;465,432;443,20023663836696;494,25130216764995;462,05162846171976
598;2828,0;464,784;443,32064683760336;460,6755289737614;462,22282874647306
599;2832,6666666666665;465,48;443,44105703683977;485,7150069334308;462,3940290312264
600;2837,333333333333;464,976;443,56146723607617;458,58221349716723;462,5652293159797
601;2842,0;465,072;443,68187743531263;457,537343332348;462,73642960073306
602;2846,6666666666665;466,22399999999993;443,80228763454903;502,73318539901385;462,90762988548636
603;2851,333333333333;467,208;443,92269783378543;542,205296971918;463,0788301702397
604;2856,0;467,328;444,0431080330219;542,1861939138403;463,25003045499307
605;2860,6666666666665;468,384;444,1635182322583;586,6317370615089;463,42123073974636
606;2865,333333333333;469,0799999999999;444,2839284314947;614,8451652304333;463,59243102449966
607;2870,0;468,6;444,4043386307311;585,4300290963323;463,763631309253
608;2874,6666666666665;468,84;444,5247488299675;591,2314394617653;463,9348315940063
609;2879,333333333333;469,56;444,6451590292039;620,7493006000595;464,10603187875967
610;2884,0;470,304;444,76556922844037;652,2114462737425;464,27723216351296
611;2888,6666666666665;471,192;444,8859794276768;692,0067183514932;464,4484324482663
612;2893,333333333333;472,608;445,0063896269132;761,8488951876944;464,6196327330196
613;2898,0;472,608;445,12679982614964;755,2163629952335;464,79083301777297
614;2902,6666666666665;472,872;445,24721002538604;763,1290211415328;464,96203330252627
615;2907,333333333333;472,848;445,36762022462244;755,1712725989806;465,1332335872796
616;2912,0;471,84;445,48803042385885;694,4263005418677;465,304433872033
617;2916,6666666666665;471,048;445,60844062309525;647,1711812910626;465,47563415678627
618;2921,333333333333;471,336;445,72885082233165;655,7260890073615;465,64683444153957
619;2926,0;471,744;445,8492610215681;670,5375067611212;465,8180347262929
620;2930,6666666666665;445,632;445,9696712208045;0,11402185335960759;465,9892350110463
621;2935,333333333333;435,12;446,0900814200409;120,34268636232684;466,1604352957996
622;2940,0;425,28;446,2104916192774;438,0854794246417;466,3316355805529
623;2944,6666666666665;415,752;446,3309018185138;935,0692364263048;466,5028358653062
624;2949,333333333333;406,056;446,4513120177502;1631,7812330113939;466,6740361500596
625;2954,0;421,584;446,5717222169866;624,3862615932849;466,8452364348129
626;2958,6666666666665;420,768;446,692132416223;672,060641533865;467,0164367195662
627;2963,333333333333;420,024;446,8125426154594;717,626015460284;467,1876370043195
628;2968,0;417,48;446,93295281469585;867,4764295046992;467,3588372890729
629;2972,6666666666665;411,12;447,05336301393226;1291,2065774910343;467,5300375738262
630;2977,333333333333;405,168;447,17377321316866;1764,4849832361572;467,7012378585795
631;2982,0;398,232;447,2941834124051;2407,097841192477;467,87243814333283
632;2986,6666666666665;391,248;447,4145936116415;3154,686237935291;468,0436384280862
633;2991,333333333333;385,032;447,5350038108779;3906,6254853826226;468,2148387128395
634;2996,0;380,688;447,6554140101143;4484,6345392020585;468,38603899759283
635;3000,6666666666665;375,792;447,77582420935073;5181,670947802712;468,55723928234613
636;3005,333333333333;373,728;447,89623440858713;5500,926995287127;468,7284395670995
637;3010,0;367,824;448,0166446078236;6430,860249196697;468,8996398518528
638;3014,6666666666665;364,368;448,13705480706;7017,254543268223;469,07084013660614
639;3019,333333333333;359,87999999999994;448,2574650062964;7810,576320939155;469,24204042135943
640;3024,0;354,6;448,37787520553286;8794,28987806449;469,4132407061128
641;3028,6666666666665;349,392;448,49828540476926;9822,055806731581;469,5844409908661
642;3033,333333333333;348,86400000000003;448,61869560400567;9950,99929504782;469,75564127561944
643;3038,0;339,696;448,73910580324207;11890,398923217039;469,92684156037274
644;3042,6666666666665;335,59200000000004;448,8595160024785;12829,530181371707;470,0980418451261
645;3047,333333333333;333,696;448,9799262017149;13290,383640482436;470,2692421298794
646;3052,0;330,672;449,10033640095133;14025,270862696889;470,44044241463274
647;3056,6666666666665;327,528;449,22074660018774;14809,1245750975;470,61164269938604
648;3061,333333333333;328,992;449,34115679942414;14483,919542332373;470,7828429841394
649;3066,0;325,704;449,4615669986606;15315,935389427965;470,95404326889275
650;3070,6666666666665;324,0;449,581977197897;15770,832996933123;471,12524355364604
651;3075,333333333333;321,6;449,7023873971334;16410,22165684524;471,29644383839934
652;3080,0;312,23999999999995;449,8227975963698;18929,026194443675;471,4676441231527
653;3084,6666666666665;307,584;449,9432077956062;20266,144044192588;471,63884440790605
654;3089,333333333333;303,888;450,0636179948426;21367,311296174164;471,81004469265935
655;3094,0;296,496;450,1840281940791;23620,01001018405;471,98124497741264
656;3098,6666666666665;291,624;450,3044383933155;25179,48152869478;472,152445262166
657;3103,333333333333;289,656;450,4248485925519;25846,62267777487;472,3236455469193
658;3108,0;285,6;450,54525879178834;27206,938397890022;472,49484583167265
659;3112,6666666666665;281,112;450,66566899102475;28748,446668317978;472,66604611642595
660;3117,333333333333;279,144;450,78607919026115;29461,003348755876;472,8372464011793
661;3122,0;275,016;450,90648938949755;30937,464257676944;473,00844668593265
662;3126,6666666666665;271,56;451,02689958873395;32208,368047992713;473,17964697068595
663;3131,333333333333;268,68;451,14730978797036;33294,31914125914;473,35084725543925
664;3136,0;267,648;451,2677199872068;33716,20156818023;473,5220475401926
665;3140,6666666666665;264,264;451,3881301864432;35015,440098032945;473,69324782494596
666;3145,333333333333;265,368;451,5085403856796;34648,30077507283;473,86444810969925
667;3150,0;266,16;451,6289505849161;34398,73163107003;474,0356483944526
668;3154,6666666666665;295,344;451,7493607841525;24462,636882020906;474,2068486792059
669;3159,333333333333;331,032;451,8697709833889;14601,766896233947;474,37804896395926
670;3164,0;369,984;451,9901811826253;6725,01375215757;474,54924924871256
671;3168,6666666666665;407,016;452,1105913818617;2033,5221718970733;474,7204495334659
672;3173,333333333333;446,976;452,2310015810981;27,615041617343525;474,8916498182192
673;3178,0;459,0;452,35141178033456;44,20372531467409;475,06285010297256
674;3182,6666666666665;465,24;452,47182197957096;163,02636996136744;475,23405038772586
675;3187,333333333333;469,8;452,59223217880736;296,1072733880731;475,40525067247916
676;3192,0;473,424;452,7126423780438;428,96033454456125;475,5764509572325
677;3196,6666666666665;476,76;452,8330525772802;572,498812969596;475,74765124198586
678;3201,333333333333;478,128;452,95346277651663;633,7573244165491;475,91885152673916
679;3206,0;478,968;453,07387297575303;670,5058143478379;476,0900518114925
680;3210,6666666666665;481,104;453,19428317498944;778,9522932522768;476,2612520962458
681;3215,333333333333;482,184;453,31469337422584;833,4368650529693;476,43245238099917
682;3220,0;482,808;453,4351035734623;862,7670444841108;476,60365266575246
683;3224,6666666666665;484,248;453,5555137726987;942,0287108130792;476,7748529505058
684;3229,333333333333;485,832;453,6759239719351;1034,0132255226893;476,9460532352591
685;3234,0;485,112;453,79633417117157;980,6709263028544;477,11725352001247
686;3238,6666666666665;487,2;453,91674437040797;1107,7751053047689;477,28845380476577
687;3243,333333333333;488,28;454,0371545696444;1172,5724631672254;477,4596540895191
688;3248,0;490,632;454,1575647688808;1330,3844254291116;477,6308543742724
689;3252,6666666666665;491,616;454,2779749681172;1394,1281132815072;477,80205465902577
690;3257,333333333333;494,112;454,3983851673536;1577,1712030757956;477,97325494377907
691;3262,0;493,632;454,51879536659004;1529,8427766950026;478,1444552285324
692;3266,6666666666665;494,784;454,63920556582644;1611,6045201620514;478,3156555132857
693;3271,333333333333;493,824;454,75961576506285;1526,0261156548074;478,4868557980391
694;3276,0;494,73599999999993;454,8800259642993;1588,4986663344425;478,6580560827924
695;3280,6666666666665;495,048;455,0004361635357;1603,8073692356825;478,8292563675457
696;3285,333333333333;496,416;455,1208463627721;1705,2897139222553;479,000456652299
697;3290,0;496,22399999999993;455,2412565620085;1679,5852597042285;479,1716569370524
698;3294,6666666666665;497,784;455,3616667612449;1799,6543574199834;479,34285722180573
699;3299,333333333333;498,624;455,4820769604813;1861,2255235477546;479,514057506559
700;3304,0;499,056;455,6024871597178;1888,2077781605701;479,6852577913123
701;3313,333333333333;498,648;455,8433075581906;1832,241695037898;480,02765836081903
702;3318,0;499,92;455,96371775742705;1932,1547485887356;480,19885864557233
703;3322,6666666666665;498,0;456,08412795666345;1756,9403291533624;480,3700589303256
704;3327,333333333333;496,608;456,20453815589985;1632,4397289876567;480,541259215079
705;3332,0;497,424;456,32494835513626;1689,1320461071753;480,71245949983233
706;3336,6666666666665;498,552;456,44535855437266;1772,9692538306238;480,88365978458563
707;3341,333333333333;497,328;456,56576875360906;1661,5594961842476;481,05486006933893
708;3346,0;499,22399999999993;456,6861789528455;1809,4662194397326;481,2260603540923
709;3350,6666666666665;500,352;456,8065891520819;1896,2028059139789;481,39726063884564
710;3355,333333333333;499,992;456,92699935131833;1854,5942808709542;481,56846092359893
711;3360,0;499,536;457,0474095505548;1805,2803183806868;481,7396612083523
712;3364,6666666666665;500,928;457,1678197497912;1914,9533755307648;481,9108614931056
713;3369,333333333333;502,488;457,2882299490276;2043,019212660782;482,08206177785894
714;3374,0;457,152;457,408640148264;0,06586416570097392;482,25326206261224
715;3378,6666666666665;411,624;457,5290503475004;2107,2736474065446;482,4244623473656
716;3383,333333333333;396,504;457,6494605467368;3738,767345472545;482,5956626321189
717;3388,0;383,52;457,76987074597326;5513,043305793739;482,76686291687224
718;3392,6666666666665;370,752;457,89028094520967;7593,080006086288;482,93806320162554
719;3397,333333333333;405,888;458,01069114444607;2716,7749321393194;483,1092634863789
720;3402,0;443,4;458,13110134368253;217,00534679784593;483,2804637711322
721;3406,6666666666665;451,08;458,25151154291893;51,43057781021973;483,45166405588554
722;3411,333333333333;457,488;458,37192174215534;0,7813176462549263;483,62286434063884
723;3416,0;462,72;458,49233194139174;17,873177213776767;483,7940646253922
724;3420,6666666666665;466,92;458,61274214062814;69,01053314209575;483,9652649101455
725;3425,333333333333;469,056;458,7331523398646;106,5611838143625;484,13646519489885
726;3430,0;470,832;458,853562539101;143,4829640046682;484,3076654796522
727;3434,6666666666665;471,912;458,9739727383374;167,39254942352383;484,4788657644055
728;3439,333333333333;473,16;459,0943829375738;197,8415833468154;484,6500660491588
729;3444,0;473,304;459,2147931368103;198,5057500337518;484,82126633391215
730;3448,6666666666665;474,0;459,3352033360467;215,05626119509657;484,99246661866545
731;3453,333333333333;476,472;459,4556135352831;289,5574083166006;485,1636669034188
732;3458,0;477,816;459,5760237345195;332,69673416529173;485,3348671881721
733;3462,6666666666665;478,344;459,6964339337559;347,7317201949388;485,50606747292545
734;3467,333333333333;481,056;459,81684413299234;451,101741943045;485,67726775767875
735;3472,0;484,896;459,93725433222875;622,938985308491;485,8484680424321
736;3476,6666666666665;486,168;460,05766453146515;681,7496182794293;486,0196683271854
737;3481,333333333333;487,8;460,17807473070155;762,9707555827088;486,19086861193875
738;3486,0;489,36;460,298484929938;844,5716581674408;486,3620688966921
739;3490,6666666666665;490,656;460,4188951291744;914,2825109693046;486,5332691814454
740;3495,333333333333;491,304;460,5393053284108;946,4664382361061;486,7044694661987
741;3500,0;492,648;460,6597155276472;1023,2503434841674;486,87566975095206
742;3504,6666666666665;491,304;460,7801257268836;931,706900641014;487,0468700357054
743;3509,333333333333;491,544;460,9005359261201;939,021890447168;487,2180703204587
744;3514,0;489,648;461,0209461253565;819,5082135417435;487,389270605212
745;3518,6666666666665;488,808;461,1413563245929;765,4431722619438;487,56047088996536
746;3523,333333333333;487,032;461,2617665238293;664,1049334163483;487,7316711747187
747;3528,0;488,136;461,38217672306575;715,76705993343;487,902871459472
748;3532,6666666666665;488,088;461,50258692230216;706,7841885118287;488,0740717442253
749;3537,333333333333;490,2;461,62299712153856;816,6450935155927;488,24527202897866
750;3542,0;489,672;461,74340732077496;780,0062890420637;488,416472313732
751;3546,6666666666665;490,296;461,86381752001137;808,3890005753722;488,5876725984853
752;3551,333333333333;490,416;461,9842277192478;808,3656750245475;488,7588728832386
753;3556,0;490,464;462,10463791848423;804,2534176705144;488,93007316799196
754;3560,6666666666665;490,272;462,22504811772063;786,6315098868937;489,1012734527453
755;3565,333333333333;490,128;462,34545831695704;771,869622370019;489,2724737374986
756;3570,0;490,392;462,4658685161935;779,8688196508486;489,44367402225197
757;3574,6666666666665;491,496;462,5862787154299;835,7719847515244;489,61487430700527
758;3579,333333333333;492,816;462,7066889146663;906,5706140333972;489,7860745917586
759;3584,0;492,144;462,8270991139027;859,4806775652527;489,957274876512
760;3588,6666666666665;492,288;462,9475093131391;860,8643937457714;490,1284751612652
761;3593,333333333333;492,912;463,06791951237557;890,6691401518041;490,29967544601857
762;3598,0;457,488;463,18832971161197;32,49375882108622;490,4708757307719
763;3602,6666666666665;428,4;463,3087399108484;1218,6201221632598;490,6420760155253
764;3607,3333333333335;401,256;463,42915011008483;3865,500594611145;490,8132763002786
765;3612,0;378,744;463,54956030932124;7191,983059377917;490,98447658503187
766;3616,6666666666665;369,384;463,66997050855764;8889,844234740598;491,1556768697852
767;3621,3333333333335;400,824;463,79038070779404;3964,7650994388564;491,3268771545386
768;3626,0;427,464;463,91079090703045;1328,3685674207973;491,4980774392919
769;3630,6666666666665;452,808;464,03120110626685;125,96024307170958;491,6692777240452
770;3635,3333333333335;472,44;464,1516113055033;68,69738715106052;491,8404780087985
771;3640,0;478,968;464,2720215047397;215,97178393315338;492,0116782935519
772;3644,6666666666665;480,432;464,3924317039761;257,26775112281507;492,1828785783052
773;3649,3333333333335;480,624;464,5128419032126;259,5694152196798;492,3540788630585
774;3654,0;483,12;464,633252102449;341,7598478276073;492,52527914781183
775;3658,6666666666665;485,784;464,7536623016854;442,2751037051527;492,6964794325652
776;3663,3333333333335;487,968;464,8740725009218;533,3294873326819;492,8676797173185
777;3668,0;489,816;464,9944827001582;616,1077210663451;493,0388800020718
778;3672,6666666666665;490,944;465,1148928993946;667,1427736145457;493,21008028682513
779;3677,3333333333335;490,536;465,23530309863105;640,1252636949405;493,3812805715785
780;3682,0;492,6;465,35571329786745;742,2511579079976;493,5524808563318
781;3686,6666666666665;494,76;465,47612349710386;857,5454230368723;493,7236811410851
782;3691,3333333333335;494,376;465,5965336963403;828,2576807234818;493,89488142583843
783;3696,0;494,808;465,7169438955767;846,2895452707027;494,0660817105918
784;3700,6666666666665;498,096;465,8373540948131;1040,6202356362303;494,2372819953451
785;3705,3333333333335;499,104;465,9577642940495;1098,6729414744252;494,4084822800984
786;3710,0;498,9359999999999;466,0781744932859;1079,6366970296647;494,57968256485174
787;3714,6666666666665;501,456;466,19858469252233;1243,0853341639618;494,7508828496051
788;3719,3333333333335;503,112;466,3189948917588;1353,7252248950654;494,92208313435845
789;3724,0;502,752;466,4394050909952;1318,6045490254824;495,0932834191117
790;3728,6666666666665;503,64;466,5598152902316;1374,9400981105414;495,26448370386504
791;3733,3333333333335;506,112;466,68022548946806;1554,8648410494384;495,4356839886184
792;3738,0;506,544;466,80063568870446;1579,5350067803586;495,6068842733717
793;3742,6666666666665;507,96;466,92104588794086;1684,195754611694;495,778084558125
794;3747,3333333333335;507,816;467,04145608717727;1662,5634312987074;495,94928484287834
795;3752,0;507,984;467,16186628641367;1666,4466009299201;496,1204851276317
796;3756,6666666666665;506,472;467,28227648565013;1535,8344291311855;496,291685412385
797;3761,3333333333335;508,872;467,40268668488653;1719,7039468270484;496,46288569713835
798;3766,0;508,704;467,52309688412294;1695,866781439254;496,63408598189164
799;3770,6666666666665;509,952;467,64350708335934;1790,008572877433;496,805286266645
800;3775,3333333333335;509,808;467,7639172825958;1767,704891547926;496,97648655139835
801;3780,0;510,048;467,8843274818322;1777,7752802192986;497,14768683615165
802;3784,6666666666665;509,688;468,0047376810686;1737,4943575488448;497,31888712090495
803;3812,6666666666665;511,68;468,7271988764871;1844,9431243560534;498,34608882942496
804;3822,0;454,656;468,96801927495994;204,83389572682475;498,68848939893155
805;3826,6666666666665;408,312;469,08842947419635;3693,774379631961;498,8596896836849
806;3831,3333333333335;397,584;469,20883967343275;5130,117658244945;499,03088996843826
807;3836,0;387,456;469,32924987266915;6703,229044712516;499,20209025319156
808;3840,6666666666665;378,312;469,4496600719056;8306,073083382216;499,37329053794485
809;3845,3333333333335;426,336;469,570070271142;1869,1848322100448;499,5444908226982
810;3850,0;465,888;469,6904804703784;14,458857727609452;499,71569110745156
811;3854,6666666666665;471,264;469,8108906696148;2,1115267260524924;499,88689139220486
812;3859,3333333333335;476,73599999999993;469,9313008688513;46,30393026545522;500,05809167695816
813;3864,0;480,792;470,0517110680877;115,35380634095762;500,2292919617115
814;3868,6666666666665;485,88;470,1721212673241;246,7374542804521;500,40049224646486
815;3873,3333333333335;489,768;470,2925314665605;379,29387459699143;500,57169253121816
816;3878,0;492,72;470,4129416657969;497,6048515255415;500,74289281597146
817;3882,6666666666665;492,96;470,53335186503335;502,9545465696021;500,9140931007248
818;3887,3333333333335;492,888;470,65376206426976;494,3613365826649;501,08529338547817
819;3892,0;494,688;470,77417226350616;571,8711570107016;501,25649367023146
820;3896,6666666666665;495,144;470,8945824627426;588,0342508962461;501,42769395498476
821;3901,3333333333335;494,064;471,014992661979;531,2567392681459;501,5988942397381
822;3906,0;495,336;471,1354028612154;585,6689018737487;501,77009452449147
823;3910,6666666666665;497,208;471,2558130604518;673,5160069452561;501,94129480924477
824;3915,3333333333335;497,904;471,37622325968823;703,7229387838258;502,1124950939981
825;3920,0;500,496;471,49663345892463;840,9632597836403;502,2836953787514
826;3924,6666666666665;502,416;471,6170436581611;948,5757117464988;502,4548956635048
827;3929,3333333333335;503,352;471,7374538573975;999,4795278027412;502,6260959482581
828;3934,0;504,096;471,8578640566339;1039,2974091029535;502,79729623301137
829;3938,6666666666665;503,208;471,97827425587036;975,2957700535552;502,9684965177647
830;3943,3333333333335;501,528;472,09868445510676;866,0846134408959;503,1396968025181
831;3948,0;502,584;472,21909465434317;922,0274766506991;503,3108970872714
832;3952,6666666666665;502,248;472,33950485357957;894,5180819234539;503,48209737202467
833;3957,3333333333335;502,368;472,459915052816;894,4935452079756;503,653297656778
834;3962,0;503,88;472,5803252520524;979,6696393273099;503,8244979415314
835;3966,6666666666665;505,704;472,70073545128884;1089,2154708722157;503,9956982262847
836;3971,3333333333335;508,368;472,82114565052524;1263,5788541427723;504,166898511038
837;3976,0;510,432;472,94155584976164;1405,5334025821428;504,3380987957913
838;3980,6666666666665;510,84;473,0619660489981;1427,1798492030503;504,5092990805447
839;3985,3333333333335;511,704;473,1823762482345;1483,9154964725842;504,68049936529803
840;3990,0;510,72;473,3027864474709;1400,0478700355688;504,85169965005133
841;3994,6666666666665;508,992;473,4231966467073;1265,1397719852066;505,0228999348046
842;3999,3333333333335;509,712;473,5436068459437;1308,1526633463848;505,194100219558
843;4004,0;510,48;473,6640170451801;1355,4166009295895;505,36530050431134
844;4008,6666666666665;510,72;473,7844272444166;1364,2365347829984;505,53650078906463
845;4013,3333333333335;513,144;473,904837443653;1539,7118781234265;505,70770107381793
846;4018,0;513,264;474,0252476428894;1539,6796865426547;505,8789013585713
847;4022,6666666666665;512,736;474,14565784212584;1489,2145078617987;506,05010164332464
848;4027,3333333333335;514,896;474,26606804136225;1650,7913709635302;506,22130192807793
849;4032,0;515,688;474,38647824059865;1705,8156996423022;506,39250221283123
850;4036,6666666666665;517,2719999999999;474,50688843983505;1828,854766753348;506,5637024975846
851;4041,3333333333335;519,192;474,62729863907145;1986,0126073887473;506,73490278233794
852;4046,0;511,032;474,7477088383079;1316,5497851064451;506,90610306709124
853;4050,6666666666665;474,216;474,8681190375443;0,4252592391277169;507,07730335184453
854;4055,3333333333335;450,288;474,9885292367807;610,1161445770587;507,2485036365979
