;L, μμ;hn58, naco3+tib2-12, 73, 1000.csv;Result;fail;Predict
0;4,866666666666666;371,64;537,9552124530177;27660,74989329241;570,7683978832443
1;6,083333333333333;400,848;538,1771346873884;18859,291233986856;570,9968948206863
2;7,3;424,104;538,399056921759;13063,36003674813;571,2253917581282
3;8,516666666666667;439,632;538,6209791561297;9798,817994372677;571,4538886955702
4;9,733333333333333;439,272;538,8429013905004;9914,364403716756;571,6823856330121
5;10,95;440,856;539,064823624871;9644,973037781021;571,9108825704541
6;12,166666666666666;448,296;539,2867458592417;8279,315832021113;572,139379507896
7;13,383333333333333;451,464;539,5086680936123;7751,863579714352;572,3678764453379
8;14,6;451,872;539,730590327983;7719,131894420347;572,5963733827798
9;15,816666666666666;460,344;539,9525125623536;6337,515272390413;572,8248703202217
10;17,033333333333335;467,664;540,1744347967243;5257,7631544100095;573,0533672576637
11;18,25;468,096;540,396357031095;5227,341626823811;573,2818641951056
12;19,466666666666665;469,056;540,6182792654656;5121,1598136684925;573,5103611325476
13;20,683333333333334;474,072;540,8402014998363;4457,992731522745;573,7388580699895
14;21,9;475,536;541,0621237342069;4293,672891630596;573,9673550074315
15;23,116666666666667;473,136;541,2840459685776;4644,156169335366;574,1958519448734
16;24,33333333333333;477,408;541,5059682029482;4108,54952774616;574,4243488823154
17;25,55;482,76;541,7278904373189;3477,212102627651;574,6528458197573
18;26,766666666666666;481,608;541,9498126716896;3641,1343565052844;574,8813427571993
19;27,98333333333333;477,696;542,1717349060602;4157,120391676551;575,1098396946412
20;29,2;483,0;542,393657140431;3527,606508515064;575,3383366320832
21;30,416666666666668;480,648;542,6155793748015;3839,9808935723263;575,5668335695251
22;31,633333333333333;477,864;542,8375016091723;4221,555911357112;575,795330506967
23;32,85;483,072;543,0594238435428;3598,4910193848523;576,023827444409
24;34,06666666666667;489,504;543,2813460779136;2892,0029511836824;576,2523243818509
25;35,28333333333333;486,312;543,5032683122843;3270,8411711676886;576,4808213192929
26;36,5;487,0799999999999;543,7251905466549;3208,677612066845;576,7093182567348
27;37,71666666666667;492,984;543,9471127810256;2597,2388643315335;576,9378151941767
28;38,93333333333333;491,856;544,1690350153962;2736,6536325220654;577,1663121316186
29;40,15;488,73599999999993;544,3909572497669;3097,4742664733853;577,3948090690606
30;41,36666666666667;492,792;544,6128794841375;2685,403550509502;577,6233060065025
31;42,583333333333336;497,016;544,8348017185082;2286,6377977939983;577,8518029439444
32;43,8;493,776;545,0567239528789;2629,7126491313647;578,0802998813864
33;45,016666666666666;493,176;545,2786461872495;2714,6857397137037;578,3087968188283
34;46,23333333333333;498,96;545,5005684216202;2166,0245090075123;578,5372937562703
35;47,45;498,624;545,7224906559908;2218,267822072449;578,7657906937122
36;48,66666666666666;495,36;545,9444128903615;2558,7828274625685;578,9942876311542
37;49,88333333333333;499,656;546,1663351247321;2163,211273414887;579,2227845685961
38;51,1;502,872;546,3882573591028;1893,664654543667;579,4512815060381
39;52,31666666666667;497,88;546,6101795934735;2374,630403212182;579,67977844348
40;53,53333333333333;499,0799999999999;546,8321018278441;2280,2632289767985;579,908275380922
41;54,75;505,368;547,0540240622148;1737,7246021155524;580,1367723183639
42;55,96666666666667;504,864;547,2759462965854;1798,7731886644463;580,3652692558059
43;57,18333333333333;500,928;547,4978685309561;2168,7526549905365;580,5937661932478
44;58,4;506,4;547,7197907653268;1707,3251088903894;580,8222631306897
45;59,61666666666667;507,984;547,9417129996974;1596,6188281661894;581,0507600681317
46;60,833333333333336;503,568;548,1636352340681;1988,7706819300597;581,2792570055736
47;62,05;505,22399999999993;548,3855574684387;1862,920043101344;581,5077539430156
48;63,266666666666666;510,456;548,6074797028094;1455,5354035138785;581,7362508804574
49;64,48333333333333;508,344;548,82940193718;1639,0677700150204;581,9647478178994
50;65,7;504,48;549,0513241715507;1986,602938405461;582,1932447553413
51;66,91666666666667;509,616;549,2732464059214;1572,6971924999702;582,4217416927833
52;68,13333333333334;506,808;549,495168640292;1822,1943665247325;582,6502386302252
53;69,35;501,144;549,7170908746627;2359,3451571182445;582,8787355676671
54;70,56666666666666;506,688;549,9390131090333;1870,6501349577748;583,1072325051091
55;71,78333333333333;505,92;550,160935343404;1957,260360059256;583,335729442551
56;73,0;483,24;550,3828575777746;4508,163323709328;583,564226379993
57;74,21666666666667;444,48;550,6047798121454;11262,46889017633;583,7927233174349
58;75,43333333333334;405,432;550,8267020465161;21139,61938319518;584,0212202548769
59;76,65;386,232;551,0486242808867;27164,51963934695;584,2497171923188
60;77,86666666666666;373,728;551,2705465152574;31521,35582312232;584,4782141297608
61;79,08333333333333;386,808;551,492468749628;27120,974247347192;584,7067110672027
62;80,3;425,256;551,7143909839987;15991,724650261884;584,9352080046447
63;81,51666666666667;464,88;551,9363132183693;7578,801671174816;585,1637049420866
64;82,73333333333333;470,64;552,15823545274;6645,222711328354;585,3922018795286
65;83,95;486,552;552,3801576871107;4333,346344479106;585,6206988169705
66;85,16666666666667;493,728;552,6020799214813;3466,1572866009637;585,8491957544124
67;86,38333333333334;489,168;552,824002155852;4052,0866104658317;586,0776926918544
68;87,6;486,336;553,0459243902226;4450,214012149212;586,3061896292962
69;88,81666666666666;498,168;553,2678466245933;3035,9930980537038;586,5346865667382
70;90,03333333333333;495,768;553,4897688589639;3331,8026002076563;586,7631835041801
71;91,25;490,536;553,7116910933346;3991,167945120436;586,9916804416221
72;92,46666666666668;498,864;553,9336133277053;3032,66231206298;587,220177379064
73;93,68333333333334;507,408;554,1555355620759;2185,3320811275494;587,448674316506
74;94,9;498,384;554,3774577964466;3135,2673160024456;587,6771712539479
75;96,11666666666666;502,92;554,5993800308172;2670,7583203696263;587,9056681913899
76;97,33333333333331;511,344;554,8213022651879;1890,2758122585142;588,1341651288318
77;98,55;506,304;555,0432244995585;2375,5120048183667;588,3626620662737
78;99,76666666666668;505,848;555,2651467339292;2442,0543913226893;588,5911590037157
79;100,98333333333332;517,0079999999999;555,4870689682999;1480,6387486671879;588,8196559411576
80;102,2;518,952;555,7089912026705;1351,076402273198;589,0481528785996
81;103,41666666666669;512,688;555,9309134370412;1869,9495625234417;589,2766498160415
82;104,63333333333334;521,352;556,1528356714118;1211,0981634286113;589,5051467534835
83;105,85;523,728;556,3747579057825;1065,8108017587774;589,7336436909254
84;107,06666666666666;520,872;556,5966801401531;1276,2527711162543;589,9621406283674
85;108,28333333333332;522,6959999999999;556,8186023745238;1164,3519928098656;590,1906375658093
86;109,5;530,184;557,0405246088945;721,2729140681598;590,4191345032513
87;110,71666666666668;525,384;557,2624468432651;1016,2353731388802;590,6476314406932
88;111,93333333333334;525,048;557,4843690776358;1052,1180389406109;590,876128378135
89;113,15;529,872;557,7062913120064;774,7477728416397;591,104625315577
90;114,36666666666666;530,64;557,9282135463772;744,6465985526822;591,3331222530189
91;115,58333333333331;529,3679999999999;558,1501357807477;828,4113401014032;591,5616191904609
92;116,8;536,016;558,3720580151185;499,7933299753438;591,7901161279028
93;118,01666666666668;537,648;558,5939802494892;438,7340886119891;592,0186130653448
94;119,23333333333332;533,592;558,8159024838598;636,2452565152673;592,2471100027867
95;120,45;534,216;559,0378247182305;616,1229823425566;592,4756069402287
96;121,66666666666669;536,568;559,2597469526011;514,9153797608803;592,7041038776706
97;122,88333333333334;535,848;559,4816691869718;558,550319239221;592,9326008151126
98;124,1;533,304;559,7035914213424;696,9384272138149;593,1610977525545
99;125,31666666666666;538,2719999999999;559,9255136557131;468,87465363815545;593,3895946899964
100;126,53333333333332;542,736;560,1474358900838;303,15809975449804;593,6180916274384
101;127,75;542,28;560,3693581244544;327,22487735476466;593,8465885648803
102;128,96666666666667;542,544;560,5912803588251;325,7043283500344;594,0750855023223
103;130,18333333333334;549,12;560,8132025931957;136,73098688551815;594,3035824397642
104;131,4;550,8;561,0351248275664;104,7577802358669;594,5320793772062
105;132,61666666666667;547,3439999999999;561,2570470619371;193,57287854767833;594,7605763146481
106;133,83333333333334;552,6239999999999;561,4789692963077;78,4104812385536;594,9890732520901
107;135,05;553,704;561,7008915306784;63,95027415343679;595,217570189532
108;136,26666666666668;552,072;561,922813765049;97,0385318336788;595,446067126974
109;137,48333333333332;551,28;562,1447359994197;118,04248833708716;595,6745640644158
110;138,7;552,9359999999999;562,3666582337903;88,93731472255833;595,9030610018577
111;139,91666666666666;546,192;562,588580468161;268,84785104887897;596,1315579392997
112;141,13333333333333;546,312;562,8105027025317;272,20059142544613;596,3600548767416
113;142,35;546,24;563,0324249369023;281,98553526149846;596,5885518141836
114;143,56666666666666;547,944;563,254347171273;234,40673050490915;596,8170487516255
115;144,78333333333333;551,616;563,4762694056436;140,6659903744464;597,0455456890675
116;146,0;561,216;563,6981916400143;6,161275337756984;597,2740426265094
117;147,21666666666667;557,28;563,9201138743849;44,091112264799534;597,5025395639514
118;148,43333333333334;537,144;564,1420361087556;728,8939537296727;597,7310365013933
119;149,65;475,776;564,3639583431263;7847,8263634034865;597,9595334388353
120;150,86666666666667;421,152;564,5858805774969;20573,27809751966;598,1880303762772
121;152,08333333333334;368,184;564,8078028118676;38660,9198322002;598,4165273137191
122;153,3;332,80799999999994;565,0297250462382;53926,9295834507;598,6450242511611
123;154,51666666666668;339,192;565,251647280609;51102,96412863333;598,873521188603
124;155,73333333333332;395,16;565,4735695149795;29006,71196093376;599,102018126045
125;156,95;447,216;565,6954917493503;14037,389965184353;599,3305150634869
126;158,16666666666666;492,36;565,917413983721;5410,693151972506;599,5590120009289
127;159,38333333333333;532,1999999999999;566,1393362180916;1151,878542924666;599,7875089383708
128;160,6;547,4879999999999;566,3612584524623;356,19988461344053;600,0160058758128
129;161,81666666666666;554,832;566,5831806868329;138,0902475345938;600,2445028132547
130;163,03333333333333;558,096;566,8051029212036;75,8484736921165;600,4729997506965
131;164,25;565,0559999999999;567,0270251555742;3,8849401639064522;600,7014966881385
132;165,46666666666667;569,016;567,2489473899449;3,1224749267025014;600,9299936255804
133;166,68333333333334;571,248;567,4708696243156;14,266713874918263;601,1584905630224
134;167,9;571,536;567,6927918586862;14,770248817460416;601,3869875004643
135;169,11666666666667;570,864;567,9147140930569;8,698287360893456;601,6154844379063
136;170,33333333333334;571,104;568,1366363274275;8,805247165303312;601,8439813753482
137;171,55;573,072;568,3585585617982;22,21653019135797;602,0724783127902
138;172,76666666666668;575,664;568,5804807961688;50,17624431104542;602,3009752502321
139;173,98333333333332;577,2239999999999;568,8024030305395;70,92329551602523;602,5294721876741
140;175,2;577,776;569,0243252649102;76,59181066880825;602,757969125116
141;176,41666666666666;577,92;569,2462474992808;75,23398244373189;602,986466062558
142;177,63333333333333;578,424;569,4681697336515;80,20689575964333;603,2149629999999
143;178,85;579,9359999999999;569,6900919680221;104,9786313997476;603,4434599374418
144;180,06666666666666;581,352;569,9120142023928;130,87327504945364;603,6719568748838
145;181,28333333333333;583,8;570,1339364367634;186,76129331442164;603,9004538123257
146;182,5;585,888;570,3558586711341;241,24741425986474;604,1289507497677
147;183,71666666666667;586,1279999999999;570,5777809055048;241,80931388680017;604,3574476872096
148;184,9333333333333;582,3359999999999;570,7997031398754;133,08614524491793;604,5859446246516
149;186,15;583,56;571,0216253742461;157,21083825574718;604,8144415620934
150;187,36666666666667;586,656;571,2435476086167;237,54368871665454;605,0429384995355
151;188,5833333333333;585,7679999999999;571,4654698429874;204,56236889225156;605,2714354369773
152;189,8;586,392;571,687392077358;216,22549415862665;605,4999323744192
153;191,01666666666668;589,032;571,9093143117287;293,18636517933095;605,7284293118612
154;192,2333333333333;588,312;572,1312365460994;261,8171059510842;605,9569262493031
155;193,45;584,52;572,35315878047;148,03202526125287;606,1854231867451
156;194,66666666666663;585,5519999999999;572,5750810148407;168,4004263473842;606,413920124187
157;195,88333333333333;585,96;572,7970032492113;173,2644834612737;606,642417061629
158;197,1;586,584;573,018925483582;184,01124663597017;606,8709139990709
159;198,31666666666663;589,176;573,2408477179526;253,92907825204037;607,0994109365129
160;199,53333333333333;592,2239999999999;573,4627699523234;351,9837529018424;607,3279078739548
161;200,75;593,544;573,6846921866941;394,39210682363347;607,5564048113968
162;201,96666666666667;591,216;573,9066144210647;299,614829120255;607,7849017488387
163;203,1833333333333;592,32;574,1285366554354;330,92933861664045;608,0133986862807
164;204,4;590,928;574,350458889806;274,8148692601732;608,2418956237226
165;205,61666666666667;591,9359999999999;574,5723811241767;301,49526046484544;608,4703925611645
166;206,8333333333333;594,144;574,7943033585473;374,4107601162474;608,6988894986065
167;208,05;596,76;575,016225592918;472,7917254660748;608,9273864360484
168;209,26666666666668;599,016;575,2381478272887;565,3862539473104;609,1558833734904
169;210,4833333333333;600,072;575,4600700616593;605,7470952897924;609,3843803109322
170;211,7;601,104;575,68199229603;646,2784757007128;609,6128772483742
171;212,91666666666663;602,808;575,9039145304006;723,8298149555101;609,8413741858161
172;214,13333333333333;605,856;576,1258367647713;883,8826059933443;610,069871123258
173;215,35;608,16;576,3477589991419;1012,0186774966759;610,2983680607
174;216,56666666666663;610,848;576,5696812335126;1175,0031374569194;610,526864998142
175;217,78333333333333;613,1519999999999;576,7916034678833;1322,0784359727586;610,7553619355839
176;219,0;613,248;577,0135257022539;1312,9371276340262;610,9838588730258
177;220,21666666666667;614,4;577,2354479366246;1381,2039300713384;611,2123558104678
178;221,4333333333333;616,56;577,4573701709952;1529,0156595441713;611,4408527479097
179;222,65;619,992;577,6792924053659;1790,3652239890018;611,6693496853517
180;223,86666666666667;593,928;577,9012146397365;256,8578489839561;611,8978466227936
181;225,0833333333333;558,096;578,1231368741072;401,0862113742249;612,1263435602356
182;226,3;511,632;578,3450591084779;4450,632255611269;612,3548404976775
183;227,51666666666668;432,36;578,5669813428485;21376,48139338805;612,5833374351195
184;228,7333333333333;359,496;578,7889035772192;48089,37755932758;612,8118343725614
185;229,95;330,6;579,0108258115898;61707,93838039601;613,0403313100034
186;231,16666666666663;303,576;579,2327480459605;75986,64274327415;613,2688282474453
187;232,38333333333333;273,792;579,4546702803311;93429,66800290244;613,4973251848872
188;233,6;282,6;579,6765925147018;88254,5018201462;613,7258221223292
189;234,81666666666663;295,56;579,8985147490725;80848,39096970855;613,954319059771
190;236,03333333333333;325,944;580,1204369834431;64605,66111759823;614,1828159972131
191;237,25;384,984;580,3423592178139;38164,8885162764;614,4113129346549
192;238,46666666666667;458,688;580,5642814521844;14853,82798061208;614,6398098720969
193;239,6833333333333;525,744;580,7862036865552;3029,6441866722225;614,8683068095388
194;240,9;580,0079999999999;581,0081259209257;1,0002518577077297;615,0968037469808
195;242,11666666666667;602,424;581,2300481552965;449,1835947956117;615,3253006844227
196;243,3333333333333;605,52;581,4519703896672;579,2700493238572;615,5537976218646
197;244,55;604,1519999999999;581,6738926240378;505,26531120528483;615,7822945593066
198;245,76666666666668;606,6;581,8958148584085;610,2967635100327;616,0107914967485
199;246,9833333333333;607,68;582,1177370927791;653,4292849378807;616,2392884341905
200;248,2;609,0;582,3396593271498;710,773764792432;616,4677853716324
201;249,41666666666663;611,976;582,5615815615204;865,2080120739704;616,6962823090744
202;250,63333333333333;614,64;582,7835037958911;1014,8363504024053;616,9247792465163
203;251,85;610,872;583,0054260302618;776,545944810889;617,1532761839583
204;253,06666666666663;613,2719999999999;583,2273482646324;902,6810978995244;617,3817731214002
205;254,28333333333333;616,92;583,4492704990031;1120,289733328902;617,6102700588422
206;255,5;619,92;583,6711927333737;1313,9760282530176;617,8387669962841
207;256,71666666666664;622,704;583,8931149677444;1506,2847969869583;618,067263933726
208;257,93333333333334;628,824;584,1150372021151;1998,8913544626516;618,295760871168
209;259,15;628,992;584,3369594364857;1994,0726477291041;618,52425780861
210;260,3666666666667;629,088;584,5588816708564;1982,8423791708688;618,7527547460519
211;261,5833333333333;626,424;584,780803905227;1734,1557809877152;618,9812516834937
212;262,8;627,6239999999999;585,0027261395977;1816,5729854834037;619,2097486209357
213;264,01666666666665;629,016;585,2246483739683;1917,6824772347454;619,4382455583776
214;265,2333333333333;630,8159999999999;585,446570608339;2058,3851233249043;619,6667424958196
215;266,45;630,0;585,6684928427097;1965,2825268368788;619,8952394332615
216;267,6666666666667;631,008;585,8904150770803;2035,5964692768728;620,1237363707035
217;268,8833333333333;630,8159999999999;586,112337311451;1998,417457771558;620,3522333081454
218;270,1;629,3280000000001;586,3342595458216;1848,461718241262;620,5807302455873
219;271,31666666666666;631,464;586,5561817801923;2016,7121372632944;620,8092271830293
220;272,53333333333336;634,632;586,7781040145629;2289,9953609850254;621,0377241204712
221;273,75;635,424;587,0000262489336;2344,881233843962;621,2662210579132
222;274,96666666666664;637,176;587,2219484833042;2495,4072629326993;621,4947179953551
223;276,18333333333334;639,9119999999999;587,4438707176749;2752,904590386768;621,7232149327971
224;277,4;640,68;587,6657929520456;2810,5061489233676;621,951711870239
225;278,6166666666667;636,7919999999999;587,8877151864162;2391,6290731281106;622,180208807681
226;279,8333333333333;635,016;588,109637420787;2200,2068504125946;622,4087057451229
227;281,05;637,56;588,3315596551575;2423,4393387857067;622,6372026825649
228;282,26666666666665;635,832;588,5534818895283;2235,258274722204;622,8656996200068
229;283,4833333333333;638,112;588,7754041238989;2434,0996926417174;623,0941965574486
230;284,7;642,72;588,9973263582696;2886,1256632158816;623,3226934948907
231;285,9166666666667;645,384;589,2192485926403;3154,4793006505183;623,5511904323326
232;287,1333333333333;646,1999999999999;589,4411708270109;3221,5646890885546;623,7796873697745
233;288,35;648,24;589,6630930613816;3431,2540264955646;624,0081843072164
234;289,56666666666666;647,28;589,8850152957522;3294,1842692008395;624,2366812446584
235;290,78333333333336;645,6719999999999;590,1069375301229;3087,4761672813374;624,4651781821003
236;292,0;648,408;590,3288597644936;3373,186530495622;624,6936751195423
237;293,21666666666664;645,288;590,5507819988642;2996,1630345038684;624,9221720569842
238;294,43333333333334;647,592;590,7727042332349;3228,43237143113;625,1506689944262
239;295,65;648,528;590,9946264676055;3310,089070018036;625,3791659318681
240;296,8666666666667;649,848;591,2165487019762;3437,6470813125325;625,60766286931
241;298,0833333333333;652,6080000000001;591,4384709363468;3741,711285869122;625,836159806752
242;299,3;652,68;591,6603931707175;3723,392417600214;626,0646567441939
243;300,51666666666665;651,168;591,8823154050882;3514,7923978873623;626,2931536816359
244;301,7333333333333;651,0;592,1042376394588;3468,7108240293414;626,5216506190778
245;302,95;652,5840000000001;592,3261598738295;3631,0072966711296;626,7501475565198
246;304,1666666666667;651,552;592,5480821082001;3481,462326582266;626,9786444939617
247;305,3833333333333;643,5840000000001;592,7700043425708;2582,062154673238;627,2071414314037
248;306,6;600,288;592,9919265769415;53,232687394660395;627,4356383688456
249;307,81666666666666;539,808;593,2138488113121;2852,184687256729;627,6641353062876
250;309,03333333333336;460,632;593,4357710456828;17636,841603954144;627,8926322437295
251;310,25;430,536;593,6576932800534;26608,686818551825;628,1211291811715
252;311,46666666666664;428,64;593,8796155144241;27304,13053535472;628,3496261186133
253;312,68333333333334;467,088;594,1015377487947;16132,438771464498;628,5781230560552
254;313,9;515,04;594,3234599831654;6285,8670269022;628,8066199934972
255;315,1166666666667;584,664;594,5453822175361;97,64171452903977;629,0351169309391
256;316,3333333333333;611,328;594,7673044519067;274,25663703663514;629,2636138683811
257;317,55;621,9119999999999;594,9892266862774;724,835722902087;629,492110805823
258;318,76666666666665;622,032;595,211148920648;719,3580526207771;629,720607743265
259;319,9833333333333;631,128;595,4330711550188;1274,1279452482775;629,9491046807069
260;321,2;636,984;595,6549933893893;1708,086787419902;630,1776016181489
261;322,4166666666667;635,7599999999999;595,87691562376;1590,660419362265;630,4060985555908
262;323,6333333333333;634,0559999999999;596,0988378581308;1440,7461578641455;630,6345954930327
263;324,85;636,6;596,3207600925014;1622,4171675258328;630,8630924304747
264;326,06666666666666;642,576;596,5426823268721;2119,0663359951145;631,0915893679166
265;327,28333333333336;640,968;596,7646045612427;1953,9401683151495;631,3200863053586
266;328,5;643,0559999999999;596,9865267956134;2122,3963613296905;631,5485832428005
267;329,71666666666664;647,928;597,208449029984;2572,4728506000542;631,7770801802425
268;330,93333333333334;649,4879999999999;597,4303712643547;2709,99670957828;632,0055771176844
269;332,15;648,384;597,6522934987254;2573,7060445314705;632,2340740551264
270;333,3666666666667;653,928;597,874215733096;3142,0267306406163;632,4625709925683
271;334,5833333333333;657,528;598,0961379674667;3532,146224654077;632,6910679300101
272;335,8;654,8159999999999;598,3180602018373;3192,017201436809;632,9195648674522
273;337,01666666666665;655,7280000000001;598,539982436208;3270,4693528765906;633,148061804894
274;338,2333333333333;656,16;598,7619046705786;3294,5413474453444;633,376558742336
275;339,45;655,4159999999999;598,9838269049493;3184,5901602297577;633,6050556797779
276;340,6666666666667;655,8;599,20574913932;3202,909230481573;633,8335526172199
277;341,8833333333333;663,168;599,4276713736906;4062,8294933899183;634,0620495546618
278;343,1;664,992;599,6495936080613;4269,630073089265;634,2905464921038
279;344,31666666666666;662,736;599,8715158424319;3951,943368397129;634,5190434295457
280;345,53333333333336;664,0559999999999;600,0934380768026;4091,209327778851;634,7475403669877
281;346,75;665,016;600,3153603111732;4186,172776143384;634,9760373044296
282;347,96666666666664;663,0;600,5372825455439;3901,5910717952124;635,2045342418716
283;349,18333333333334;662,208;600,7592047799146;3775,9544339999834;635,4330311793135
284;350,4;666,384;600,9811270142852;4277,535794785542;635,6615281167554
285;351,6166666666667;665,7599999999999;601,2030492486559;4167,599890311448;635,8900250541974
286;352,8333333333333;654,312;601,4249714830265;2797,0377853551668;636,1185219916393
287;354,05;651,2159999999999;601,6468937173972;2457,0962976559586;636,3470189290813
288;355,26666666666665;654,432;601,8688159517678;2762,8883172883307;636,5755158665232
289;356,4833333333333;652,6080000000001;602,0907381861385;2551,9937411702317;636,8040128039652
290;357,7;656,592;602,3126604205092;2946,2467051856697;637,0325097414071
291;358,9166666666667;670,008;602,5345826548798;4552,662048228767;637,2610066788491
292;360,1333333333333;670,3679999999999;602,7565048892506;4571,3142711108885;637,4895036162909
293;361,35;671,352;602,9784271236211;4674,945467881487;637,718000553733
294;362,56666666666666;676,128;603,2003493579919;5318,442228162798;637,9464974911748
295;363,78333333333336;675,1919999999999;603,4222715923624;5150,893915706041;638,1749944286167
296;365,0;672,9119999999999;603,6441938267332;4798,028972057253;638,4034913660587
297;366,2166666666666;676,872;603,8661160611038;5329,859089699583;638,6319883035006
298;367,4333333333333;677,808;604,0880382954745;5434,632753716711;638,8604852409426
299;368,65;675,9359999999999;604,3099605298452;5130,289530180166;639,0889821783845
300;369,8666666666667;676,992;604,5318827642158;5250,46858982359;639,3174791158265
301;371,0833333333333;677,664;604,7538049985865;5315,896535144144;639,5459760532684
302;372,3;673,008;604,9757272329571;4628,3901378493365;639,7744729907104
303;373,51666666666665;673,1039999999999;605,1976494673278;4611,272442666143;640,0029699281523
304;374,73333333333335;674,304;605,4195717016985;4745,064461983839;640,2314668655943
305;375,95;672,168;605,6414939360691;4425,776009074238;640,4599638030362
306;377,1666666666667;672,5039999999999;605,8634161704398;4440,967413144629;640,6884607404781
307;378,3833333333333;680,3280000000001;606,0853384048104;5511,972800737856;640,9169576779201
308;379,6;660,12;606,3072606391811;2895,8109175154286;641,145454615362
309;380,81666666666666;606,504;606,5291828735517;0,0006341771203194526;641,373951552804
310;382,03333333333336;536,208;606,7511051079224;4976,3296782673915;641,6024484902459
311;383,25;455,448;606,9730273422931;22959,833911082682;641,8309454276879
312;384,4666666666666;382,008;607,1949495766637;50709,162259642886;642,0594423651297
313;385,6833333333333;337,56;607,4168718110344;72822,73126363706;642,2879393025717
314;386,9;356,352;607,638794045405;63145,052861617805;642,5164362400136
315;388,1166666666667;398,88;607,8607162797757;43672,93977680812;642,7449331774556
316;389,3333333333333;467,28;608,0826385141463;19825,383012545364;642,9734301148975
317;390,55;531,6;608,304560748517;5883,589639622935;643,2019270523394
318;391,76666666666665;585,864;608,5264829828877;513,5881349496743;643,4304239897814
319;392,98333333333335;613,872;608,7484052172583;26,251223497737293;643,6589209272233
320;394,2;637,68;608,970327451629;824,2452978346827;643,8874178646653
321;395,4166666666667;646,44;609,1922496859996;1387,394903454119;644,1159148021072
322;396,6333333333333;648,12;609,4141719203703;1498,1411273298486;644,3444117395492
323;397,85;654,24;609,6360941547409;1989,508416652737;644,5729086769911
324;399,06666666666666;659,088;609,8580163891116;2423,5912863283334;644,8014056144331
325;400,28333333333336;659,64;610,0799386234823;2456,1996836441954;645,029902551875
326;401,5;658,5840000000001;610,301860857853;2331,164960141655;645,258399489317
327;402,7166666666666;660,12;610,5237830922237;2459,7847315632007;645,4868964267589
328;403,9333333333333;659,88;610,7457053265942;2414,1789130530683;645,7153933642008
329;405,15;659,664;610,967627560965;2371,3366887212105;645,9438903016428
330;406,3666666666667;664,92;611,1895497953356;2886,9612791959216;646,1723872390847
331;407,5833333333333;671,4719999999999;611,4114720297063;3607,2670200704206;646,4008841765267
332;408,8;671,6159999999999;611,633394264077;3597,912990871171;646,6293811139686
333;410,01666666666665;674,112;611,8553164984476;3875,894640612467;646,8578780514106
334;411,23333333333335;675,7919999999999;612,0772387328183;4059,57080333395;647,0863749888524
335;412,45;677,112;612,2991609671889;4200,704103493082;647,3148719262944
336;413,6666666666667;675,264;612,5210832015596;3936,673608376019;647,5433688637363
337;414,8833333333333;679,512;612,7430054359302;4458,098635096779;647,7718658011783
338;416,1;683,0400000000001;612,9649276703009;4910,515762012574;648,0003627386202
339;417,31666666666666;679,848;613,1868499046716;4443,708932031897;648,2288596760621
340;418,53333333333336;679,0559999999999;613,4087721390422;4309,558525828506;648,4573566135041
341;419,75;681,72;613,6306943734129;4636,15354071079;648,685853550946
342;420,9666666666666;678,528;613,8526166077835;4182,905216930198;648,914350488388
343;422,1833333333333;676,968;614,0745388421542;3955,5874564134538;649,1428474258299
344;423,4;681,408;614,2964610765248;4503,9586566771295;649,3713443632719
345;424,6166666666667;682,704;614,5183833108955;4649,278323273479;649,5998413007138
346;425,8333333333333;681,0719999999999;614,7403055452662;4399,893689236147;649,8283382381558
347;427,05;685,3919999999999;614,9622277796368;4960,352815012235;650,0568351755977
348;428,26666666666665;688,968;615,1841500140075;5444,0565187554375;650,2853321130397
349;429,48333333333335;685,656;615,4060722483781;4935,0523491080885;650,5138290504816
350;430,7;684,0479999999999;615,6279944827488;4681,297154980667;650,7423259879236
351;431,9166666666667;689,568;615,8499167171194;5434,355802901716;650,9708229253655
352;433,1333333333333;685,536;616,0718389514901;4825,269670173309;651,1993198628074
353;434,35;670,56;616,2937611858608;2944,8246750331787;651,4278168002494
354;435,56666666666666;665,0400000000001;616,5156834202314;2354,6092995336107;651,6563137376913
355;436,78333333333336;669,888;616,7376056546021;2824,9644190713047;651,8848106751332
356;438,0;667,0559999999999;616,9595278889727;2509,6565179709255;652,1133076125751
357;439,2166666666666;668,808;617,1814501233434;2665,3006521669067;652,3418045500171
358;440,4333333333333;680,88;617,403372357714;4029,282256837422;652,570301487459
359;441,65;691,92;617,6252945920847;5519,703251648906;652,798798424901
360;442,8666666666667;690,096;617,8472168264555;5219,886670057855;653,0272953623429
361;444,0833333333333;692,6159999999999;618,069139060826;5557,23447588452;653,2557922997848
362;445,3;697,0559999999999;618,2910612951968;6203,9155691714;653,4842892372268
363;446,51666666666665;699,3599999999999;618,5129835295674;6536,240072170392;653,7127861746687
364;447,73333333333335;698,784;618,7349057639381;6407,857488013924;653,9412831121107
365;448,95;701,088;618,9568279983087;6745,529414371403;654,1697800495526
366;450,1666666666667;698,688;619,1787502326794;6321,720798562175;654,3982769869946
367;451,3833333333333;691,872;619,4006724670501;5252,0933143881;654,6267739244365
368;452,6;690,144;619,6225947014207;4973,268605286494;654,8552708618785
369;453,81666666666666;693,024;619,8445169357914;5355,236741544797;655,0837677993204
370;455,03333333333336;692,376;620,0664391701621;5228,672587404027;655,3122647367624
371;456,25;694,0559999999999;620,2883614045327;5441,664503951469;655,5407616742043
372;457,4666666666666;680,3280000000001;620,5102836389033;3578,1591906566296;655,7692586116461
373;458,6833333333333;612,864;620,732205873274;61,90866366422269;655,9977555490882
374;459,9;529,608;620,9541281076447;8344,115120258246;656,22625248653
375;461,1166666666667;454,824;621,1760503420153;27673,004652992386;656,4547494239721
376;462,3333333333333;392,976;621,397972576386;52176,597555687236;656,6832463614139
377;463,55;334,392;621,6198948107567;82499,86355741911;656,9117432988559
378;464,76666666666665;314,64;621,8418170451273;94372,95639582787;657,1402402362978
379;465,98333333333335;339,648;622,063739279498;79758,64979278538;657,3687371737398
380;467,2;381,48;622,2856615138686;57987,36661713185;657,5972341111817
381;468,4166666666667;421,296;622,5075837482393;40486,101434474724;657,8257310486237
382;469,6333333333333;492,072;622,7295059826099;17071,383869595742;658,0542279860656
383;470,85;571,0559999999999;622,9514282169806;2693,1354698237956;658,2827249235075
384;472,06666666666666;619,512;623,1733504513512;13,405487127610135;658,5112218609495
385;473,28333333333336;647,232;623,3952726857219;568,1895690552493;658,7397187983914
386;474,5;664,464;623,6171949200926;1668,4614852359512;658,9682157358334
387;475,7166666666666;670,3679999999999;623,8391171544632;2164,9369388536807;659,1967126732753
388;476,9333333333333;676,56;624,0610393888339;2756,1408652527602;659,4252096107173
389;478,15;680,688;624,2829616232045;3181,5283542877687;659,6537065481592
390;479,3666666666667;679,296;624,5048838575752;3002,066408132685;659,8822034856012
391;480,5833333333333;680,9039999999999;624,7268060919458;3155,8771153831053;660,1107004230431
392;481,8;679,92;624,9487283263165;3021,8407094219087;660,3391973604851
393;483,01666666666665;681,24;625,1706505606872;3143,771946547762;660,5676942979269
394;484,23333333333335;684,864;625,3925727950578;3536,850653792738;660,796191235369
395;485,45;689,4719999999999;625,6144950294286;4077,78094106654;661,0246881728108
396;486,6666666666667;689,424;625,8364172637991;4043,380678233186;661,2531851102528
397;487,8833333333333;690,1919999999999;626,0583394981699;4113,126409363994;661,4816820476947
398;489,1;688,872;626,2802617325406;3917,72569934214;661,7101789851366
399;490,31666666666666;690,6;626,5021839669112;4108,530020211703;661,9386759225786
400;491,53333333333336;690,528;626,7241062012819;4070,9368638781043;662,1671728600205
401;492,75;694,0559999999999;626,9460284356525;4503,748283367525;662,3956697974625
402;493,9666666666666;696,456;627,1679506700232;4800,833779953305;662,6241667349044
403;495,1833333333333;698,1840000000001;627,3898729043938;5011,80843122886;662,8526636723464
404;496,4;694,872;627,6117951387645;4523,935157975365;663,0811606097883
405;497,6166666666667;697,008;627,8337173731352;4785,081376941376;663,3096575472302
406;498,8333333333333;699,696;628,0556396075058;5132,341237166458;663,5381544846722
407;500,05;699,312;628,2775618418765;5045,8914044402745;663,7666514221141
408;501,26666666666665;702,6479999999999;628,4994840762471;5498,002413695026;663,9951483595561
409;502,48333333333335;707,424;628,7214063106178;6194,09825343598;664,223645296998
410;503,7;701,232;628,9433285449884;5225,652020730607;664,45214223444
411;504,9166666666667;697,56;629,1652507793591;4677,841720954351;664,6806391718819
412;506,1333333333333;700,68;629,3871730137298;5082,667179694248;664,9091361093239
413;507,35;702,096;629,6090952481004;5254,351360510965;665,1376330467658
414;508,56666666666666;694,992;629,8310174824711;4245,953642649701;665,3661299842076
415;509,78333333333336;704,208;630,0529397168417;5498,972965598836;665,5946269216497
416;511,0;706,704;630,2748619512124;5841,413142880622;665,8231238590915
417;512,2166666666667;703,4879999999999;630,496784185583;5327,7175860667885;666,0516207965336
418;513,4333333333333;702,312;630,7187064199537;5125,599685638697;666,2801177339754
419;514,65;711,024;630,9406286543244;6413,346366089371;666,5086146714174
420;515,8666666666667;704,712;631,162550888695;5409,521464576439;666,7371116088593
421;517,0833333333334;702,456;631,3844731230657;5051,161932618793;666,9656085463013
422;518,3;704,064;631,6063953574363;5250,10447053806;667,1941054837432
423;519,5166666666667;705,9359999999999;631,828317591807;5491,948591913581;667,4226024211852
424;520,7333333333333;705,0;632,0502398261776;5321,6675094182;667,6510993586271
425;521,95;709,1039999999999;632,2721620605483;5903,131321154153;667,879596296069
426;523,1666666666666;713,9039999999999;632,494084294919;6627,574375108367;668,108093233511
427;524,3833333333333;713,4;632,7160065292896;6509,906802381628;668,336590170953
428;525,6;713,064;632,9379287636604;6420,18729177097;668,5650871083949
429;526,8166666666667;712,656;633,159850998031;6319,637706143257;668,7935840458368
430;528,0333333333333;715,6080000000001;633,3817732324017;6761,152368436517;669,0220809832788
431;529,25;714,3599999999999;633,6036954667723;6521,5807218634045;669,2505779207207
432;530,4666666666667;716,88;633,825617701143;6898,030419044697;669,4790748581627
433;531,6833333333333;717,312;634,0475399355137;6932,970309830441;669,7075717956045
434;532,9;717,168;634,2694621698843;6872,167574371131;669,9360687330466
435;534,1166666666667;716,136;634,491384404255;6665,8432557769665;670,1645656704884
436;535,3333333333334;718,0559999999999;634,7133066386256;6946,004536728074;670,3930626079305
437;536,55;707,7599999999999;634,9352288729963;5303,447289700457;670,6215595453723
438;537,7666666666667;658,848;635,1571511073669;561,2563212535742;670,8500564828142
439;538,9833333333333;594,192;635,3790733417376;1696,3750104576698;671,0785534202562
440;540,2;521,472;635,6009955761083;13025,42763121135;671,3070503576981
441;541,4166666666666;439,488;635,8229178104789;38547,3999516475;671,5355472951401
442;542,6333333333333;375,576;636,0448400448496;67844,01663430943;671,764044232582
443;543,85;322,632;636,2667622792202;98366,76410994296;671,992541170024
444;545,0666666666667;284,016;636,4886845135909;124236,99332821737;672,2210381074659
445;546,2833333333333;288,288;636,7106067479615;121398,31289304461;672,4495350449079
446;547,5;326,232;636,9325289823322;96534,81870990104;672,6780319823498
447;548,7166666666667;375,648;637,1544512167029;68385,6240279538;672,9065289197918
448;549,9333333333333;467,76;637,3763734510735;28769,714142694036;673,1350258572337
449;551,15;564,5519999999999;637,5982956854442;5335,7613133653595;673,3635227946756
450;552,3666666666667;625,944;637,8202179198148;141,04455207893133;673,5920197321176
451;553,5833333333334;659,9039999999999;638,0421401541855;477,9409159180305;673,8205166695595
452;554,8;676,56;638,2640623885561;1466,5788375395985;674,0490136070015
453;556,0166666666667;683,208;638,4859846229268;2000,0586593871672;674,2775105444434
454;557,2333333333333;681,12;638,7079068572975;1798,7856447452702;674,5060074818854
455;558,45;685,2239999999999;638,9298290916681;2143,1502600898352;674,7345044193273
456;559,6666666666666;691,032;639,1517513260388;2691,5602024720533;674,9630013567692
457;560,8833333333333;697,6080000000001;639,3736735604094;3391,2367758728046;675,1914982942111
458;562,1;698,352;639,5955957947801;3452,315035127175;675,419995231653
459;563,3166666666667;702,84;639,8175180291507;3971,833233766025;675,648492169095
460;564,5333333333333;704,6159999999999;640,0394402635214;4170,132067398967;675,8769891065369
461;565,75;702,6239999999999;640,2613624978922;3889,0985562192973;676,1054860439789
462;566,9666666666667;702,3599999999999;640,4832847322627;3828,7278923246163;676,3339829814208
463;568,1833333333333;703,512;640,7052069666335;3944,6932511361333;676,5624799188628
464;569,4;707,304;640,927129201004;4405,888977066597;676,7909768563047
465;570,6166666666667;706,2239999999999;641,1490514353748;4234,748930688612;677,0194737937467
466;571,8333333333334;709,536;641,3709736697454;4646,470814604301;677,2479707311886
467;573,05;710,784;641,5928959041161;4787,408886007446;677,4764676686306
468;574,2666666666667;711,096;641,8148181384868;4799,88216012807;677,7049646060725
469;575,4833333333333;709,536;642,0367403728574;4556,1500502124;677,9334615435145
470;576,7;707,52;642,2586626072281;4259,042158293209;678,1619584809564
471;577,9166666666666;710,856;642,4805848415987;4675,197398083737;678,3904554183983
472;579,1333333333333;710,6159999999999;642,7025070759694;4612,24252114234;678,6189523558403
473;580,35;707,64;642,92442931034;4188,105089688382;678,8474492932822
474;581,5666666666667;706,776;643,1463515447107;4048,732162543696;679,0759462307242
475;582,7833333333333;712,7520000000001;643,3682737790814;4814,101464299398;679,304443168166
476;584,0;708,696;643,590196013452;4238,765712734815;679,5329401056081
477;585,2166666666667;709,3439999999999;643,8121182478227;4294,42752598134;679,7614370430499
478;586,4333333333333;716,568;644,0340404821933;5261,17528333082;679,9899339804919
479;587,65;721,6080000000001;644,255962716564;5983,337671898083;680,2184309179338
480;588,8666666666667;720,1919999999999;644,4778849509346;5732,627217663096;680,4469278553757
481;590,0833333333334;721,296;644,6998071853053;5866,976753705895;680,6754247928177
482;591,3;721,824;644,921729419676;5913,959220409358;680,9039217302596
483;592,5166666666667;717,144;645,1436516540466;5184,050161938634;681,1324186677016
484;593,7333333333333;716,28;645,3655738884173;5028,855830735116;681,3609156051435
485;594,95;718,1039999999999;645,5874961227879;5258,643334573706;681,5894125425855
486;596,1666666666666;720,8159999999999;645,8094183571586;5625,987289744217;681,8179094800274
487;597,3833333333333;721,8;646,0313405915292;5740,889748556841;682,0464064174694
488;598,6;725,1840000000001;646,2532628258999;6230,061270846877;682,2749033549113
489;599,8166666666667;725,544;646,4751850602706;6251,877495973167;682,5034002923533
490;601,0333333333333;725,496;646,6971072946412;6209,2654915906405;682,7318972297952
491;602,25;720,9599999999999;646,9190295290119;5482,065308285715;682,9603941672372
492;603,4666666666667;721,2239999999999;647,1409517633825;5488,29803602898;683,1888911046791
493;604,6833333333333;723,0;647,3628739977532;5720,974829879753;683,417388042121
494;605,9;723,384;647,5847962321238;5745,519291844014;683,645884979563
495;607,1166666666667;724,68;647,8067184664945;5909,501413729583;683,8743819170049
496;608,3333333333334;727,68;648,0286407008653;6344,3390381998515;684,1028788544469
497;609,55;726,9359999999999;648,2505629352358;6191,398006072948;684,3313757918887
498;610,7666666666667;723,864;648,4724851696066;5683,880508421439;684,5598727293307
499;611,9833333333333;723,888;648,6944074039772;5654,076367496667;684,7883696667726
500;613,2;725,832;648,9163296383479;5916,020347182332;685,0168666042146
501;614,4166666666666;725,808;649,1382518727185;5878,250277900791;685,2453635416565
502;615,6333333333333;716,4;649,3601741070892;4494,338255751795;685,4738604790984
503;616,85;717,72;649,5820963414599;4642,773914980499;685,7023574165404
504;618,0666666666667;674,832;649,8040185758305;626,3998541685748;685,9308543539823
505;619,2833333333333;611,136;650,0259408102012;1512,4274962209536;686,1593512914243
506;620,5;515,448;650,2478630445718;18171,003076835314;686,3878482288662
507;621,7166666666667;448,44;650,4697852789425;40816,034139855605;686,6163451663082
508;622,9333333333333;365,832;650,6917075133131;81145,05296457028;686,8448421037501
509;624,15;369,672;650,9136297476838;79096,85430313324;687,0733390411921
510;625,3666666666667;407,52;651,1355519820545;59348,537167521106;687,301835978634
511;626,5833333333334;486,432;651,3574742164251;27200,41204551269;687,530332916076
512;627,8;557,784;651,5793964507958;8797,576395361959;687,7588298535179
513;629,0166666666667;626,064;651,8013186851664;662,4095731018169;687,9873267909599
514;630,2333333333333;658,1999999999999;652,0232409195371;38,152352738080026;688,2158237284018
515;631,45;674,544;652,2451631539078;497,23812468863787;688,4443206658437
516;632,6666666666666;689,088;652,4670853882784;1341,0913869990015;688,6728176032857
517;633,8833333333333;688,296;652,6890076226491;1267,8579061607275;688,9013145407275
518;635,1;698,088;652,9109298570197;2040,9676667037581;689,1298114781696
519;636,3166666666667;701,784;653,1328520913904;2366,9341928254057;689,3583084156114
520;637,5333333333333;701,256;653,354774325761;2294,5274210943694;689,5868053530534
521;638,75;699,1919999999999;653,5766965601317;2080,755907911249;689,8153022904953
522;639,9666666666667;703,2719999999999;653,7986187945024;2447,6154479044735;690,0437992279373
523;641,1833333333333;702,408;654,020541028873;2341,346185682498;690,2722961653792
524;642,4;700,296;654,2424632632437;2120,9282459637634;690,5007931028211
525;643,6166666666667;698,496;654,4643854976143;1938,7830756866983;690,7292900402631
526;644,8333333333334;700,32;654,686307731985;2082,433870011893;690,957786977705
527;646,05;697,1999999999999;654,9082299663556;1788,5938125786538;691,186283915147
528;647,2666666666667;693,696;655,1301522007263;1487,324616476743;691,4147808525889
529;648,4833333333333;694,128;655,352074435097;1503,5724034148973;691,6432777900309
530;649,7;699,144;655,5739966694676;1898,3451902226009;691,8717747274728
531;650,9166666666666;696,552;655,7959189038384;1661,0581463169062;692,1002716649148
532;652,1333333333333;696,6239999999999;656,017841138209;1648,8601375090045;692,3287686023567
533;653,35;702,888;656,2397633725797;2176,057980447804;692,5572655397987
534;654,5666666666667;699,9359999999999;656,4616856069504;1890,0160119457155;692,7857624772406
535;655,7833333333333;688,632;656,683607841321;1020,6997615247409;693,0142594146826
536;657,0;686,448;656,9055300756917;872,7575292286608;693,2427563521245
537;658,2166666666667;692,808;657,1274523100623;1273,1014834539203;693,4712532895664
538;659,4333333333333;696,4799999999999;657,349374544433;1531,2058485438624;693,6997502270083
539;660,65;703,632;657,5712967788036;2121,5883812311304;693,9282471644502
540;661,8666666666667;719,256;657,7932190131743;3777,673446634502;694,1567441018922
541;663,0833333333334;726,528;658,015141247545;4694,011814433854;694,3852410393341
542;664,3;726,9359999999999;658,2370634819156;4719,543878715782;694,6137379767761
543;665,5166666666667;727,1039999999999;658,4589857162863;4712,137986011249;694,842234914218
544;666,7333333333333;730,2239999999999;658,6809079506569;5118,414019980772;695,07073185166
545;667,95;726,3599999999999;658,9028301850276;4550,46975944601;695,2992287891019
546;669,1666666666666;723,3359999999999;659,1247524193982;4123,084315857329;695,5277257265438
547;670,3833333333333;723,6479999999999;659,3466746537689;4134,660441281851;695,7562226639858
548;671,6;722,4719999999999;659,5685968881396;3956,838123053191;695,9847196014277
549;672,8166666666667;718,152;659,7905191225102;3406,062450213612;696,2132165388697
550;674,0333333333333;720,8159999999999;660,0124413568809;3697,072743667212;696,4417134763116
551;675,25;727,7520000000001;660,2343635912515;4558,631226223969;696,6702104137536
552;676,4666666666667;726,24;660,4562858256222;4327,497050576234;696,8987073511955
553;677,6833333333333;723,984;660,6782080599928;4007,6232931514837;697,1272042886375
554;678,9;729,456;660,9001302943635;4699,907271096208;697,3557012260794
555;680,1166666666667;730,4879999999999;661,1220525287342;4811,634668586395;697,5841981635214
556;681,3333333333334;726,264;661,3439747631048;4214,609676759108;697,8126951009633
557;682,55;727,1999999999999;661,5658969974754;4307,8354769459975;698,0411920384051
558;683,7666666666667;733,7280000000001;661,7878192318461;5175,389608954665;698,2696889758472
559;684,9833333333333;731,952;662,0097414662168;4891,919528806563;698,498185913289
560;686,2;734,664;662,2316637005874;5246,443341791198;698,7266828507311
561;687,4166666666666;740,376;662,4535859349581;6071,90261372383;698,9551797881729
562;688,6333333333333;742,4159999999999;662,6755081693289;6358,546037397323;699,1836767256149
563;689,85;736,56;662,8974304036994;5426,1741595298145;699,4121736630568
564;691,0666666666667;730,2479999999999;663,1193526380702;4506,255296642322;699,6406706004988
565;692,2833333333333;729,9599999999999;663,3412748724407;4438,054537621284;699,8691675379407
566;693,5;732,0719999999999;663,5631971068115;4693,456073857744;700,0976644753827
567;694,7166666666667;713,064;663,785119341182;2428,408078986018;700,3261614128246
568;695,9333333333333;667,8;664,0070415755528;14,38653360958493;700,5546583502665
569;697,15;593,448;664,2289638099235;5009,944837861699;700,7831552877085
570;698,3666666666667;508,872;664,4508860442941;24204,789782783435;701,0116522251504
571;699,5833333333334;452,304;664,6728082786648;45100,51072970029;701,2401491625924
572;700,8;432,6;664,8947305130354;53960,841824123716;701,4686461000343
573;702,0166666666667;459,984;665,1166527474061;42079,405223187896;701,6971430374763
574;703,2333333333333;527,664;665,3385749817767;18954,28859641285;701,9256399749182
575;704,45;600,9839999999999;665,5604972161474;4170,1239927071;702,1541369123602
576;705,6666666666666;645,7679999999999;665,7824194505181;400,57698594128027;702,382633849802
577;706,8833333333333;677,016;666,0043416848887;121,25661884875932;702,6111307872441
578;708,1;685,2719999999999;666,2262639192594;362,74006285722203;702,8396277246859
579;709,3166666666667;686,688;666,44818615363;409,65006453571067;703,068124662128
580;710,5333333333333;694,0799999999999;666,6701083880007;751,3021581815457;703,2966215995698
581;711,75;698,064;666,8920306223713;971,6916748798195;703,5251185370117
582;712,9666666666667;698,232;667,113952856742;968,3328580100253;703,7536154744537
583;714,1833333333333;703,968;667,3358750911127;1341,9125753403177;703,9821124118956
584;715,4;714,4799999999999;667,5577973254833;2201,6931038284124;704,2106093493376
585;716,6166666666667;715,4879999999999;667,779719559854;2276,0800225556104;704,4391062867795
586;717,8333333333334;718,008;668,0016417942246;2500,6358610043235;704,6676032242215
587;719,05;720,744;668,2235640285953;2758,3961946264217;704,8961001616634
588;720,2666666666667;726,024;668,4454862629659;3315,285244165823;705,1245970991054
589;721,4833333333333;720,24;668,6674084973366;2659,7321943005877;705,3530940365473
590;722,7;722,016;668,8893307317073;2822,4429875425485;705,5815909739893
591;723,9166666666666;727,824;669,1112529660779;3447,18666426932;705,8100879114312
592;725,1333333333333;732,5039999999999;669,3331752004486;3990,5531058556016;706,0385848488731
593;726,35;732,864;669,5550974348192;4008,0171440075565;706,2670817863151
594;727,5666666666667;738,864;669,7770196691899;4773,01085122974;706,495578723757
595;728,7833333333333;740,784;669,9989419035605;5010,524449716309;706,724075661199
596;730,0;730,128;670,2208641379312;3588,8649271963695;706,9525725986409
597;731,2166666666667;727,632;670,442786372302;3270,6061553544782;707,1810695360829
598;732,4333333333333;733,464;670,6647086066725;3943,750999504058;707,4095664735248
599;733,65;735,552;670,8866308410433;4181,609968464157;707,6380634109667
600;734,8666666666667;737,784;671,1085530754139;4445,615222593304;707,8665603484087
601;736,0833333333334;745,32;671,3304753097846;5474,449763884008;708,0950572858505
602;737,3;749,448;671,5523975441552;6067,724881959018;708,3235542232925
603;738,5166666666667;746,256;671,7743197785259;5547,520688613928;708,5520511607344
604;739,7333333333333;746,304;671,9962420128966;5521,642897069929;708,7805480981764
605;740,95;748,3679999999999;672,2181642472672;5798,797485168178;709,0090450356183
606;742,1666666666666;750,7679999999999;672,4400864816379;6135,262036140002;709,2375419730603
607;743,3833333333333;752,1840000000001;672,6620087160085;6323,747097771237;709,4660389105022
608;744,6;754,92;672,8839309503792;6729,916625114148;709,6945358479442
609;745,8166666666667;758,136;673,1058531847498;7230,125867423002;709,9230327853861
610;747,0333333333333;753,3359999999999;673,3277754191205;6401,316000584437;710,1515297228281
611;748,25;751,68;673,5496976534912;6104,344144756872;710,38002666027
612;749,4666666666667;752,856;673,7716198878618;6254,339177721161;710,608523597712
613;750,6833333333333;753,3359999999999;673,9935421222325;6295,225622085294;710,8370205351539
614;751,9;752,712;674,2154643566031;6161,70610801508;711,0655174725958
615;753,1166666666667;756,864;674,4373865909738;6794,146598081063;711,2940144100378
616;754,3333333333334;755,256;674,6593088253444;6495,826628302804;711,5225113474797
617;755,55;753,24;674,8812310597151;6140,096669836958;711,7510082849217
618;756,7666666666667;751,3679999999999;675,1031532940858;5816,32684307658;711,9795052223635
619;757,9833333333333;752,544;675,3250755284564;5962,7622965419505;712,2080021598056
620;759,2;751,8960000000001;675,5469977628271;5829,170142611841;712,4364990972474
621;760,4166666666666;755,52;675,7689199971977;6360,2347616133675;712,6649960346894
622;761,6333333333333;755,496;675,9908422315684;6321,070111783193;712,8934929721313
623;762,85;758,856;676,212764465939;6829,904379538279;713,1219899095732
624;764,0666666666667;757,7280000000001;676,4346867003097;6608,60278724161;713,3504868470152
625;765,2833333333333;755,4719999999999;676,6566089346804;6211,865868779234;713,5789837844571
626;766,5;755,832;676,878531169051;6233,65024043963;713,8074807218991
627;767,7166666666667;758,448;677,1004534034217;6617,423337282468;714,035977659341
628;768,9333333333333;758,88;677,3223756377923;6651,646091606969;714,264474596783
629;770,15;752,784;677,544297872163;5661,012776285632;714,4929715342249
630;771,3666666666667;706,632;677,7662201065336;833,2332488580439;714,7214684716669
631;772,5833333333334;648,432;677,9881423409043;873,5655500757977;714,9499654091088
632;773,8;558,456;678,210064575275;14341,035982299143;715,1784623465508
633;775,0166666666667;510,456;678,4319868096457;28215,932144674243;715,4069592839927
634;776,2333333333333;474,072;678,6539090440164;41853,75750809418;715,6354562214347
635;777,45;483,384;678,8758312783871;38217,05609657735;715,8639531588766
636;778,6666666666666;502,128;679,0977535127577;31318,29365836621;716,0924500963185
637;779,8833333333333;563,04;679,3196757471283;13520,962991857295;716,3209470337604
638;781,1;575,664;679,541597981499;10790,555362405921;716,5494439712024
639;782,3166666666667;587,064;679,7635202158697;8593,201048252437;716,7779409086443
640;783,5333333333333;596,664;679,9854424502403;6942,462771988704;717,0064378460863
641;784,75;604,3679999999999;680,207364684611;5751,609235765429;717,2349347835282
642;785,9666666666667;601,992;680,4292869189817;6152,407979210662;717,4634317209702
643;787,1833333333333;605,28;680,6512091533523;5680,819169238379;717,691928658412
644;788,4;606,9359999999999;680,8731313877229;5466,6993978454075;717,920425595854
645;789,6166666666667;602,664;681,0950536220936;6151,430172271722;718,148922533296
646;790,8333333333334;603,504;681,3169758564643;6054,859211638693;718,3774194707379
647;792,05;603,4079999999999;681,5388980908349;6104,437236480442;718,6059164081798
648;793,2666666666667;608,088;681,7608203252056;5427,684454670032;718,8344133456218
649;794,4833333333333;612,072;681,9827425595763;4887,511925231353;719,0629102830637
650;795,7;619,7520000000001;682,2046647939469;3900,335339865087;719,2914072205057
651;796,9166666666666;628,0799999999999;682,4265870283175;2953,5515216264957;719,5199041579476
652;798,1333333333333;630,552;682,6485092626882;2714,046277357356;719,7484010953896
653;799,35;630,0719999999999;682,8704314970589;2787,674368549635;719,9768980328315
654;800,5666666666667;632,664;683,0923537314295;2543,018860062182;720,2053949702735
655;801,7833333333333;637,824;683,3142759658002;2069,3652074446654;720,4338919077154
656;803,0;633,528;683,5361982001709;2500,819887227577;720,6623888451574
657;804,2166666666667;636,24;683,7581204345415;2257,971769631592;720,8908857825993
658;805,4333333333333;649,992;683,9800426689121;1155,1870444637934;721,1193827200411
659;806,65;651,0479999999999;684,2019649032828;1099,185388808117;721,3478796574832
660;807,8666666666667;648,5039999999999;684,4238871376535;1290,2382919817749;721,576376594925
661;809,0833333333334;650,808;684,6458093720241;1144,9973430974446;721,8048735323671
662;810,3;657,264;684,8677316063948;761,9659985978809;722,0333704698089
663;811,5166666666667;648,552;685,0896538407654;1335,0001481875997;722,2618674072509
664;812,7333333333333;649,704;685,3115760751361;1267,8994739466116;722,4903643446928
665;813,95;658,968;685,5334983095067;705,7257004324075;722,7188612821348
666;815,1666666666666;668,64;685,7554205438774;292,9376203937827;722,9473582195767
667;816,3833333333333;662,52;685,9773427782482;550,2469302162318;723,1758551570186
668;817,6;663,3359999999999;686,1992650126188;522,7288870372414;723,4043520944606
669;818,8166666666667;666,7919999999999;686,4211872469895;385,30499197737703;723,6328490319025
670;820,0333333333333;667,512;686,64310948136;365,9993499877868;723,8613459693445
671;821,25;663,7919999999999;686,8650317157308;532,3647925551217;724,0898429067864
672;822,4666666666667;670,1039999999999;687,0869539501014;288,42072487126586;724,3183398442284
673;823,6833333333333;672,3359999999999;687,3088761844721;224,1870212355339;724,5468367816703
674;824,9;672,2159999999999;687,5307984188428;234,5430506097925;724,7753337191123
675;826,1166666666667;670,032;687,7527206532134;314,0239404692216;725,0038306565542
676;827,3333333333334;672,4799999999999;687,9746428875841;240,08395821376294;725,2323275939962
677;828,55;676,2239999999999;688,1965651219547;143,34231559944723;725,460824531438
678;829,7666666666667;679,632;688,4184873563254;77,20236006286677;725,68932146888
679;830,9833333333333;686,976;688,640409590696;2,770259285600766;725,9178184063219
680;832,2;687,528;688,8623318250667;1,7804414193857498;726,146315343764
681;833,4166666666666;691,3679999999999;689,0842540594374;5,215495521035878;726,3748122812058
682;834,6333333333333;693,744;689,306176293808;19,694279247240004;726,6033092186478
683;835,85;698,256;689,5280985281787;76,17626410181988;726,8318061560897
684;837,0666666666667;693,3599999999999;689,7500207625494;13,031950094823612;727,0603030935317
685;838,2833333333333;696,528;689,97194299692;42,98188342763449;727,2888000309736
686;839,5;697,7280000000001;690,1938652312906;56,763186713076806;727,5172969684155
687;840,7166666666667;695,4;690,4157874656613;24,84237458745868;727,7457939058575
688;841,9333333333333;694,512;690,637709700032;15,01012532842555;727,9742908432994
689;843,15;693,144;690,8596319344026;5,218337459121167;728,2027877807413
690;844,3666666666667;673,152;691,0815541687733;321,4689126909753;728,4312847181833
691;845,5833333333334;627,312;691,303476403144;4094,909052254138;728,6597816556252
692;846,8;578,256;691,5253986375146;12829,956667704208;728,8882785930672
693;848,0166666666667;513,384;691,7473208718852;31813,474232447083;729,1167755305091
694;849,2333333333333;446,592;691,9692431062559;60209,99143442663;729,3452724679511
695;850,45;454,32;692,1911653406266;56582,69130050774;729,573769405393
696;851,6666666666666;459,144;692,4130875749972;54414,467218071724;729,802266342835
697;852,8833333333333;493,416;692,635009809368;39688,21386942504;730,0307632802769
698;854,1;565,4399999999999;692,8569320437387;16235,074571438729;730,2592602177189
699;855,3166666666667;653,088;693,0788542781092;1599,2684258929714;730,4877571551608
700;856,5333333333333;685,2239999999999;693,3007765124798;65,23431883254713;730,7162540926026
701;857,75;748,968;693,5226987468506;3074,1814310524915;730,9447510300447
702;858,9666666666667;791,28;693,7446209812213;9513,150160336818;731,1732479674865
703;860,1833333333333;805,4879999999999;693,9665432155919;12437,0353233166;731,4017449049285
704;861,4;813,312;694,1884654499626;14190,416483693965;731,6302418423704
705;862,6166666666667;820,776;694,4103876843333;15968,267975913372;731,8587387798124
706;863,8333333333334;820,008;694,6323099187039;15719,063663361227;732,0872357172543
707;865,05;820,1039999999999;694,8542321530745;15687,504345708725;732,3157326546963
708;866,2666666666667;824,352;695,0761543874452;16712,244258841107;732,5442295921382
709;867,4833333333333;829,776;695,2980766218159;18084,311876108746;732,7727265295802
710;868,7;827,4719999999999;695,5199988561865;17411,33060585693;733,0012234670221
711;869,9166666666666;828,6239999999999;695,7419210905572;17657,646895295362;733,229720404464
712;871,1333333333333;833,496;695,9638433249279;18915,094119696576;733,458217341906
713;872,35;835,776;696,1857655592985;19485,433551209997;733,6867142793479
714;873,5666666666667;831,744;696,4076877936692;18315,91740160945;733,9152112167899
715;874,7833333333333;834,744;696,6296100280398;19075,58471732671;734,1437081542318
716;876,0;841,632;696,8515322624105;20961,383838315178;734,3722050916738
717;877,2166666666667;838,3919999999999;697,0734544967811;19970,931303145335;734,6007020291157
718;878,4333333333333;838,008;697,2953767311518;19800,042347200808;734,8291989665577
719;879,65;844,296;697,5172989655225;21543,987077368536;735,0576959039995
720;880,8666666666667;844,68;697,7392211998931;21591,592474381927;735,2861928414416
721;882,0833333333334;841,1039999999999;697,9611434342638;20489,8773857989;735,5146897788834
722;883,3;841,32;698,1830656686344;20488,18196978168;735,7431867163255
723;884,5166666666667;840,6479999999999;698,4049879030051;20233,074490425806;735,9716836537673
724;885,7333333333333;833,664;698,6269101373757;18235,015638566463;736,2001805912093
725;886,95;831,1919999999999;698,8488323717464;17514,714017879996;736,4286775286512
726;888,1666666666666;831,3359999999999;699,0707546061171;17494,095139104025;736,6571744660931
727;889,3833333333333;831,552;699,2926768404877;17492,528562612304;736,8856714035351
728;890,6;829,0799999999999;699,5145990748584;16787,193116892657;737,114168340977
729;891,8166666666667;828,456;699,736521309229;16568,704194423844;737,342665278419
730;893,0333333333333;824,664;699,9584435435997;15551,475811100428;737,5711622158609
731;894,25;820,464;700,1803657779703;14468,152661659038;737,7996591533029
732;895,4666666666667;819,3599999999999;700,402288012341;14150,937241338796;738,0281560907448
733;896,6833333333333;821,016;700,6242102467118;14494,18303999995;738,2566530281867
734;897,9;831,288;700,8461324810823;17015,080801822867;738,4851499656287
735;899,1166666666667;831,696;701,0680547154531;17063,660089262597;738,7136469030706
736;900,3333333333334;826,176;701,2899769498237;15596,518753289189;738,9421438405126
737;901,55;826,7520000000001;701,5118991841944;15685,082852353176;739,1706407779545
738;902,7666666666668;830,0400000000001;701,733821418565;16462,47546217112;739,3991377153965
739;903,9833333333332;816,864;701,9557436529357;13203,907376722658;739,6276346528384
740;905,2;816,096;702,1776658873064;12977,386847011298;739,8561315902804
741;906,4166666666666;822,696;702,399588121677;14471,226710799145;740,0846285277223
742;907,6333333333332;817,8;702,6215103560476;13266,084476662048;740,3131254651641
743;908,85;809,256;702,8434325904183;11323,63450269877;740,5416224026062
744;910,0666666666668;811,1999999999999;703,065354824789;11693,101487168773;740,7701193400482
745;911,2833333333332;813,1919999999999;703,2872770591596;12079,048124702871;740,99861627749
746;912,5;806,352;703,5091992935303;10576,641657150642;741,2271132149319
747;913,7166666666668;804,9119999999999;703,731121527901;10237,570168385651;741,455610152374
748;914,9333333333332;805,32;703,9530437622716;10275,259816901556;741,6841070898158
749;916,15;804,72;704,1749659966423;10109,303862736362;741,9126040272578
750;917,3666666666668;797,1840000000001;704,396888231013;8609,4481104305;742,1411009646997
751;918,5833333333334;800,928;704,6188104653836;9275,459988814664;742,3695979021417
752;919,8;803,304;704,8407326997542;9695,01500743965;742,5980948395836
753;921,0166666666668;805,92;705,0626549341249;10172,20405373699;742,8265917770256
754;922,2333333333332;788,976;705,2845771684956;7004,254255561653;743,0550887144675
755;923,45;751,4159999999999;705,5064994028662;2107,682245078222;743,2835856519094
756;924,6666666666666;679,512;705,7284216372369;687,3007634613871;743,5120825893514
757;925,8833333333332;578,544;705,9503438716075;16232,376458730307;743,7405795267932
758;927,1;458,928;706,1722661059782;61129,72712228377;743,9690764642353
759;928,3166666666668;380,256;706,3941883403489;106366,11789392494;744,1975734016772
760;929,5333333333332;362,616;706,6161105747195;118336,07607541927;744,4260703391192
761;930,75;383,544;706,8380328090902;104519,03164996512;744,654567276561
762;931,9666666666668;450,264;707,0599550434608;65944,16252668315;744,8830642140031
763;933,1833333333332;546,432;707,2818772778314;25872,683020293425;745,1115611514449
764;934,4;622,776;707,5037995122021;7178,800010179928;745,340058088887
765;935,6166666666668;663,0479999999999;707,7257217465728;1996,098820464198;745,5685550263288
766;936,8333333333334;702,384;707,9476439809434;30,954134346688004;745,7970519637709
767;938,05;720,6719999999999;708,1695662153141;156,31085054045198;746,0255489012127
768;939,2666666666668;728,832;708,3914884496849;417,8145124385665;746,2540458386547
769;940,4833333333332;732,0;708,6134106840555;546,9325598326517;746,4825427760966
770;941,7;738,7679999999999;708,8353329184262;895,9645586163291;746,7110397135385
771;942,9166666666666;731,832;709,0572551527968;518,6890028552104;746,9395366509805
772;944,1333333333332;737,448;709,2791773871675;793,4825673932244;747,1680335884224
773;945,35;736,704;709,5010996215381;739,9977890005221;747,3965305258644
774;946,5666666666668;742,3919999999999;709,7230218559088;1067,2621329791066;747,6250274633063
775;947,7833333333332;745,872;709,9449440902795;1290,7533463401812;747,8535244007483
776;949,0;751,176;710,1668663246501;1681,7490448027231;748,0820213381902
777;950,2166666666668;751,2479999999999;710,3887885590208;1669,4751595786415;748,3105182756321
778;951,4333333333332;754,1999999999999;710,6107107933914;1900,0261335373611;748,539015213074
779;952,65;756,864;710,8326330277621;2118,8867453328385;748,767512150516
780;953,8666666666668;755,592;711,0545552621328;1983,5839837785738;748,996009087958
781;955,0833333333334;761,064;711,2764774965034;2478,7973970361777;749,2245060253999
782;956,3;762,12;711,4983997308741;2562,546413807168;749,4530029628418
783;957,5166666666668;762,864;711,7203219652447;2615,675802922716;749,6814999002838
784;958,7333333333332;762,24;711,9422441996153;2529,8642385551348;749,9099968377257
785;959,95;766,0559999999999;712,1641664339861;2904,3297251069334;750,1384937751677
786;961,1666666666666;770,304;712,3860886683567;3354,4844530200917;750,3669907126095
787;962,3833333333332;768,7919999999999;712,6080109027273;3156,640630882448;750,5954876500515
788;963,6;769,704;712,829933137098;3234,6594815258404;750,8239845874934
789;964,8166666666668;766,4879999999999;713,0518553714687;2855,4215527613064;751,0524815249355
790;966,0333333333332;768,3359999999999;713,2737776058393;3031,8483349839994;751,2809784623773
791;967,25;761,1840000000001;713,49569984021;2274,173972130233;751,5094753998193
792;968,4666666666668;766,824;713,7176220745807;2820,2873763574544;751,7379723372612
793;969,6833333333332;770,7599999999999;713,9395443089513;3228,5641849384115;751,9664692747032
794;970,9;773,88;714,1614665433219;3566,3032382163783;752,1949662121451
795;972,1166666666668;771,144;714,3833887776926;3221,766986329926;752,4234631495871
796;973,3333333333334;778,848;714,6053110120633;4127,123088400753;752,651960087029
797;974,55;774,984;714,8272332464339;3618,836586242956;752,880457024471
798;975,7666666666668;769,56;715,0491554808046;2971,4321701958847;753,1089539619129
799;976,9833333333332;771,888;715,2710777151752;3205,4758890058906;753,3374508993547
800;978,2;775,008;715,492999949546;3542,0352310055505;753,5659478367968
801;979,4166666666666;772,944;715,7149221839165;3275,167347679331;753,7944447742386
802;980,6333333333332;775,6080000000001;715,9368444182873;3560,646808456976;754,0229417116806
803;981,85;780,0;716,158766652658;4075,7030753097774;754,2514386491225
804;983,0666666666668;782,256;716,3806888870286;4339,556614230775;754,4799355865646
805;984,2833333333332;780,9119999999999;716,6026111213991;4135,697497939101;754,7084325240064
806;985,5;782,112;716,82453335577;4262,453300821444;754,9369294614484
807;986,7166666666668;783,9599999999999;717,0464555901406;4477,42242549022;755,1654263988903
808;987,9333333333332;780,744;717,2683778245112;4029,154610565414;755,3939233363323
809;989,15;778,3919999999999;717,4903000588819;3709,0170557179804;755,6224202737742
810;990,3666666666668;782,688;717,7122222932526;4221,851688596654;755,8509172112161
811;991,5833333333334;781,128;717,9341445276232;3993,463369463656;756,0794141486581
812;992,8;777,5039999999999;718,1560667619939;3522,17717962282;756,3079110861
813;994,0166666666668;782,808;718,3779889963646;4151,226317928578;756,536408023542
814;995,2333333333332;785,112;718,5999112307352;4423,857952450558;756,7649049609839
815;996,45;784,2479999999999;718,8218334651058;4280,583267451703;756,9934018984259
816;997,6666666666666;784,704;719,0437556994765;4311,267681604423;757,2218988358678
817;998,8833333333332;790,944;719,2656779338472;5137,781854219122;757,4503957733098
818;1000,1;791,0400000000001;719,4876001682178;5119,745921687237;757,6788927107517
819;1001,3166666666668;757,1039999999999;719,7095224025885;1398,346954783305;757,9073896481937
820;1002,5333333333332;692,136;719,9314446369591;772,5867425662602;758,1358865856355
821;1003,75;625,632;720,1533668713298;8934,288795224535;758,3643835230775
822;1004,9666666666668;553,824;720,3752891057005;27739,33190277065;758,5928804605195
823;1006,1833333333332;448,944;720,5972113400711;73795,46723137333;758,8213773979613
824;1007,4;363,624;720,8191335744418;127588,36344926331;759,0498743354033
825;1008,6166666666668;320,16;721,0410558088124;160705,62090638815;759,2783712728453
826;1009,8333333333334;309,816;721,2629780431831;169288,61574086765;759,5068682102872
827;1011,05;317,184;721,4849002775537;163459,21796524042;759,7353651477291
828;1012,2666666666668;384,312;721,7068225119244;113835,26625785299;759,9638620851711
829;1013,4833333333332;491,73599999999993;721,928744746295;52988,69973383297;760,192359022613
830;1014,7;587,064;722,1506669806657;18248,407595945297;760,420855960055
831;1015,9166666666666;653,736;722,3725892150364;4710,981379073658;760,6493528974969
832;1017,1333333333332;707,688;722,594511449407;222,20408359130343;760,8778498349388
833;1018,35;736,944;722,8164336837777;199,5881300192565;761,1063467723808
834;1019,5666666666668;738,12;723,0383559181485;227,45598821164788;761,3348437098227
835;1020,7833333333332;745,0799999999999;723,260278152519;476,1002615014343;761,5633406472647
836;1022,0;749,376;723,4822003868896;670,4888584039128;761,7918375847066
837;1023,2166666666668;754,3679999999999;723,7041226212605;940,2733758983702;762,0203345221486
838;1024,4333333333334;755,7599999999999;723,9260448556311;1013,4007001336857;762,2488314595905
839;1025,65;762,096;724,1479670900017;1440,0532017383175;762,4773283970325
840;1026,8666666666666;763,68;724,3698893243724;1545,2848013300897;762,7058253344744
841;1028,0833333333333;766,44;724,591811558743;1751,2708758149638;762,9343222719162
842;1029,3;768,12;724,8137337931137;1875,4326927817053;763,1628192093583
843;1030,5166666666669;773,568;725,0356560274844;2355,3884114665716;763,3913161468002
844;1031,7333333333331;774,384;725,257578261855;2413,4053127940897;763,6198130842421
845;1032,95;772,632;725,4795004962257;2223,358209453432;763,848310021684
846;1034,1666666666667;784,5840000000001;725,7014227305963;3467,157905887307;764,0768069591261
847;1035,3833333333334;785,544;725,923344964967;3554,6225068064055;764,3053038965679
848;1036,6;783,7679999999999;726,1452671993376;3320,379335416527;764,5338008340099
849;1037,8166666666666;785,832;726,3671894337083;3536,0636956849576;764,7622977714518
850;1039,0333333333333;786,864;726,5891116680789;3633,062163425564;764,9907947088938
851;1040,25;775,3439999999999;726,8110339024496;2355,448798225971;765,2192916463357
852;1041,4666666666667;772,7520000000001;727,0329561368203;2090,2309717633552;765,4477885837777
853;1042,6833333333334;772,4159999999999;727,2548783711909;2039,5269067720837;765,6762855212196
854;1043,9;771,408;727,4768006055616;1929,9502802339057;765,9047824586615
855;1045,1166666666666;774,024;727,6987228399322;2146,031303957099;766,1332793961035
856;1046,3333333333333;780,528;727,9206450743029;2767,533792278268;766,3617763335454
857;1047,55;782,0400000000001;728,1425673086735;2904,9332507160784;766,5902732709874
858;1048,7666666666669;780,384;728,3644895430443;2706,029468181322;766,8187702084293
859;1049,9833333333331;778,0559999999999;728,5864117774149;2447,240158912121;767,0472671458713
860;1051,2;785,64;728,8083340117855;3229,8382589959733;767,2757640833132
861;1052,4166666666667;782,664;729,0302562461562;2876,5784690529745;767,5042610207552
862;1053,6333333333334;780,312;729,2521784805269;2607,105373600446;767,7327579581971
863;1054,85;779,928;729,4741007148975;2545,595953071263;767,9612548956391
864;1056,0666666666666;786,24;729,6960229492681;3197,2213407136937;768,1897518330809
865;1057,2833333333333;776,7599999999999;729,9179451836388;2194,1780994189726;768,418248770523
866;1058,5;771,144;730,1398674180095;1681,3388888014517;768,6467457079648
867;1059,7166666666667;770,0400000000001;730,3617896523801;1574,360376389974;768,8752426454068
868;1060,9333333333334;773,232;730,5837118867508;1818,8764789907063;769,1037395828487
869;1062,15;767,784;730,8056341211216;1367,399543072201;769,3322365202907
870;1063,3666666666666;766,296;731,0275563554922;1243,8631171058296;769,5607334577326
871;1064,5833333333333;781,464;731,2494785898627;2521,498160449138;769,7892303951745
872;1065,8;780,8159999999999;731,4714008242335;2434,8894678170523;770,0177273326165
873;1067,0166666666669;781,992;731,6933230586042;2529,956902054901;770,2462242700585
874;1068,2333333333331;784,656;731,9152452929748;2781,5872070665996;770,4747212075004
875;1069,45;789,6239999999999;732,1371675273455;3304,735907739037;770,7032181449423
876;1070,6666666666667;785,688;732,3590897617162;2843,972667202932;770,9317150823842
877;1071,8833333333334;790,944;732,5810119960868;3406,2383687449146;771,1602120198262
878;1073,1;789,552;732,8029342304574;3220,4564657158776;771,3887089572681
879;1074,3166666666666;799,5840000000001;733,0248564648281;4430,119588135626;771,6172058947101
880;1075,5333333333333;797,592;733,2467786991988;4140,30750424908;771,845702832152
881;1076,75;789,9599999999999;733,4687009335694;3191,2668702128963;772,074199769594
882;1077,9666666666667;785,592;733,6906231679401;2693,752917063484;772,3026967070359
883;1079,1833333333334;791,304;733,9125454023108;3293,779060838618;772,5311936444779
884;1080,4;771,264;734,1344676366814;1378,6021735187246;772,7596905819198
885;1081,6166666666666;745,3439999999999;734,356389871052;120,72757634575957;772,9881875193616
886;1082,8333333333333;702,168;734,5783121054227;1050,4283307709086;773,2166844568036
887;1084,05;648,024;734,8002343397934;7530,1148461947405;773,4451813942455
888;1085,2666666666669;588,168;735,0221565741641;21566,143303109107;773,6736783316876
889;1086,4833333333331;494,688;735,2440788085346;57867,227051737915;773,9021752691294
890;1087,7;422,64;735,4660010429054;97860,10692849586;774,1306722065714
891;1088,9166666666667;372,744;735,687923277276;131728,2914439012;774,3591691440133
892;1090,1333333333334;379,296;735,9098455116467;127173,43481060464;774,5876660814553
893;1091,35;423,336;736,1317677460173;97841,1923198204;774,8161630188972
894;1092,5666666666666;514,4399999999999;736,353689980388;49245,68580071179;775,0446599563392
895;1093,7833333333333;611,52;736,5756122147586;15638,90614640809;775,2731568937811
896;1095,0;709,848;736,7975344491293;726,2774070248108;775,501653831223
897;1096,2166666666667;756,6719999999999;737,0194566835;386,22245880690383;775,730150768665
898;1097,4333333333334;761,6159999999999;737,2413789178706;594,1221528973791;775,958647706107
899;1098,65;770,88;737,4633011522413;1116,6757618817944;776,1871446435489
900;1099,8666666666666;772,536;737,6852233866119;1214,5766305562724;776,4156415809907
901;1101,0833333333333;766,4159999999999;737,9071456209826;812,7547780040135;776,6441385184328
902;1102,3;766,2479999999999;738,1290678553532;790,674344955245;776,8726354558746
903;1103,5166666666669;780,528;738,350990089724;1778,9001649715258;777,1011323933167
904;1104,7333333333331;787,2239999999999;738,5729123240945;2366,928332048633;777,3296293307585
905;1105,95;787,152;738,7948345584653;2338,4154495399666;777,5581262682006
906;1107,1666666666667;789,888;739,016756792836;2587,8833854424365;777,7866232056424
907;1108,3833333333334;797,832;739,2386790272067;3433,1772626207817;778,0151201430845
908;1109,6;793,296;739,4606012615773;2898,2501573249733;778,2436170805263
909;1110,8166666666666;793,776;739,6825234959479;2926,1042002944355;778,4721140179682
910;1112,0333333333333;795,744;739,9044457303186;3118,0558210367008;778,7006109554102
911;1113,25;796,848;740,1263679646893;3217,3435407491825;778,9291078928521
912;1114,4666666666667;791,856;740,3482901990599;2653,0441689378627;779,1576048302941
913;1115,6833333333334;791,856;740,5702124334306;2630,2320063232855;779,386101767736
914;1116,9;792,9119999999999;740,7921346678013;2716,4803622465206;779,614598705178
915;1118,1166666666666;795,6479999999999;741,0140569021719;2984,8677384167104;779,8430956426199
916;1119,3333333333333;795,2159999999999;741,2359791365425;2913,8426524192973;780,0715925800619
917;1120,55;796,8960000000001;741,4579013709132;3073,3827796083647;780,3000895175038
918;1121,7666666666669;794,1840000000001;741,6798236052839;2756,688538887472;780,5285864549458
919;1122,9833333333331;788,832;741,9017458396545;2202,448755554626;780,7570833923876
920;1124,2;787,776;742,1236680740252;2084,1354102793734;780,9855803298296
921;1125,4166666666667;786,168;742,3455903083959;1920,4035911787964;781,2140772672716
922;1126,6333333333334;782,592;742,5675125427665;1601,9595962142398;781,4425742047135
923;1127,85;781,776;742,7894347771371;1519,952267876539;781,6710711421554
924;1129,0666666666666;784,3919999999999;743,0113570115078;1712,3576141410426;781,8995680795974
925;1130,2833333333333;787,656;743,2332792458785;1973,3781191986507;782,1280650170393
926;1131,5;789,24;743,4552014802491;2096,2477754941838;782,3565619544813
927;1132,7166666666667;788,928;743,6771237146198;2047,6418045947817;782,5850588919232
928;1133,9333333333334;797,856;743,8990459489905;2911,3528904627465;782,8135558293652
929;1135,15;797,136;744,1209681833611;2810,593598519228;783,042052766807
930;1136,3666666666666;792,552;744,3428904177317;2324,118246715153;783,270549704249
931;1137,5833333333333;807,744;744,5648126521024;3991,609713940744;783,4990466416909
932;1138,8;817,824;744,7867348864731;5334,442095263601;783,7275435791329
933;1140,0166666666669;812,952;745,0086571208437;4616,297841594594;783,9560405165748
934;1141,2333333333331;814,7280000000001;745,2305793552143;4829,891476278291;784,1845374540168
935;1142,45;817,56;745,4525015895852;5199,491327007971;784,4130343914587
936;1143,6666666666667;801,096;745,6744238239557;3071,551105837076;784,6415313289007
937;1144,8833333333334;796,8;745,8963460583265;2591,181984613652;784,8700282663426
938;1146,1;793,824;746,118268292697;2275,8368377291654;785,0985252037846
939;1147,3166666666666;795,2159999999999;746,3401905270678;2388,8447516343626;785,3270221412265
940;1148,5333333333333;793,6080000000001;746,5621127614384;2213,315506063463;785,5555190786685
941;1149,75;804,72;746,7840349958091;3356,5760409668396;785,7840160161104
942;1150,9666666666667;808,536;747,0059572301798;3785,9461632558996;786,0125129535523
943;1152,1833333333334;813,168;747,2278794645504;4348,099496229627;786,2410098909943
944;1153,4;810,696;747,4498016989211;4000,081599539402;786,4695068284362
945;1154,6166666666666;815,64;747,6717239332917;4619,686551480274;786,6980037658782
946;1155,8333333333333;809,256;747,8936461676624;3765,3384678449956;786,92650070332
947;1157,05;803,016;748,115568402033;3014,057389643052;787,1549976407621
948;1158,2666666666669;805,8960000000001;748,3374906364037;3312,982000159213;787,383494578204
949;1159,4833333333331;797,304;748,5594128707743;2376,034774398675;787,6119915156459
950;1160,7;753,6239999999999;748,781335105145;23,451403283860213;787,8404884530878
951;1161,9166666666667;694,44;749,0032573395157;2977,149051498208;788,0689853905299
952;1163,1333333333334;627,0479999999999;749,2251795738863;14927,263208629685;788,2974823279717
953;1164,35;523,704;749,447101808257;50959,948014013105;788,5259792654136
954;1165,5666666666666;462,6;749,6690240426276;82408,62456478669;788,7544762028556
955;1166,7833333333333;461,832;749,8909462769983;82977,9565302146;788,9829731402975
956;1168,0;491,064;750,112868511369;67106,31627702054;789,2114700777395
957;1169,2166666666667;548,904;750,3347907457396;40574,36346045394;789,4399670151814
958;1170,4333333333334;638,688;750,5567129801102;12514,60894382628;789,6684639526234
959;1171,65;697,2239999999999;750,7786352144809;2868,0989529561266;789,8969608900653
960;1172,8666666666666;730,2479999999999;751,0005574488516;430,66864066788975;790,1254578275073
961;1174,0833333333333;755,3280000000001;751,2224796832222;16,855297071475864;790,3539547649492
962;1175,3;763,656;751,4444019175929;149,12312772624685;790,5824517023912
963;1176,5166666666669;765,696;751,6663241519636;196,8318044009756;790,8109486398331
964;1177,7333333333331;786,168;751,8882463863342;1175,1015078136318;791,0394455772749
965;1178,95;797,592;752,1101686207048;2068,5969856146376;791,267942514717
966;1180,1666666666667;795,696;752,3320908550755;1880,4286163292659;791,4964394521589
967;1181,3833333333334;795,0719999999999;752,5540130894462;1807,779210926011;791,7249363896009
968;1182,6;804,2159999999999;752,7759353238168;2646,0802538898956;791,9534333270427
969;1183,8166666666666;791,688;752,9978575581875;1496,9271221677363;792,1819302644847
970;1185,0333333333333;785,136;753,2197797925581;1018,6451123299179;792,4104272019266
971;1186,25;789,144;753,4417020269289;1274,6540805579607;792,6389241393686
972;1187,4666666666667;789,168;753,6636242612994;1260,5606965948289;792,8674210768105
973;1188,6833333333334;777,9359999999999;753,8855464956702;578,4243137639279;793,0959180142524
974;1189,9;780,6;754,1074687300409;701,8542130897638;793,3244149516944
975;1191,1166666666666;781,776;754,3293909644115;753,316347552448;793,5529118891363
976;1192,3333333333333;776,712;754,5513131987822;491,09603950166974;793,7814088265783
977;1193,55;780,1919999999999;754,7732354331528;646,1135921048032;794,0099057640202
978;1194,7666666666669;789,888;754,9951576675235;1217,5104460390685;794,2384027014622
979;1195,9833333333331;793,8960000000001;755,2170799018941;1496,0588599556686;794,4668996389041
980;1197,2;796,44;755,4390021362648;1681,081825822025;794,6953965763461
981;1198,4166666666667;803,136;755,6609243706355;2253,8828060138776;794,923893513788
982;1199,6333333333334;803,976;755,8828466050061;2312,951403474415;795,15239045123
983;1200,85;800,112;756,1047688393768;1936,6363944245236;795,3808873886719
984;1202,0666666666666;791,3280000000001;756,3266910737474;1225,0916265509773;795,6093843261137
985;1203,2833333333333;786,6719999999999;756,5486133081181;907,4184257886427;795,8378812635558
986;1204,5;785,064;756,7705355424887;800,5201310084539;796,0663782009976
987;1205,7166666666667;783,6239999999999;756,9924577768594;709,239041182916;796,2948751384397
988;1206,9333333333334;789,0719999999999;757,2143800112301;1014,9079513488641;796,5233720758815
989;1208,15;795,9599999999999;757,4363022456007;1484,0752886723037;796,7518690133236
990;1209,3666666666666;800,4719999999999;757,6582244799714;1833,019374279388;796,9803659507654
991;1210,5833333333333;796,296;757,880146714342;1475,777783665204;797,2088628882074
992;1211,8;795,6719999999999;758,1020689487127;1411,499719198474;797,4373598256493
993;1213,0166666666669;800,256;758,3239911830834;1758,2933634219673;797,6658567630914
994;1214,2333333333331;796,4879999999999;758,545913417454;1439,6019342374116;797,8943537005332
995;1215,45;792,2159999999999;758,7678356518247;1118,7796982625364;798,1228506379751
996;1216,6666666666667;792,576;758,9897578861953;1128,0356593271085;798,3513475754171
997;1217,8833333333334;799,008;759,211680120566;1583,7470759462344;798,579844512859
998;1219,1;789,432;759,4336023549366;899,9038612713448;798,808341450301
999;1220,3166666666666;793,2239999999999;759,6555245893073;1126,8425413982736;799,0368383877429
1000;1221,5333333333333;795,12;759,8774468236779;1242,0375543858893;799,2653353251849
1001;1222,75;795,7919999999999;760,0993690580486;1273,963903558338;799,4938322626268
1002;1223,9666666666667;782,856;760,3212912924193;507,8130965355111;799,7223292000688
1003;1225,1833333333334;780,312;760,5432135267899;390,80491862337345;799,9508261375107
1004;1226,4;770,9039999999999;760,7651357611606;102,79656805361306;800,1793230749527
1005;1227,6166666666666;767,9039999999999;760,9870579955312;47,84408669318261;800,4078200123945
1006;1228,8333333333333;776,52;761,208980229902;234,42732640033267;800,6363169498366
1007;1230,05;784,848;761,4309024642725;548,3604569977706;800,8648138872784
1008;1231,2666666666669;790,2479999999999;761,6528246986434;817,6840505153124;801,0933108247204
1009;1232,4833333333331;804,0719999999999;761,874746933014;1780,608166399253;801,3218077621623
1010;1233,7;815,544;762,0966691673846;2856,617173131043;801,5503046996043
1011;1234,9166666666667;814,5840000000001;762,3185914017553;2731,6729359414803;801,7788016370462
1012;1236,1333333333334;806,232;762,540513636126;1908,9459806845869;802,0072985744882
1013;1237,35;768,8159999999999;762,7624358704966;36,64563867000957;802,2357955119301
1014;1238,5666666666666;694,536;762,9843581048672;4685,177727252143;802,464292449372
1015;1239,7833333333333;564,144;763,2062803392379;39625,79145385733;802,692789386814
1016;1241,0;447,84;763,4282025736086;99595,91360364102;802,9212863242559
1017;1242,2166666666667;356,04;763,6501248079792;166146,01384597635;803,1497832616978
1018;1243,4333333333334;332,66400000000004;763,8720470423499;185940,3798340774;803,3782801991398
1019;1244,65;354,912;764,0939692767206;167429,88398117514;803,6067771365817
1020;1245,8666666666666;448,32;764,3158915110912;99853,40345188932;803,8352740740237
1021;1247,0833333333333;544,536;764,5378137454618;48400,798051292884;804,0637710114656
1022;1248,3;634,128;764,7597359798325;17064,650445104653;804,2922679489076
1023;1249,5166666666669;682,512;764,9816582142032;6801,244525967504;804,5207648863495
1024;1250,7333333333331;717,24;765,2035804485738;2300,50504944681;804,7492618237914
1025;1251,95;736,512;765,4255026829445;835,9906373966427;804,9777587612334
1026;1253,1666666666667;741,864;765,6474249173152;565,651300797569;805,2062556986754
1027;1254,3833333333334;743,952;765,8693471516858;480,3701061675104;805,4347526361173
1028;1255,6;757,68;766,0912693860564;70,74945268481062;805,6632495735591
1029;1256,8166666666666;783,9119999999999;766,3131916204271;309,71805638092184;805,8917465110011
1030;1258,0333333333333;791,448;766,5351138547978;620,6518960838052;806,120243448443
1031;1259,25;795,024;766,7570360891684;799,0212487362548;806,348740385885
1032;1260,4666666666667;805,296;766,9789583235391;1468,1956828356429;806,5772373233269
1033;1261,6833333333334;798,9119999999999;767,2008805579098;1005,5950962705035;806,8057342607689
1034;1262,9;779,736;767,4228027922804;151,61482547619264;807,0342311982108
1035;1264,1166666666666;781,2719999999999;767,644725026651;185,70262319926135;807,2627281356528
1036;1265,3333333333333;787,7520000000001;767,8666472610217;395,42725355359283;807,4912250730947
1037;1266,55;789,6239999999999;768,0885694953924;463,7747670187776;807,7197220105367
1038;1267,7666666666669;794,136;768,3104917297632;666,9568774160699;807,9482189479786
1039;1268,9833333333331;794,664;768,5324139641336;682,8597887498852;808,1767158854204
1040;1270,2;793,944;768,7543361985045;634,5191624323727;808,4052128228625
1041;1271,4166666666667;794,7599999999999;768,976258432875;664,8013292002803;808,6337097603044
1042;1272,6333333333334;791,376;769,1981806672458;491,85567035628645;808,8622066977464
1043;1273,85;794,64;769,4201029016164;636,0432096530589;809,0907036351882
1044;1275,0666666666666;796,3679999999999;769,6420251359871;714,2777324318477;809,3192005726303
1045;1276,2833333333333;791,256;769,8639473703577;457,61991570938636;809,5476975100721
1046;1277,5;789,576;770,0858696047284;379,86518282469183;809,7761944475142
1047;1278,7166666666667;784,872;770,3077918390991;212,11615935405166;810,004691384956
1048;1279,9333333333334;779,232;770,5297140734697;75,72978034708721;810,2331883223981
1049;1281,15;780,0719999999999;770,7516363078404;86,86917935412514;810,4616852598399
1050;1282,3666666666666;788,256;770,973558542211;298,6827827419037;810,6901821972818
1051;1283,5833333333333;792,888;771,1954807765817;470,5653902583744;810,9186791347238
1052;1284,8;796,1039999999999;771,4174030109523;609,4280708996562;811,1471760721657
1053;1286,0166666666669;801,2159999999999;771,639325245323;874,7796895439419;811,3756730096078
1054;1287,2333333333331;800,088;771,8612474796936;796,7495578426224;811,6041699470496
1055;1288,45;792,9599999999999;772,0831697140643;435,84204278775894;811,8326668844916
1056;1289,6666666666667;786,864;772,305091948435;211,96180365392496;812,0611638219335
1057;1290,8833333333334;786,24;772,5270141828057;188,04598002257185;812,2896607593755
1058;1292,1;788,496;772,7489364171763;247,97001148149147;812,5181576968174
1059;1293,3166666666666;790,6080000000001;772,9708586515469;311,068754945316;812,7466546342594
1060;1294,5333333333333;793,0559999999999;773,1927808859176;394,54747357404494;812,9751515717013
1061;1295,75;795,288;773,4147031202883;478,44111638800507;813,2036485091432
1062;1296,9666666666667;797,88;773,6366253546589;587,7412141943666;813,4321454465852
1063;1298,1833333333334;792,528;773,8585475890296;348,54845332548825;813,6606423840271
1064;1299,4;793,512;774,0804698234003;377,5843650041012;813,8891393214691
1065;1300,6166666666666;792,024;774,3023920577709;314,05538805807646;814,117636258911
1066;1301,8333333333333;788,928;774,5243142921415;207,4661619707664;814,3461331963529
1067;1303,05;790,128;774,7462365265122;236,59864755432372;814,5746301337949
1068;1304,2666666666669;790,68;774,968158760883;246,86195512321785;814,8031270712369
1069;1305,4833333333331;788,304;775,1900809952535;171,97487166304973;815,0316240086787
1070;1306,7;799,1999999999999;775,4120032296242;565,868790347404;815,2601209461207
1071;1307,9166666666667;801,288;775,633925463995;658,131540298903;815,4886178835627
1072;1309,1333333333334;800,136;775,8558476983656;589,525795790563;815,7171148210045
1073;1310,35;803,736;776,0777699327361;764,9776904536977;815,9456117584465
1074;1311,5666666666666;800,4719999999999;776,2996921671069;584,3004659681409;816,1741086958884
1075;1312,7833333333333;786,696;776,5216144014776;103,5181223074213;816,4026056333304
1076;1314,0;783,984;776,7435366358482;52,42430972762554;816,6311025707723
1077;1315,2166666666667;753,6479999999999;776,9654588702189;543,7038881643527;816,8595995082143
1078;1316,4333333333334;702,6239999999999;777,1873811045896;5559,69780174828;817,0880964456562
1079;1317,65;639,144;777,4093033389602;19117,29410741467;817,3165933830982
1080;1318,8666666666666;581,784;777,6312255733308;38356,135764771105;817,5450903205401
1081;1320,0833333333333;508,632;777,8531478077015;72480,02642689625;817,7735872579821
1082;1321,3;461,184;778,0750700420722;100419,95027240948;818,002084195424
1083;1322,5166666666669;426,144;778,2969922764428;124011,72996925237;818,230581132866
1084;1323,7333333333331;392,616;778,5189145108134;148921,05942794014;818,4590780703079
1085;1324,95;376,584;778,7408367451842;161730,12134089274;818,6875750077498
1086;1326,1666666666667;400,08;778,9627589795548;143552,1450519594;818,9160719451918
1087;1327,3833333333334;451,752;779,1846812139255;107212,16072694016;819,1445688826337
1088;1328,6;516,456;779,4066034482961;69143,01985382306;819,3730658200757
1089;1329,8166666666666;607,4159999999999;779,6285256826668;29657,154002003193;819,6015627575175
1090;1331,0333333333333;678,2159999999999;779,8504479170374;10329,56100340101;819,8300596949596
1091;1332,25;722,232;780,0723701514081;3345,5084192519053;820,0585566324014
1092;1333,4666666666667;734,496;780,2942923857788;2097,4835854532876;820,2870535698435
1093;1334,6833333333334;736,0799999999999;780,5162146201494;1974,5771697679868;820,5155505072853
1094;1335,9;740,112;780,7381368545201;1650,4829957222007;820,7440474447274
1095;1337,1166666666666;741,456;780,9600590888907;1560,5706844985677;820,9725443821692
1096;1338,3333333333333;745,2239999999999;781,1819813232614;1292,9764208440224;821,2010413196111
1097;1339,55;751,176;781,403903557632;913,7261534894999;821,4295382570531
1098;1340,7666666666669;763,632;781,6258257920027;323,7777666329445;821,6580351944951
1099;1341,9833333333331;763,92;781,8477480263733;321,4041492971341;821,886532131937
1100;1343,2;764,52;782,069670260744;307,99092626084416;822,1150290693789
1101;1344,4166666666667;761,568;782,2915924951147;429,46728590357674;822,3435260068209
1102;1345,6333333333334;762,744;782,5135147294853;390,83371263933657;822,5720229442628
1103;1346,85;758,16;782,735436963856;603,9521019644636;822,8005198817048
1104;1348,0666666666666;761,9039999999999;782,9573591982266;443,24393352955923;823,0290168191467
1105;1349,2833333333333;767,208;783,1792814325973;255,08183059922982;823,2575137565887
1106;1350,5;768,6479999999999;783,401203666968;217,65701843903904;823,4860106940306
1107;1351,7166666666667;766,8960000000001;783,6231259013387;279,79674091923204;823,7145076314725
1108;1352,9333333333334;775,92;783,8450481357092;62,80638795330928;823,9430045689145
1109;1354,15;773,4719999999999;784,06697037008;112,25339714287506;824,1715015063564
1110;1355,3666666666666;770,208;784,2888926044507;198,27153653807432;824,3999984437983
1111;1356,5833333333333;778,776;784,5108148388213;32,88810123556506;824,6284953812402
1112;1357,8;785,16;784,732737073192;0,1825536086245368;824,8569923186822
1113;1359,0166666666669;782,592;784,9546593075627;5,58215900361263;825,0854892561242
1114;1360,2333333333331;781,128;785,1765815419333;16,39101250168246;825,313986193566
1115;1361,45;785,424;785,3985037763039;0,0006500574227620379;825,542483131008
1116;1362,6666666666667;786,288;785,6204260106746;0,44565503122387345;825,77098006845
1117;1363,8833333333334;787,008;785,8423482450453;1,3587440138290923;825,999477005892
1118;1365,1;789,72;786,0642704794159;13,364358327670386;826,2279739433338
1119;1366,3166666666666;794,784;786,2861927137866;72,21272867362157;826,4564708807758
1120;1367,5333333333333;790,7280000000001;786,5081149481572;17,807429850766987;826,6849678182177
1121;1368,75;787,176;786,7300371825279;0,1988828345676983;826,9134647556597
1122;1369,9666666666667;792,4799999999999;786,9519594168985;30,559232688416234;827,1419616931016
1123;1371,1833333333334;793,1999999999999;787,1738816512692;36,314102352909224;827,3704586305436
1124;1372,4;790,1039999999999;787,3958038856399;7,334326193834716;827,5989555679855
1125;1373,6166666666666;795,0479999999999;787,6177261200105;55,208969931652526;827,8274525054273
1126;1374,8333333333333;800,016;787,8396483543812;148,2635393977625;828,0559494428694
1127;1376,05;795,168;788,0615705887518;50,50133897705344;828,2844463803112
1128;1377,2666666666669;790,632;788,2834928231225;5,515485959844812;828,5129433177533
1129;1378,4833333333331;794,544;788,5054150574931;36,46450810787073;828,7414402551951
1130;1379,7;798,456;788,7273372918638;94,64687808867995;828,9699371926372
1131;1380,9166666666667;793,128;788,9492595262345;17,461871947086042;829,198434130079
1132;1382,1333333333334;787,4159999999999;789,1711817606051;3,080663012761109;829,4269310675211
1133;1383,35;790,944;789,3931039949758;2,4052784183998015;829,6554280049629
1134;1384,5666666666666;800,928;789,6150262293464;127,98337553549567;829,8839249424049
1135;1385,7833333333333;799,776;789,8369484637171;98,78474544088584;830,1124218798468
1136;1387,0;808,992;790,0588706980877;358,4633851629275;830,3409188172888
1137;1388,2166666666667;817,2239999999999;790,2807929324584;725,9364070844179;830,5694157547307
1138;1389,4333333333334;815,1840000000001;790,5027151668291;609,1658210161136;830,7979126921726
1139;1390,65;805,3439999999999;790,7246374011997;213,72576279519797;831,0264096296146
1140;1391,8666666666666;800,0400000000001;790,9465596355705;82,690657661438;831,2549065670565
1141;1393,0833333333333;796,7520000000001;791,168481869941;31,175674708697766;831,4834035044985
1142;1394,3;795,888;791,3904041043118;20,22836884091204;831,7119004419404
1143;1395,5166666666669;792,9119999999999;791,6123263386825;1,6891516259223218;831,9403973793824
1144;1396,7333333333331;760,176;791,8342485730531;1002,2447027132133;832,1688943168242
1145;1397,95;711,288;792,0561708074238;6523,49741557718;832,3973912542663
1146;1399,1666666666667;639,0479999999999;792,2780930417944;23479,461413596993;832,6258881917082
1147;1400,3833333333334;567,216;792,5000152761651;50752,88753895137;832,8543851291502
1148;1401,6;519,72;792,7219375105357;74530,0578845064;833,082882066592
1149;1402,8166666666666;457,368;792,9438597449064;112611,15764353308;833,311379004034
1150;1404,0333333333333;411,48;793,165781979277;145684,03616513213;833,5398759414759
1151;1405,25;367,488;793,3877042136477;181390,55804927257;833,768372878918
