;L, μμ;hn50, tib2-3, 53, 1250.csv;Result;fail;Predict
0;3,533333333333333;386,232;656,357747131277;72967,91926323062;694,3717536634762
1;4,416666666666667;422,304;657,2963559659321;55221,407362419355;695,4142093398985
2;5,3;470,616;658,2349648005872;35200,875952844006;696,4566650163209
3;6,183333333333334;510,36;659,1735736352423;22145,479698091676;697,4991206927433
4;7,066666666666666;538,68;660,1121824698973;14745,774939402454;698,5415763691657
5;7,95;564,432;661,0507913045524;9335,190833152643;699,5840320455881
6;8,833333333333334;581,736;661,9894001392074;6440,608233903739;700,6264877220104
7;9,716666666666669;590,376;662,9280089738625;5263,794006143423;701,6689433984329
8;10,6;601,1519999999999;663,8666178085175;3933,1232868684297;702,7113990748553
9;11,483333333333333;610,848;664,8052266431725;2911,382307022694;703,7538547512777
10;12,366666666666667;616,176;665,7438354778276;2456,9703139569788;704,7963104277001
11;13,25;623,28;666,6824443124826;1883,7721722981582;705,8387661041224
12;14,133333333333333;637,296;667,6210531471378;919,6088483767284;706,8812217805448
13;15,016666666666667;640,0799999999999;668,5596619817928;811,09114659718;707,9236774569672
14;15,9;649,704;669,4982708164479;391,8131571548818;708,9661331333897
15;16,783333333333335;654,6479999999999;670,4368796511029;249,28872063701445;710,0085888098121
16;17,666666666666668;659,7599999999999;671,375488485758;134,9195727627785;711,0510444862344
17;18,55;658,0799999999999;672,314097320413;202,60952652699055;712,0935001626568
18;19,433333333333334;664,944;673,252706155068;69,0345979712662;713,1359558390792
19;20,316666666666663;664,872;674,1913149897231;86,84963187767814;714,1784115155016
20;21,2;672,7679999999999;675,1299238243781;5,578684152165386;715,220867191924
21;22,08333333333333;679,3439999999999;676,0685326590332;10,728686301739925;716,2633228683464
22;22,966666666666665;685,8960000000001;677,0071414936882;79,01180554523276;717,3057785447688
23;23,85;689,304;677,9457503283434;129,00983560368746;718,3482342211912
24;24,73333333333333;693,8159999999999;678,8843591629984;222,95389808521114;719,3906898976136
25;25,616666666666667;693,9359999999999;679,8229679976534;199,17767229925568;720,433145574036
26;26,5;697,7520000000001;680,7615768323085;288,6744794172306;721,4756012504583
27;27,383333333333333;705,3359999999999;681,7001856669635;558,6517191857672;722,5180569268807
28;28,266666666666666;709,296;682,6387945016186;710,6066049829394;723,5605126033032
29;29,15;715,2479999999999;683,5774033362736;1003,0266930364323;724,6029682797256
30;30,03333333333333;724,3679999999999;684,5160121709287;1588,1809339284453;725,645423956148
31;30,916666666666668;727,2239999999999;685,4546210055837;1744,6810215791797;726,6878796325703
32;31,8;733,0559999999999;686,3932298402387;2177,4141189826983;727,7303353089927
33;32,68333333333333;740,088;687,3318386748938;2783,212557760629;728,7727909854151
34;33,56666666666667;745,3439999999999;688,270447509549;3257,3903938802646;729,8152466618376
35;34,45;747,456;689,209056344204;3392,7064452414775;730,85770233826
36;35,333333333333336;751,2479999999999;690,147665178859;3733,250915255524;731,9001580146823
37;36,21666666666667;756,576;691,0862740135141;4288,904209785013;732,9426136911047
38;37,1;758,568;692,0248828481691;4427,986440282288;733,9850693675271
39;37,98333333333333;760,296;692,9634916828242;4533,666676282561;735,0275250439495
40;38,86666666666667;764,088;693,9021005174792;4926,060486170509;736,0699807203719
41;39,75;766,128;694,8407093521342;5081,877807913295;737,1124363967942
42;40,63333333333333;764,064;695,7793181867893;4662,797770331425;738,1548920732167
43;41,516666666666666;769,92;696,7179270214444;5358,543488357768;739,1973477496391
44;42,4;779,7599999999999;697,6565358560995;6740,978824428738;740,2398034260615
45;43,28333333333333;782,28;698,5951446907545;7003,155008129346;741,2822591024839
46;44,16666666666666;786,4799999999999;699,5337535254096;7559,649776020213;742,3247147789062
47;45,05;788,856;700,4723623600646;7811,667402467403;743,3671704553286
48;45,93333333333333;797,784;701,4109711947197;9287,760681103395;744,409626131751
49;46,81666666666667;792,8159999999999;702,3495800293747;8184,173142301538;745,4520818081735
50;47,7;795,4799999999999;703,2881888640297;8499,330040530393;746,4945374845959
51;48,583333333333336;792,432;704,2267976986848;7780,157713015948;747,5369931610182
52;49,46666666666667;795,6;705,1654065333398;8178,4156954801;748,5794488374406
53;50,35;780,9359999999999;706,1040153679949;5599,825923964641;749,621904513863
54;51,23333333333333;777,288;707,0426242026499;4934,41282091094;750,6643601902854
55;52,11666666666667;775,3439999999999;707,9812330373051;4537,742372870336;751,7068158667078
56;53,0;776,112;708,9198418719601;4514,786113903514;752,7492715431302
57;53,88333333333333;772,512;709,8584507066151;3925,467239058599;753,7917272195526
58;54,766666666666666;777,3599999999999;710,7970595412702;4430,625042512397;754,834182895975
59;55,65;762,0;711,7356683759252;2526,503033614963;755,8766385723974
60;56,53333333333333;705,744;712,6742772105803;48,028742215487874;756,9190942488198
61;57,41666666666666;634,512;713,6128860452353;6256,950173141312;757,9615499252421
62;58,3;546,36;714,5514948798904;28288,37894993218;759,0040056016645
63;59,18333333333333;431,232;715,4901037145454;80802,66952738923;760,046461278087
64;60,06666666666667;350,568;716,4287125492006;133854,06098700876;761,0889169545094
65;60,95;343,824;717,3673213838556;139534,61295048243;762,1313726309318
66;61,833333333333336;390,072;718,3059302185106;107737,51294669011;763,1738283073541
67;62,71666666666667;470,232;719,2445390531657;62007,24460570435;764,2162839837765
68;63,6;584,232;720,1831478878207;18482,71461201611;765,2587396601989
69;64,48333333333333;680,448;721,1217567224758;1654,3544859191443;766,3011953366213
70;65,36666666666666;747,9599999999999;722,0603655571308;670,7910642742521;767,3436510130437
71;66,25;782,52;722,9989743917859;3542,7524894536823;768,3861066894661
72;67,13333333333334;797,64;723,9375832264409;5432,046238263405;769,4285623658885
73;68,01666666666667;806,304;724,8761920610959;6630,487905735044;770,4710180423109
74;68,9;814,2719999999999;725,814800895751;7824,676073368742;771,5134737187333
75;69,78333333333333;809,9039999999999;726,7534097304061;6914,020662181859;772,5559293951557
76;70,66666666666667;804,984;727,6920185650612;5974,050394138933;773,5983850715782
77;71,55;788,544;728,6306273997162;3589,6122163404334;774,6408407480005
78;72,43333333333334;783,12;729,5692362343713;2867,6842998821767;775,6832964244229
79;73,31666666666666;780,6239999999999;730,5078450690263;2511,62898506535;776,7257521008453
80;74,2;784,176;731,4464539036813;2780,4050315237987;777,7682077772677
81;75,08333333333333;781,6080000000001;732,3850627383364;2422,897552665678;778,81066345369
82;75,96666666666667;796,176;733,3236715729914;3950,415188696555;779,8531191301124
83;76,85;800,928;734,2622804076465;4444,318168766309;780,8955748065348
84;77,73333333333333;802,3919999999999;735,2008892423016;4514,6453648532815;781,9380304829573
85;78,61666666666666;798,8159999999999;736,1394980769567;3928,343893309244;782,9804861593797
86;79,5;805,464;737,0781069116117;4676,63037349648;784,022941835802
87;80,38333333333334;802,512;738,0167157462668;4159,641690969845;785,0653975122244
88;81,26666666666667;798,864;738,9553245809218;3589,049390468469;786,1078531886468
89;82,15;797,424;739,8939334155768;3309,70856120816;787,1503088650692
90;83,03333333333333;806,7599999999999;740,8325422502319;4346,429685347444;788,1927645414916
91;83,91666666666667;808,0559999999999;741,7711510848869;4393,681195699357;789,235220217914
92;84,8;813,864;742,709759919542;5062,925881427465;790,2776758943364
93;85,68333333333334;814,6080000000001;743,648368754197;5035,269266540349;791,3201315707588
94;86,56666666666666;812,9039999999999;744,586977588852;4667,215551125275;792,3625872471812
95;87,45;810,9359999999999;745,5255864235071;4278,522204247837;793,4050429236036
96;88,33333333333333;810,528;746,4641952581622;4104,171078000316;794,4474986000259
97;89,21666666666667;806,304;747,4028040928173;3469,350879296314;795,4899542764483
98;90,1;811,8;748,3414129274723;4026,99227324157;796,5324099528707
99;90,98333333333332;821,112;749,2800217621274;5159,833097566201;797,5748656292932
100;91,86666666666666;819,6719999999999;750,2186305967824;4823,770521459788;798,6173213057156
101;92,75;823,0799999999999;751,1572394314375;5172,883487802764;799,6597769821379
102;93,63333333333334;827,088;752,0958482660925;5623,8228216814005;800,7022326585603
103;94,51666666666668;824,664;753,0344571007475;5130,791415955846;801,7446883349828
104;95,4;819,6;753,9730659354026;4306,894474719019;802,7871440114052
105;96,28333333333332;816,024;754,9116747700576;3734,716295010251;803,8295996878275
106;97,16666666666669;813,168;755,8502836047128;3285,3206127705776;804,87205536425
107;98,05;814,536;756,7888924393678;3334,728431619215;805,9145110406723
108;98,93333333333334;815,664;757,7275012740229;3356,637884625148;806,9569667170947
109;99,81666666666666;818,688;758,6661101086779;3602,6272661259914;807,9994223935171
110;100,7;823,152;759,604718943333;4038,2569296950396;809,0418780699395
111;101,58333333333331;826,68;760,543327777988;4374,059412601848;810,0843337463618
112;102,46666666666668;826,3439999999999;761,481936612643;4207,087266865504;811,1267894227843
113;103,35;820,152;762,4205454472981;3332,920844770692;812,1692450992067
114;104,23333333333332;822,864;763,3591542819531;3540,8266639285657;813,2117007756291
115;105,11666666666666;822,12;764,2977631166082;3343,4110781990794;814,2541564520515
116;106,0;826,4879999999999;765,2363719512632;3751,7619386207925;815,2966121284738
117;106,88333333333334;832,992;766,1749807859184;4464,514056654949;816,3390678048962
118;107,76666666666668;842,688;767,1135896205734;5711,49150419798;817,3815234813187
119;108,65;840,456;768,0521984552284;5242,310478134666;818,4239791577411
120;109,53333333333332;841,2479999999999;768,9908072898835;5221,101898346905;819,4664348341635
121;110,41666666666669;830,064;769,9294161245385;3616,1681778749057;820,5088905105858
122;111,3;816,408;770,8680249591936;2073,8893267172734;821,5513461870082
123;112,18333333333334;807,72;771,8066337938486;1289,769872257138;822,5938018634306
124;113,06666666666666;799,7280000000001;772,7452426285037;728,0691953690435;823,636257539853
125;113,95;794,712;773,6838514631587;442,1830308874603;824,6787132162754
126;114,83333333333331;794,832;774,6224602978137;408,4254949742422;825,7211688926977
127;115,71666666666668;793,7280000000001;775,5610691324689;330,0373771456566;826,7636245691202
128;116,6;746,424;776,499677967124;904,5464051821459;827,8060802455426
129;117,48333333333332;682,704;777,438286801779;8974,585095841725;828,848535921965
130;118,36666666666666;591,432;778,376895636434;34948,394004517206;829,8909915983874
131;119,25;498,72;779,3155044710891;78733,83712938495;830,9334472748097
132;120,13333333333334;392,616;780,2541133057441;150263,30688723692;831,9759029512322
133;121,01666666666668;334,67999999999995;781,1927221403992;199373,61103322936;833,0183586276546
134;121,9;335,80799999999994;782,1313309750542;199204,51577266783;834,060814304077
135;122,78333333333332;399,744;783,0699398097092;146938,77613099682;835,1032699804994
136;123,66666666666669;487,584;784,0085486443644;87867,51303901515;836,1457256569217
137;124,55;597,4799999999999;784,9471574790193;35143,93513326347;837,1881813333441
138;125,43333333333334;706,3679999999999;785,8857663136745;6323,075159516154;838,2306370097665
139;126,31666666666666;779,952;786,8243751483295;47,22954017937725;839,2730926861889
140;127,2;816,312;787,7629839829846;815,0463155398045;840,3155483626114
141;128,08333333333334;832,8;788,7015928176396;1944,6695160212507;841,3580040390337
142;128,96666666666667;845,088;789,6402016522946;3074,458341607792;842,4004597154561
143;129,85;852,9119999999999;790,5788104869497;3885,426514869835;843,4429153918785
144;130,73333333333332;855,264;791,5174193216047;4063,626548187158;844,4853710683009
145;131,61666666666667;849,7919999999999;792,4560281562599;3287,413667266149;845,5278267447234
146;132,5;841,536;793,3946369909149;2317,590832372499;846,5702824211457
147;133,38333333333333;837,1919999999999;794,33324582557;1836,872809384214;847,6127380975681
148;134,26666666666668;836,808;795,271854660225;1725,2513696869105;848,6551937739905
149;135,15;838,848;796,2104634948801;1817,959519225432;849,6976494504129
150;136,03333333333333;847,3919999999999;797,1490723295351;2524,351780899561;850,7401051268353
151;136,91666666666666;855,528;798,0876811641901;3299,390227959495;851,7825608032576
152;137,8;859,128;799,0262899988452;3612,2155450629175;852,82501647968
153;138,68333333333334;860,28;799,9648988335002;3637,9114287250986;853,8674721561024
154;139,56666666666666;860,7599999999999;800,9035076681553;3582,799674272172;854,9099278325248
155;140,45;856,6080000000001;801,8421165028103;2999,3019952277605;855,9523835089473
156;141,33333333333334;848,544;802,7807253374654;2094,277307838584;856,9948391853696
157;142,21666666666667;840,696;803,7193341721204;1367,273815746681;858,037294861792
158;143,1;839,496;804,6579430067754;1213,6902150631613;859,0797505382144
159;143,98333333333332;834,576;805,5965518414305;839,8084155752194;860,1222062146368
160;144,86666666666667;837,744;806,5351606760856;973,9916519459052;861,1646618910593
161;145,75;846,1919999999999;807,4737695107407;1499,1013722194018;862,2071175674816
162;146,63333333333333;855,12;808,4123783453957;2181,6019206296587;863,249573243904
163;147,51666666666668;856,776;809,3509871800508;2249,131840972345;864,2920289203264
164;148,4;865,4159999999999;810,2895960147058;3038,920416349853;865,3344845967488
165;149,28333333333333;871,2479999999999;811,2282048493608;3602,375809924679;866,3769402731712
166;150,16666666666666;873,6719999999999;812,1668136840159;3782,887943763908;867,4193959495935
167;151,05;873,9119999999999;813,105422518671;3697,4398649928517;868,4618516260159
168;151,93333333333334;877,8;814,0440313533261;4064,823538075661;869,5043073024384
169;152,81666666666666;875,856;814,9826401879811;3705,565934803513;870,5467629788608
170;153,7;872,568;815,9212490226362;3208,8543962914678;871,5892186552832
171;154,58333333333334;869,28;816,8598578572912;2747,8713022617903;872,6316743317055
172;155,46666666666667;868,3439999999999;817,7984666919463;2554,850937395564;873,6741300081279
173;156,35;864,264;818,7370755266013;2072,70085200655;874,7165856845503
174;157,23333333333332;863,928;819,6756843612563;1958,267439390996;875,7590413609727
175;158,11666666666667;864,8159999999999;820,6142931959114;1953,7908843946063;876,8014970373952
176;159,0;868,3439999999999;821,5529020305664;2189,4068491851244;877,8439527138175
177;159,88333333333333;868,128;822,4915108652215;2082,6891405487627;878,8864083902399
178;160,76666666666668;868,4879999999999;823,4301196998765;2030,212577140251;879,9288640666623
179;161,65;869,88;824,3687285345317;2071,2758304035515;880,9713197430847
180;162,53333333333333;865,656;825,3073373691867;1628,0145760951846;882,013775419507
181;163,41666666666666;864,696;826,2459462038418;1478,4066369274651;883,0562310959294
182;164,3;867,6719999999999;827,1845550384968;1639,233199510744;884,0986867723519
183;165,18333333333334;866,712;828,1231638731518;1489,098273624741;885,1411424487743
184;166,06666666666666;863,0400000000001;829,0617727078069;1154,5199299199426;886,1835981251967
185;166,95;867,6479999999999;830,0003815424619;1417,343175524355;887,2260538016191
186;167,83333333333334;868,0799999999999;830,938990377117;1379,4545958070848;888,2685094780414
187;168,71666666666667;867,7919999999999;831,877599211772;1289,8441839774655;889,3109651544638
188;169,6;870,432;832,8162080464272;1414,947804294476;890,3534208308863
189;170,48333333333332;872,736;833,7548168810822;1519,532637350601;891,3958765073087
190;171,36666666666667;871,128;834,6934257157372;1327,4782032754638;892,4383321837311
191;172,25;871,56;835,6320345503923;1290,8187013482013;893,4807878601534
192;173,13333333333333;867,744;836,5706433850473;971,778162643015;894,5232435365758
193;174,01666666666668;866,304;837,5092522197024;829,1374997309534;895,5656992129982
194;174,9;856,92;838,4478610543574;341,2199172271239;896,6081548894206
195;175,78333333333333;855,576;839,3864698890125;262,10088521457294;897,650610565843
196;176,66666666666666;851,784;840,3250787236675;131,3068768171854;898,6930662422653
197;177,55;823,128;841,2636875583225;328,9031632130936;899,7355219186878
198;178,43333333333334;762,0479999999999;842,2022963929776;6424,711230253318;900,7779775951102
199;179,31666666666666;682,296;843,1409052276326;25871,083537686107;901,8204332715326
200;180,2;573,432;844,0795140622877;73250,07686809619;902,862888947955
201;181,0833333333333;447,672;845,0181228969427;157883,9413812323;903,9053446243773
202;181,96666666666667;385,536;845,9567317315979;211987,25020826003;904,9478003007998
203;182,85;397,824;846,8953405662529;201665,0689179715;905,9902559772222
204;183,7333333333333;464,952;847,8339494009078;146598,58717703936;907,0327116536445
205;184,61666666666667;566,064;848,772558235563;79924,12889963074;908,075167330067
206;185,5;688,632;849,711167070218;25946,498064035233;909,1176230064893
207;186,38333333333333;786,24;850,6497759048731;4148,619232115968;910,1600786829117
208;187,26666666666668;838,656;851,5883847395282;167,24657505118415;911,2025343593341
209;188,15;863,952;852,5269935741833;130,53077182995332;912,2449900357565
210;189,03333333333333;879,024;853,4656024088383;653,2316874278991;913,2874457121789
211;189,91666666666663;886,872;854,4042112434933;1054,1573067371432;914,3299013886012
212;190,8;885,168;855,3428200781484;889,5413573708198;915,3723570650237
213;191,6833333333333;880,3919999999999;856,2814289128034;581,3196381507554;916,4148127414461
214;192,56666666666663;872,16;857,2200377474585;223,2024721073642;917,4572684178685
215;193,45;858,84;858,1586465821135;0,4642424800656133;918,4997240942909
216;194,3333333333333;852,984;859,0972554167686;37,371891790649876;919,5421797707132
217;195,21666666666667;845,448;860,0358642514236;212,80578341796377;920,5846354471357
218;196,1;838,824;860,9744730860787;490,6434579370971;921,6270911235581
219;196,9833333333333;841,44;861,9130819207337;419,14708333307095;922,6695467999805
220;197,86666666666667;857,856;862,8516907553887;24,956926123476624;923,7120024764029
221;198,75;873,456;863,7902995900438;93,42576441502803;924,7544581528252
222;199,63333333333333;888,096;864,728908424699;546,0209686885058;925,7969138292476
223;200,51666666666668;903,984;865,667517259354;1468,1528496142269;926,83936950567
224;201,4;912,168;866,606126094009;2075,884353825422;927,8818251820925
225;202,28333333333333;911,64;867,5447349286641;1944,3924017113773;928,9242808585149
226;203,16666666666663;912,024;868,4833437633191;1895,7887455208183;929,9667365349371
227;204,05;917,664;869,4219525979742;2327,2951375393072;931,0091922113596
228;204,9333333333333;916,344;870,3605614326292;2114,4766224791692;932,051647887782
229;205,81666666666663;921,768;871,2991702672842;2547,1027745898573;933,0941035642044
230;206,7;921,168;872,2377791019394;2394,1665171330073;934,1365592406268
231;207,5833333333333;923,664;873,1763879365943;2548,998971864945;935,1790149170491
232;208,46666666666667;923,424;874,1149967712495;2431,377799412927;936,2214705934716
233;209,35;933,792;875,0536056059045;3450,1989759963108;937,263926269894
234;210,2333333333333;939,792;875,9922144405596;4070,4126374305883;938,3063819463164
235;211,11666666666667;946,296;876,9308232752146;4811,527742060716;939,3488376227388
236;212,0;948,288;877,8694321098696;4958,7747036968985;940,3912932991611
237;212,88333333333333;949,128;878,8080409445247;4944,89664156373;941,4337489755835
238;213,76666666666668;948,672;879,7466497791797;4750,703903062732;942,476204652006
239;214,65;948,216;880,6852586138348;4560,401032165129;943,5186603284284
240;215,53333333333333;949,464;881,6238674484898;4602,283584606479;944,5611160048508
241;216,41666666666663;944,88;882,5624762831449;3883,4737622008024;945,6035716812731
242;217,3;943,536;883,5010851178;3604,1910049129906;946,6460273576956
243;218,1833333333333;944,904;884,439693952455;3655,932305811193;947,6884830341179
244;219,06666666666663;942,216;885,37830278711;3230,523824464166;948,7309387105403
245;219,95;945,168;886,3169116217651;3463,4506033028106;949,7733943869628
246;220,8333333333333;948,648;887,2555204564201;3769,036544508883;950,8158500633851
247;221,71666666666667;951,6;888,1941292910752;4020,3044403568874;951,8583057398075
248;222,6;951,168;889,1327381257303;3848,3737158092244;952,9007614162299
249;223,4833333333333;954,864;890,0713469603853;4198,0878879118945;953,9432170926523
250;224,36666666666667;951,504;891,0099557950405;3659,5293842716;954,9856727690747
251;225,25;950,808;891,9485646296955;3464,4331321110503;956,028128445497
252;226,13333333333333;950,544;892,8871734643506;3324,309646161968;957,0705841219194
253;227,01666666666668;954,912;893,8257822990056;3731,525993013286;958,1130397983419
254;227,9;953,832;894,7643911336606;3488,9824171868518;959,1554954747643
255;228,78333333333333;955,656;895,7029999683157;3594,362212799134;960,1979511511867
256;229,66666666666663;956,736;896,6416088029707;3611,3358533415885;961,240406827609
257;230,55;957,408;897,5802176376258;3579,3635423996193;962,2828625040315
258;231,4333333333333;948,0;898,5188264722808;2448,3865336802587;963,3253181804538
259;232,31666666666663;940,44;899,4574353069358;1679,5706088211928;964,3677738568763
260;233,2;931,32;900,3960441415909;956,2910459328381;965,4102295332987
261;234,0833333333333;931,296;901,3346529762459;897,6823154778195;966,452685209721
262;234,96666666666667;924,72;902,273261810901;503,85605532995777;967,4951408861434
263;235,85;924,168;903,211870645556;439,15935752018896;968,5375965625658
264;236,7333333333333;923,688;904,1504794802111;381,7147080611734;969,5800522389882
265;237,61666666666667;887,712;905,0890883148662;301,9631983026604;970,6225079154106
266;238,5;818,376;906,0276971495213;7682,820013191397;971,6649635918329
267;239,38333333333333;734,0400000000001;906,9663059841763;29903,507301332942;972,7074192682553
268;240,26666666666668;629,304;907,9049148188313;77618,46973788974;973,7498749446778
269;241,15;525,9359999999999;908,8435236534865;146618,1716704454;974,7923306211002
270;242,03333333333333;427,704;909,7821324881415;232399,32582325416;975,8347862975226
271;242,91666666666663;372,192;910,7207413227965;290013,20523071545;976,8772419739449
272;243,8;378,792;911,6593501574516;283947,61286382424;977,9196976503674
273;244,6833333333333;444,336;912,5979589921067;219269,26223912538;978,9621533267898
274;245,56666666666663;532,104;913,5365678267617;145490,80379891713;980,0046090032122
275;246,45;665,304;914,4751766614168;62086,27527883497;981,0470646796346
276;247,3333333333333;787,512;915,4137854960718;16358,866733083176;982,0895203560569
277;248,21666666666667;869,232;916,3523943307268;2220,3315618831966;983,1319760324793
278;249,1;916,416;917,2910031653819;0,7656305394282167;984,1744317089017
279;249,9833333333333;945,768;918,2296120000369;758,362813636512;985,2168873853241
280;250,86666666666667;964,656;919,168220834692;2069,1380533918273;986,2593430617464
281;251,75;973,104;920,106829669347;2808,70006305625;987,3017987381689
282;252,63333333333333;979,056;921,045438504002;3365,2252450809647;988,3442544145913
283;253,51666666666668;983,568;921,9840473386571;3792,5832253945223;989,3867100910137
284;254,4;984,144;922,9226561733121;3748,052939945533;990,4291657674362
285;255,28333333333333;984,48;923,8612650079673;3674,631032034293;991,4716214438586
286;256,1666666666667;991,8;924,7998738426223;4489,016905104517;992,514077120281
287;257,05;996,864;925,7384826772774;5058,839214424921;993,5565327967033
288;257,93333333333334;997,824;926,6770915119324;5061,882587409456;994,5989884731257
289;258,81666666666666;997,656;927,6157003465875;4905,643575539813;995,6414441495481
290;259,7;1001,304;928,5543091812425;5292,517514224805;996,6838998259705
291;260,5833333333333;999,672;929,4929180158975;4925,1035481313775;997,7263555023928
292;261,46666666666664;999,864;930,4315268505526;4820,868327648741;998,7688111788152
293;262,35;1005,384;931,3701356852077;5478,052110808481;999,8112668552376
294;263,2333333333333;1010,04;932,3087445198627;6042,148078518374;1000,85372253166
295;264,1166666666667;1010,232;933,2473533545178;5926,635819129745;1001,8961782080825
296;265,0;1009,152;934,1859621891729;5619,90682505437;1002,9386338845048
297;265,8833333333333;1014,6;935,1245710238279;6316,343810946578;1003,9810895609272
298;266,76666666666665;1014,72;936,063179858483;6186,895354774966;1005,0235452373496
299;267,65;1012,44;937,001788693138;5690,923725178771;1006,066000913772
300;268,53333333333336;1010,064;937,940397527793;5201,814033568933;1007,1084565901945
301;269,4166666666667;1011,024;938,8790063624481;5204,900106962407;1008,1509122666168
302;270,3;1008,384;939,8176151971031;4701,34912493893;1009,1933679430392
303;271,18333333333334;1005,456;940,7562240317582;4186,061010340686;1010,2358236194616
304;272,06666666666666;1007,928;941,6948328664132;4386,832428545641;1011,278279295884
305;272,95;1011,984;942,6334417010683;4809,499936373537;1012,3207349723064
306;273,8333333333333;1018,464;943,5720505357233;5608,804094559785;1013,3631906487287
307;274,71666666666664;1019,904;944,5106593703783;5684,15581129416;1014,4056463251511
308;275,6;1022,64;945,4492682050335;5958,409075042451;1015,4481020015736
309;276,4833333333333;1026,312;946,3878770396884;6387,865430974988;1016,4905576779959
310;277,3666666666667;1026,768;947,3264858743436;6310,954166576874;1017,5330133544184
311;278,25;1023,624;948,2650947089987;5678,964606658103;1018,5754690308407
312;279,1333333333333;1028,784;949,2037035436538;6333,023584079969;1019,6179247072631
313;280,01666666666665;1032,144;950,1423123783088;6724,276772805422;1020,6603803836855
314;280,9;1030,752;951,0809212129639;6347,480795090113;1021,702836060108
315;281,78333333333336;1030,1039999999998;952,0195300476189;6097,184447744278;1022,7452917365304
316;282,6666666666667;1030,8719999999998;952,9581388822739;6070,56975427228;1023,7877474129527
317;283,55;1030,2479999999998;953,896747716929;5829,513725193129;1024,8302030893751
318;284,43333333333334;1026,192;954,835356551584;5091,770564224367;1025,8726587657975
319;285,31666666666666;1027,896;955,7739653862391;5201,587876828524;1026,9151144422199
320;286,2;1024,9679999999998;956,7125742208941;4658,803148287012;1027,9575701186423
321;287,0833333333333;1025,544;957,6511830555492;4609,434592652725;1029,0000257950646
322;287,96666666666664;1023,768;958,5897918902042;4248,198812403855;1030,042481471487
323;288,85;1027,8239999999998;959,5284007248592;4664,288880350586;1031,0849371479094
324;289,7333333333333;1027,512;960,4670095595143;4495,030743164813;1032,1273928243318
325;290,6166666666667;1030,488;961,4056183941693;4772,375448333621;1033,1698485007541
326;291,5;1030,368;962,3442272288244;4627,233662024527;1034,2123041771765
327;292,3833333333333;1031,328;963,2828360634794;4630,144335147959;1035,2547598535991
328;293,26666666666665;1031,448;964,2214448981346;4519,409710864162;1036,2972155300215
329;294,15;1031,304;965,1600537327896;4375,021627799627;1037,3396712064439
330;295,03333333333336;1021,488;966,0986625674448;3067,978701217471;1038,3821268828663
331;295,9166666666667;1013,496;967,0372714020998;2158,4134629333475;1039,4245825592886
332;296,8;1003,704;967,9758802367548;1276,4985418167853;1040,467038235711
333;297,68333333333334;992,64;968,9144890714099;562,8998688226482;1041,5094939121334
334;298,56666666666666;983,496;969,8530979060649;186,12877754469736;1042,5519495885558
335;299,45;951,552;970,79170674072;370,16631546890477;1043,5944052649781
336;300,3333333333333;897,696;971,730315575375;5481,079882714212;1044,6368609414005
337;301,21666666666664;812,568;972,6689244100301;25632,305996946165;1045,679316617823
338;302,1;720,4799999999999;973,6075332446851;64073,54808653921;1046,7217722942455
339;302,9833333333333;594,264;974,5461420793401;144614,50758445144;1047,7642279706677
340;303,8666666666667;514,848;975,4847509139952;212186,2162926021;1048,8066836470903
341;304,75;447,312;976,4233597486502;279958,83101506555;1049,8491393235126
342;305,6333333333333;457,848;977,3619685833053;269894,76355317555;1050,891594999935
343;306,51666666666665;495,816;978,3005774179603;232791,36744618777;1051,9340506763574
344;307,4;595,536;979,2391862526154;147228,1351404093;1052,9765063527798
345;308,28333333333336;691,8960000000001;980,1777950872705;83106,39337873898;1054,0189620292022
346;309,1666666666667;815,088;981,1164039219256;27565,430908862076;1055,0614177056245
347;310,05;889,464;982,0550127565806;8573,09564328926;1056,103873382047
348;310,93333333333334;945,552;982,9936215912356;1401,8750273812811;1057,1463290584693
349;311,81666666666666;974,328;983,9322304258907;92,24124207360475;1058,1887847348917
350;312,7;992,16;984,8708392605457;53,131864285601175;1059,231240411314
351;313,5833333333333;992,064;985,8094480952008;39,119419529827304;1060,2736960877364
352;314,46666666666664;998,928;986,7480569298558;148,35101319195348;1061,3161517641588
353;315,35;1008,336;987,686665764511;426,39500436894014;1062,3586074405814
354;316,2333333333333;1020,432;988,6252745991659;1011,6677807240667;1063,4010631170036
355;317,1166666666667;1029,768;989,563883433821;1616,3709888669073;1064,4435187934262
356;318,0;1040,592;990,5024922684761;2508,9587847864036;1065,4859744698485
357;318,8833333333333;1049,712;991,4411011031311;3395,497658249112;1066,528430146271
358;319,76666666666665;1057,1039999999998;992,3797099377862;4189,233724057567;1067,5708858226933
359;320,65;1059,8159999999998;993,3183187724412;4421,941608641998;1068,6133414991157
360;321,53333333333336;1068,72;994,2569276070963;5544,749150190827;1069,655797175538
361;322,4166666666667;1077,336;995,1955364417513;6747,055753563985;1070,6982528519604
362;323,3;1083,912;996,1341452764063;7704,951779876319;1071,7407085283828
363;324,18333333333334;1088,856;997,0727541110614;8424,164225909366;1072,7831642048052
364;325,06666666666666;1093,464;998,0113629457164;9111,205920616778;1073,8256198812276
365;325,95;1084,92;998,9499717803715;7390,845752083738;1074,86807555765
366;326,8333333333333;1081,224;999,8885806150265;6615,45044652951;1075,9105312340723
367;327,71666666666664;1077,264;1000,8271894496816;5842,5860071052575;1076,952986910495
368;328,6;1073,664;1001,7657982843367;5169,351409946205;1077,9954425869173
369;329,4833333333333;1073,304;1002,7044071189916;4984,302514964139;1079,0378982633397
370;330,3666666666667;1085,208;1003,6430159536468;6652,846622481867;1080,080353939762
371;331,25;1091,376;1004,5816247883018;7533,26356838904;1081,1228096161844
372;332,1333333333333;1097,856;1005,5202336229569;8525,893752435886;1082,1652652926068
373;333,01666666666665;1101,552;1006,4588424576119;9042,70861138142;1083,2077209690292
374;333,9;1101,8159999999998;1007,397451292267;8914,862340074518;1084,2501766454516
375;334,78333333333336;1102,2479999999998;1008,3360601269221;8819,45245072456;1085,292632321874
376;335,6666666666667;1104,168;1009,2746689615772;9004,744275567682;1086,3350879982963
377;336,55;1102,368;1010,2132777962322;8492,492824453602;1087,3775436747187
378;337,43333333333334;1103,496;1011,1518866308872;8527,435273927566;1088,419999351141
379;338,31666666666666;1108,176;1012,0904954655423;9232,42418164128;1089,4624550275635
380;339,2;1113,84;1013,0291043001973;10162,836691796476;1090,5049107039858
381;340,0833333333333;1115,952;1013,9677131348524;10400,794767392723;1091,5473663804082
382;340,96666666666664;1121,544;1014,9063219695074;11371,594375735021;1092,5898220568306
383;341,85;1125,24;1015,8449308041625;11967,281164362086;1093,6322777332532
384;342,7333333333333;1133,0159999999998;1016,7835396388175;13509,984841613827;1094,6747334096754
385;343,6166666666667;1135,056;1017,7221484734725;13767,2327140492;1095,717189086098
386;344,5;1137,456;1018,6607573081276;14112,309686220844;1096,7596447625203
387;345,3833333333333;1138,032;1019,5993661427826;14026,288762357693;1097,8021004389427
388;346,26666666666665;1143,552;1020,5379749774377;15132,450352251568;1098,844556115365
389;347,15;1143,24;1021,4765838120927;14826,329521749525;1099,8870117917875
390;348,03333333333336;1145,112;1022,4151926467479;15054,506534681086;1100,9294674682099
391;348,9166666666667;1149,576;1023,3538014814029;15932,043398868138;1101,9719231446322
392;349,8;1154,88;1024,292410316058;17053,118579461607;1103,0143788210548
393;350,68333333333334;1157,184;1025,231019150713;17411,589155012265;1104,0568344974772
394;351,56666666666666;1162,584;1026,1696279853682;18608,88089214639;1105,0992901738996
395;352,45;1161,8159999999998;1027,1082368200232;18146,181460952663;1106,141745850322
396;353,3333333333333;1152,336;1028,0468456546782;15447,79388787522;1107,1842015267443
397;354,21666666666664;1143,6719999999998;1028,9854544893333;13153,003721170182;1108,2266572031667
398;355,1;1131,288;1029,9240633239883;10274,647658458507;1109,269112879589
399;355,9833333333333;1115,784;1030,8626721586434;7211,631922339192;1110,3115685560115
400;356,8666666666667;1105,344;1031,8012809932984;5408,531518898675;1111,3540242324339
401;357,75;1102,464;1032,7398898279534;4861,451539283677;1112,3964799088562
402;358,6333333333333;1095,984;1033,6784986626085;3881,975496903686;1113,4389355852786
403;359,51666666666665;1092,696;1034,6171074972635;3373,157754344408;1114,481391261701
404;360,4;1090,992;1035,5557163319186;3073,1815469279873;1115,5238469381234
405;361,28333333333336;1068,384;1036,4943251665736;1016,9513609816689;1116,5663026145457
406;362,1666666666667;1011,984;1037,4329340012287;647,6482417988902;1117,6087582909681
407;363,05;927,168;1038,3715428358837;12366,22793925222;1118,6512139673905
408;363,9333333333333;816,096;1039,3101516705387;49824,55750599827;1119,6936696438129
409;364,81666666666666;680,136;1040,2487605051938;129681,20027867108;1120,7361253202353
410;365,7;552,96;1041,1873693398488;238365,96417250912;1121,7785809966576
411;366,5833333333333;463,272;1042,1259781745039;335071,9280484491;1122,82103667308
412;367,4666666666666;430,32;1043,064587009159;375455,9289090248;1123,8634923495024
