;L, μμ;hn50,altincrn3-1,53,800.csv;Result;fail;Predict
0;3,533333333333333;436,464;679,0538280547227;58849,82467561991;719,4112899914061
1;4,416666666666667;491,184;679,2278294511283;35360,48179464501;719,618448499965
2;5,3;539,928;679,4018308475338;19452,949491286472;719,8256070085238
3;6,183333333333334;604,0799999999999;679,5758322439394;5699,620686205056;720,0327655170826
4;7,066666666666666;651,144;679,7498336403451;818,2937182590967;720,2399240256415
5;7,95;679,848;679,9238350367507;0,005750952798984856;720,4470825342003
6;8,833333333333334;661,536;680,0978364331563;344,54177177125126;720,654241042759
7;9,716666666666669;669,84;680,271837829562;108,82324050227902;720,861399551318
8;10,6;672,0;680,4458392259676;71,33220023089257;721,0685580598768
9;11,483333333333333;683,232;680,6198406223732;6,82337661412346;721,2757165684357
10;12,366666666666667;687,9359999999999;680,7938420187788;51,010420628720105;721,4828750769944
11;13,25;709,776;680,9678434151845;829,9098858152482;721,6900335855532
12;14,133333333333333;712,032;681,1418448115901;954,2016875640501;721,8971920941121
13;15,016666666666667;680,4;681,3158462079957;0,8387742767001793;722,1043506026709
14;15,9;676,3679999999999;681,4898476044012;26,233322882711295;722,3115091112297
15;16,783333333333335;682,2479999999999;681,6638490008069;0,3412323898582629;722,5186676197886
16;17,666666666666668;706,944;681,8378503972125;630,3187478775453;722,7258261283474
17;18,55;653,232;682,0118517936181;828,2798692626259;722,9329846369062
18;19,433333333333334;636,24;682,1858531900237;2111,021425359215;723,1401431454651
19;20,316666666666663;627,8159999999999;682,3598545864294;2975,032073145562;723,3473016540239
20;21,2;626,784;682,533855982835;3108,046442106845;723,5544601625827
21;22,08333333333333;612,9839999999999;682,7078573792406;4861,4162878407;723,7616186711416
22;22,966666666666665;629,136;682,8818587756463;2888,617335531716;723,9687771797004
23;23,85;647,1840000000001;683,0558601720519;1286,790352203237;724,1759356882592
24;24,73333333333333;661,7520000000001;683,2298615684575;461,2985375538218;724,3830941968181
25;25,616666666666667;657,8159999999999;683,4038629648632;654,7387311086195;724,5902527053769
26;26,5;660,84;683,5778643612687;517,0104757114503;724,7974112139357
27;27,383333333333333;711,312;683,7518657576743;759,5609994550146;725,0045697224946
28;28,266666666666666;744,6;683,9258671540799;3681,35039660436;725,2117282310534
29;29,15;741,4799999999999;684,0998685504856;3292,479485163546;725,4188867396122
30;30,03333333333333;744,3359999999999;684,2738699468912;3607,4594665165455;725,6260452481711
31;30,916666666666668;743,016;684,4478713432968;3430,225694348133;725,8332037567299
32;31,8;736,704;684,6218727397024;2712,547979957825;726,0403622652888
33;32,68333333333333;737,808;684,7958741361081;2810,285488609119;726,2475207738476
34;33,56666666666667;740,064;684,9698755325137;3035,362550838869;726,4546792824063
35;34,45;737,6159999999999;685,1438769289193;2753,323699586623;726,6618377909653
36;35,333333333333336;739,4879999999999;685,317878325325;2934,402082249093;726,868996299524
37;36,21666666666667;735,408;685,4918797217305;2491,6190636346723;727,0761548080828
38;37,1;735,288;685,6658811181361;2462,354682325835;727,2833133166417
39;37,98333333333333;736,7280000000001;685,8398825145417;2589,6005012138107;727,4904718252005
40;38,86666666666667;739,296;686,0138839109474;2838,983894927288;727,6976303337593
41;39,75;728,112;686,187885307353;1757,6313927622184;727,9047888423182
42;40,63333333333333;729,84;686,3618867037586;1890,3463358008048;728,111947350877
43;41,516666666666666;733,176;686,5358881001642;2175,300038029205;728,3191058594358
44;42,4;731,4;686,7098894965699;1997,2059768087938;728,5262643679947
45;43,28333333333333;695,544;686,8838908929755;74,99748974556837;728,7334228765535
46;44,16666666666666;678,6479999999999;687,0578922893811;70,72628831899368;728,9405813851123
47;45,05;681,5039999999999;687,2318936857868;32,8087660756769;729,1477398936712
48;45,93333333333333;680,064;687,4058950821924;53,90342339792128;729,35489840223
49;46,81666666666667;679,1999999999999;687,5798964785979;70,22266499201866;729,5620569107888
50;47,7;719,208;687,7538978750035;989,3605404897055;729,7692154193477
51;48,583333333333336;764,568;687,9278992714092;5873,705039688548;729,9763739279065
52;49,46666666666667;760,7280000000001;688,1019006678148;5274,550304208443;730,1835324364654
53;50,35;759,7679999999999;688,2759020642204;5111,120067259087;730,3906909450242
54;51,23333333333333;762,3359999999999;688,449903460626;5459,155261825673;730,597849453583
55;52,11666666666667;764,9039999999999;688,6239048570317;5818,652915020282;730,8050079621419
56;53,0;733,992;688,7979062534373;2042,506109573094;731,0121664707007
57;53,88333333333333;736,68;688,9719076498429;2276,0620756911103;731,2193249792595
58;54,766666666666666;736,0799999999999;689,1459090462486;2202,8088936550057;731,4264834878184
59;55,65;738,096;689,3199104426542;2379,106912506219;731,6336419963772
60;56,53333333333333;728,3280000000001;689,4939118390597;1508,08640329169;731,8408005049359
61;57,41666666666666;746,952;689,6679132354653;3281,4665964467354;732,0479590134948
62;58,3;744,3359999999999;689,841914631871;2969,6053401089243;732,2551175220536
63;59,18333333333333;750,744;690,0159160282766;3687,9001828766927;732,4622760306124
64;60,06666666666667;747,432;690,1899174246822;3276,656017559501;732,6694345391713
65;60,95;747,9359999999999;690,3639188210879;3314,544531271242;732,8765930477301
66;61,833333333333336;748,0559999999999;690,5379202174935;3308,329501866777;733,0837515562889
67;62,71666666666667;743,3280000000001;690,7119216138991;2768,451704732323;733,2909100648478
68;63,6;743,4719999999999;690,8859230103047;2765,2954931661434;733,4980685734066
69;64,48333333333333;731,6159999999999;691,0599244067104;1644,7952675286128;733,7052270819654
70;65,36666666666666;706,536;691,233925803116;234,1534747269416;733,9123855905243
71;66,25;660,1919999999999;691,4079271995216;974,4341109258405;734,1195440990831
72;67,13333333333334;599,592;691,5819285959271;8462,146963083776;734,3267026076419
73;68,01666666666667;527,472;691,7559299923328;26989,209653725702;734,5338611162008
74;68,9;478,416;691,9299313887384;45588,198897074886;734,7410196247596
75;69,78333333333333;422,16;692,103932785144;72869,72684751035;734,9481781333185
76;70,66666666666667;399,984;692,2779341815497;85435,74395932809;735,1553366418773
77;71,55;422,496;692,4519355779553;72876,20715376915;735,3624951504361
78;72,43333333333334;465,6;692,6259369743609;51540,776059086485;735,569653658995
79;73,31666666666666;508,032;692,7999383707665;34139,19104978339;735,7768121675538
80;74,2;586,2239999999999;692,9739397671722;11395,549640294901;735,9839706761126
81;75,08333333333333;640,8960000000001;693,1479411635778;2730,2653553619884;736,1911291846715
82;75,96666666666667;683,832;693,3219425599834;90,05900979178492;736,3982876932303
83;76,85;701,808;693,495943956389;69,09027567212911;736,605446201789
84;77,73333333333333;715,656;693,6699453527946;483,3865989499012;736,812604710348
85;78,61666666666666;721,128;693,8439467492002;744,4195617924815;737,0197632189067
86;79,5;724,512;694,0179481456058;929,8871984984772;737,2269217274655
87;80,38333333333334;723,5039999999999;694,1919495420115;859,1963020516608;737,4340802360244
88;81,26666666666667;724,3919999999999;694,3659509384171;901,5636222485805;737,6412387445832
89;82,15;732,888;694,5399523348227;1470,5727597307116;737,848397253142
90;83,03333333333333;728,448;694,7139537312283;1137,9858776636254;738,0555557617009
91;83,91666666666667;735,312;694,887955127634;1634,103403843063;738,2627142702597
92;84,8;736,2479999999999;695,0619565240396;1696,2901772036946;738,4698727788185
93;85,68333333333334;739,656;695,2359579204452;1973,140138349412;738,6770312873774
94;86,56666666666666;737,1840000000001;695,4099593168509;1745,0704749974066;738,8841897959362
95;87,45;739,848;695,5839607132564;1959,3051739783793;739,0913483044951
96;88,33333333333333;742,3679999999999;695,757962109662;2172,495632138738;739,2985068130539
97;89,21666666666667;739,92;695,9319635060676;1934,9473545915223;739,5056653216127
98;90,1;744,6479999999999;696,1059649024733;2356,329171409509;739,7128238301716
99;90,98333333333332;743,304;696,2799662988789;2211,2597455241716;739,9199823387304
100;91,86666666666666;744,6479999999999;696,4539676952845;2322,6647497879508;740,1271408472892
101;92,75;742,944;696,6279690916901;2145,1747190995097;740,3342993558481
102;93,63333333333334;744,144;696,8019704880958;2241,267758306011;740,5414578644069
103;94,51666666666668;745,3439999999999;696,9759718845014;2339,4661437816567;740,7486163729657
104;95,4;741,8159999999999;697,149973280907;1995,0539428707193;740,9557748815246
105;96,28333333333332;743,928;697,3239746773127;2171,9351762776823;741,1629333900834
106;97,16666666666669;740,304;697,4979760737183;1832,3556843774;741,3700918986422
107;98,05;742,968;697,6719774701238;2051,7296570270482;741,5772504072011
108;98,93333333333334;737,4719999999999;697,8459788665294;1570,2215508702452;741,7844089157599
109;99,81666666666666;737,232;698,0199802629351;1537,5824918599678;741,9915674243186
110;100,7;737,688;698,1939816593407;1559,7774846923328;742,1987259328776
111;101,58333333333331;733,968;698,3679830557463;1267,3612064311462;742,4058844414363
112;102,46666666666668;730,776;698,541984452152;1039,0317583389067;742,6130429499951
113;103,35;733,632;698,7159858485576;1219,1280442237237;742,820201458554
114;104,23333333333332;738,84;698,8899872449632;1596,003519127605;743,0273599671128
115;105,11666666666666;734,28;699,0639886413688;1240,1674560112372;743,2345184756716
116;106,0;736,2479999999999;699,2379900377745;1369,7408374040283;743,4416769842305
117;106,88333333333334;738,288;699,4119914341801;1511,3440420097036;743,6488354927893
118;107,76666666666668;729,456;699,5859928305857;892,2173283008613;743,8559940013482
119;108,65;730,848;699,7599942269912;966,4641029426233;744,063152509907
120;109,53333333333332;730,7520000000001;699,9339956233969;949,7493937563339;744,2703110184658
121;110,41666666666669;736,8960000000001;700,1079970198025;1353,3571632710257;744,4774695270247
122;111,3;732,264;700,2819984162081;1022,8484253056666;744,6846280355835
123;112,18333333333334;738,3599999999999;700,4559998126138;1436,713230205369;744,8917865441423
124;113,06666666666666;738,696;700,6300012090194;1449,0202639549398;745,0989450527012
125;113,95;737,112;700,804002605425;1318,2706748044616;745,30610356126
126;114,83333333333331;738,3599999999999;700,9780040018306;1397,4136248071425;745,5132620698188
127;115,71666666666668;741,528;701,1520053982363;1630,2209400816555;745,7204205783777
128;116,6;746,64;701,3260067946419;2053,357980215239;745,9275790869365
129;117,48333333333332;744,0;701,5000081910475;1806,2493037610272;746,1347375954953
130;118,36666666666666;753,6239999999999;701,674009587453;2698,8015038637113;746,3418961040542
131;119,25;745,5840000000001;701,8480109838587;1912,8367352200403;746,549054612613
132;120,13333333333334;748,92;702,0220123802643;2199,4212427808793;746,7562131211718
133;121,01666666666668;751,6080000000001;702,1960137766699;2441,544382534567;746,9633716297307
134;121,9;749,6159999999999;702,3700151730756;2232,1830822659626;747,1705301382895
135;122,78333333333332;745,32;702,5440165694812;1829,7847584480244;747,3776886468482
136;123,66666666666669;748,2719999999999;702,7180179658868;2075,165279164301;747,5848471554071
137;124,55;745,848;702,8920193622924;1845,2162725471026;747,7920056639659
138;125,43333333333334;734,4;703,0660207586981;981,8182550943386;747,9991641725248
139;126,31666666666666;741,864;703,2400221551037;1491,8116645630425;748,2063226810836
140;127,2;736,68;703,4140235515093;1106,6251890715325;748,4134811896424
141;128,08333333333334;743,808;703,588024947915;1617,6463931903425;748,6206396982013
142;128,96666666666667;748,824;703,7620263443205;2030,5814697451515;748,8277982067601
143;129,85;754,2239999999999;703,9360277407261;2528,8801539494943;749,0349567153189
144;130,73333333333332;749,952;704,1100291371317;2101,486292592063;749,2421152238778
145;131,61666666666667;749,16;704,2840305335374;2013,8526355548843;749,4492737324366
146;132,5;750,9599999999999;704,458031929943;2162,4330343885945;749,6564322409954
147;133,38333333333333;744,288;704,6320333263486;1572,59569282175;749,8635907495543
148;134,26666666666668;750,576;704,8060347227542;2094,8897214802837;750,0707492581131
149;135,15;749,928;704,9800361191599;2020,319457033308;750,2779077666719
150;136,03333333333333;753,552;705,1540375155655;2342,3627726447307;750,4850662752308
151;136,91666666666666;732,552;705,3280389119711;741,144057322511;750,6922247837896
152;137,8;689,016;705,5020403083768;271,78952504942464;750,8993832923484
153;138,68333333333334;610,1999999999999;705,6760417047824;9115,67453961336;751,1065418009073
154;139,56666666666666;508,032;705,8500431011879;39131,97817638345;751,3137003094661
155;140,45;415,68;706,0240444975935;84299,66417522058;751,5208588180249
156;141,33333333333334;335,904;706,1980458939992;137117,68042454717;751,7280173265838
157;142,21666666666667;302,256;706,3720472904048;163309,7796776207;751,9351758351426
158;143,1;329,04;706,5460486868104;142510,81679512846;752,1423343437014
159;143,98333333333332;393,696;706,720050083216;97984,05593049973;752,3494928522603
160;144,86666666666667;468,048;706,8940514796217;57047,43630740609;752,556651360819
161;145,75;556,872;707,0680528760273;22558,854299538405;752,7638098693778
162;146,63333333333333;633,9359999999999;707,2420542724329;5373,777592992895;752,9709683779367
163;147,51666666666668;677,9039999999999;707,4160556688386;870,9614298006335;753,1781268864955
164;148,4;712,3439999999999;707,5900570652442;22,599973426914033;753,3852853950544
165;149,28333333333333;734,52;707,7640584616497;715,8804076036174;753,5924439036132
166;150,16666666666666;738,264;707,9380598580553;919,6626454928112;753,799602412172
167;151,05;743,952;708,112061254461;1284,5012092839897;754,0067609207309
168;151,93333333333334;746,496;708,2860626508666;1459,9993122246983;754,2139194292897
169;152,81666666666666;749,688;708,4600640472722;1699,7427029222224;754,4210779378485
170;153,7;754,0559999999999;708,6340654436779;2063,152138838805;754,6282364464074
171;154,58333333333334;755,448;708,8080668400835;2175,2833651614783;754,8353949549662
172;155,46666666666667;762,096;708,9820682364891;2821,089747378891;755,042553463525
173;156,35;764,304;709,1560696328947;3041,2942237750876;755,2497119720839
174;157,23333333333332;771,6;709,3300710293004;3877,54405401598;755,4568704806427
175;158,11666666666667;772,944;709,504072425706;4024,624410631663;755,6640289892015
176;159,0;779,544;709,6780738221116;4881,247640694145;755,8711874977604
177;159,88333333333333;777,6;709,8520752185171;4589,781312197462;756,0783460063192
178;160,76666666666668;778,56;710,0260766149228;4696,898654551628;756,285504514878
179;161,65;781,2479999999999;710,2000780113284;5047,807218908356;756,4926630234369
180;162,53333333333333;780,9359999999999;710,374079407734;4978,984637669238;756,6998215319957
181;163,41666666666666;782,424;710,5480808041397;5166,147760249842;756,9069800405545
182;164,3;779,064;710,7220822005453;4670,61772850742;757,1141385491134
183;165,18333333333334;784,7280000000001;710,8960835969509;5451,151879746838;757,3212970576722
184;166,06666666666666;780,72;711,0700849933565;4851,110660432661;757,5284555662311
185;166,95;776,88;711,2440863897622;4308,073155450603;757,7356140747899
186;167,83333333333334;774,4799999999999;711,4180877861678;3976,8047720650666;757,9427725833486
187;168,71666666666667;773,1840000000001;711,5920891825734;3793,563478141838;758,1499310919075
188;169,6;767,112;711,766090578979;3063,1696896398635;758,3570896004663
189;170,48333333333332;766,968;711,9400919753846;3028,0706615655304;758,5642481090251
190;171,36666666666667;769,992;712,1140933717902;3349,8520756637668;758,771406617584
191;172,25;770,136;712,2880947681958;3346,3801397077923;758,9785651261428
192;173,13333333333333;776,448;712,4620961646015;4094,1958896328665;759,1857236347016
193;174,01666666666668;778,3919999999999;712,6360975610071;4323,838705566345;759,3928821432605
194;174,9;779,424;712,8100989574127;4437,411812111608;759,6000406518193
195;175,78333333333333;776,7599999999999;712,9841003538183;4067,365375679817;759,8071991603781
196;176,66666666666666;780,72;713,158101750224;4564,610095113092;760,014357668937
197;177,55;776,568;713,3321031466296;3998,7786508500976;760,2215161774958
198;178,43333333333334;778,848;713,5061045430352;4269,563301908907;760,4286746860546
199;179,31666666666666;775,3919999999999;713,6801059394409;3808,3578685416664;760,6358331946135
200;180,2;776,208;713,8541073358464;3888,007930372787;760,8429917031723
201;181,0833333333333;775,56;714,028108732252;3786,1736429859548;761,0501502117311
202;181,96666666666667;778,8;714,2021101286576;4172,887375830071;761,25730872029
203;182,85;785,592;714,3761115250633;5071,702771274625;761,4644672288488
204;183,7333333333333;787,536;714,5501129214689;5326,939712640085;761,6716257374076
205;184,61666666666667;795,552;714,7241143178745;6533,147103842748;761,8787842459665
206;185,5;791,9039999999999;714,8981157142802;5929,9062146256565;762,0859427545253
207;186,38333333333333;792,72;715,0721171106858;6029,19371719266;762,293101263084
208;187,26666666666668;786,5039999999999;715,2461185070914;5077,685674857391;762,500259771643
209;188,15;786,7919999999999;715,420119903497;5093,945268509584;762,7074182802018
210;189,03333333333333;784,296;715,5941212999027;4719,948136922894;762,9145767887607
211;189,91666666666663;785,424;715,7681226963082;4851,941242946966;763,1217352973194
212;190,8;790,5840000000001;715,9421240927138;5571,409638958719;763,3288938058782
213;191,6833333333333;786,888;716,1161254891194;5008,65822178383;763,5360523144371
214;192,56666666666663;794,256;716,2901268855251;6078,677370502401;763,7432108229959
215;193,45;790,704;716,4641282819307;5511,558552715379;763,9503693315547
216;194,3333333333333;794,712;716,6381296783363;6095,529227003954;764,1575278401136
217;195,21666666666667;791,0400000000001;716,812131074742;5509,776525185301;764,3646863486724
218;196,1;794,808;716,9861324711476;6056,243065678253;764,5718448572312
219;196,9833333333333;791,712;717,1601338675532;5557,980743830264;764,7790033657901
220;197,86666666666667;791,16;717,3341352639588;5450,258304024241;764,9861618743489
221;198,75;794,112;717,5081366603645;5868,151878557551;765,1933203829077
222;199,63333333333333;787,8960000000001;717,6821380567701;4929,986408982958;765,4004788914666
223;200,51666666666668;791,784;717,8561394531757;5465,328565030695;765,6076374000254
224;201,4;787,008;718,0301408495812;4757,945052975014;765,8147959085842
225;202,28333333333333;790,536;718,2041422459869;5231,897646146781;766,0219544171431
226;203,16666666666663;786,984;718,3781436423925;4706,763526560679;766,2291129257019
227;204,05;797,352;718,5521450387981;6209,417141906447;766,4362714342608
228;204,9333333333333;792,384;718,7261464352038;5425,4793917729685;766,6434299428196
229;205,81666666666663;793,8960000000001;718,9001478316094;5624,37784246311;766,8505884513784
230;206,7;797,304;719,074149228015;6119,909551807035;767,0577469599373
231;207,5833333333333;779,9039999999999;719,2481506244206;3679,132063472956;767,2649054684961
232;208,46666666666667;751,4159999999999;719,4221520208263;1023,6063085144748;767,4720639770549
233;209,35;708,12;719,5961534172319;131,7020972558434;767,6792224856138
234;210,2333333333333;643,296;719,7701548136374;5848,296354460175;767,8863809941726
235;211,11666666666667;560,256;719,944156210043;25500,30723376312;768,0935395027313
236;212,0;490,2;720,1181576064487;52862,35919714378;768,3006980112903
237;212,88333333333333;404,328;720,2921590028543;99833,34977438101;768,507856519849
238;213,76666666666668;338,73599999999993;720,4661603992599;145717,91535844476;768,7150150284078
239;214,65;305,4;720,6401617956656;172424,39196809052;768,9221735369667
240;215,53333333333333;296,832;720,8141631920712;179760,87470502808;769,1293320455255
241;216,41666666666663;289,368;720,9881645884768;186295,96647938382;769,3364905540843
242;217,3;316,416;721,1621659848824;163819,458879462;769,5436490626432
243;218,1833333333333;374,976;721,3361673812881;119965,3655483939;769,750807571202
244;219,06666666666663;439,056;721,5101687776937;79780,35745989789;769,9579660797608
245;219,95;501,336;721,6841701740993;48553,31609907383;770,1651245883197
246;220,8333333333333;586,0799999999999;721,8581715705049;18435,711875029472;770,3722830968785
247;221,71666666666667;654,9119999999999;722,0321729669105;4505,117619107991;770,5794416054373
248;222,6;702,408;722,2061743633161;391,9677081202666;770,7866001139962
249;223,4833333333333;731,1840000000001;722,3801757597217;77,50732125371259;770,993758622555
250;224,36666666666667;750,312;722,5541771561274;770,4967290318181;771,2009171311138
251;225,25;755,88;722,728178552533;1099,043265284733;771,4080756396727
252;226,13333333333333;762,384;722,9021799489386;1558,8141145443933;771,6152341482315
253;227,01666666666668;767,736;723,0761813453443;1994,4994022667365;771,8223926567904
254;227,9;768,9599999999999;723,2501827417499;2089,3873937826133;772,0295511653492
255;228,78333333333333;776,136;723,4241841381555;2778,535531452997;772,236709673908
256;229,66666666666663;770,304;723,5981855345611;2181,4331048799954;772,4438681824668
257;230,55;778,848;723,7721869309668;3033,345185215087;772,6510266910257
258;231,4333333333333;776,136;723,9461883273723;2723,7764424243446;772,8581851995845
259;232,31666666666663;779,016;724,1201897237779;3013,5499858829667;773,0653437081434
260;233,2;779,856;724,2941911201835;3087,1146059972507;773,2725022167022
261;234,0833333333333;785,16;724,4681925165892;3683,495495603399;773,4796607252609
262;234,96666666666667;785,688;724,6421939129948;3726,5904408122396;773,6868192338198
263;235,85;785,52;724,8161953094004;3684,9519039144566;773,8939777423786
264;236,7333333333333;791,4;724,990196705806;4410,26197357353;774,1011362509374
265;237,61666666666667;785,664;725,1641981022117;3660,226029671629;774,3082947594963
266;238,5;794,952;725,3381994986173;4846,0812202463085;774,5154532680551
267;239,38333333333333;790,032;725,5122008950229;4162,804476546603;774,7226117766139
268;240,26666666666668;791,592;725,6862022914286;4343,574171603137;774,9297702851728
269;241,15;792,888;725,8602036878342;4492,725478465191;775,1369287937316
270;242,03333333333333;794,4719999999999;726,0342050842397;4683,7317729316455;775,3440873022905
271;242,91666666666663;790,872;726,2082064806453;4181,406192313728;775,5512458108493
272;243,8;789,7919999999999;726,382207877051;4020,801737075598;775,7584043194081
273;244,6833333333333;794,688;726,5562092734566;4641,9409076055035;775,965562827967
274;245,56666666666663;786,6239999999999;726,7302106698622;3587,266000322914;776,1727213365258
275;246,45;789,6479999999999;726,9042120662679;3936,7829242731395;776,3798798450846
276;247,3333333333333;785,424;727,0782134626735;3404,230806659269;776,5870383536435
277;248,21666666666667;787,5840000000001;727,2522148590791;3639,924298290249;776,7941968622023
278;249,1;784,848;727,4262162554847;3297,2612484018714;777,0013553707611
279;249,9833333333333;786,096;727,6002176518904;3421,756552517414;777,20851387932
280;250,86666666666667;787,6080000000001;727,774219048296;3580,081342976503;777,4156723878788
281;251,75;786,432;727,9482204447015;3420,3524710727506;777,6228308964376
282;252,63333333333333;790,1039999999999;728,1222218411071;3841,7408237381983;777,8299894049965
283;253,51666666666668;785,4719999999999;728,2962232375128;3269,0694483937586;778,0371479135553
284;254,4;787,7520000000001;728,4702246339184;3514,3288905545664;778,244306422114
285;255,28333333333333;783,096;728,644226030324;2964,9956884446815;778,451464930673
286;256,1666666666667;784,44;728,8182274267297;3093,7815841926144;778,6586234392317
287;257,05;784,944;728,9922288231353;3130,600697828224;778,8657819477905
288;257,93333333333334;788,64;729,1662302195409;3537,1292918990457;779,0729404563494
289;258,81666666666666;792,528;729,3402316159465;3992,694073356787;779,2800989649082
290;259,7;790,8960000000001;729,5142330123522;3767,7213185259006;779,487257473467
291;260,5833333333333;797,664;729,6882344087578;4620,704707715504;779,6944159820259
292;261,46666666666664;793,656;729,8622358051634;4069,644350146405;779,9015744905847
293;262,35;792,984;730,0362372015691;3962,42084132753;780,1087329991436
294;263,2333333333333;788,64;730,2102385979746;3414,037017497618;780,3158915077024
295;264,1166666666667;789,096;730,3842399943802;3447,070762957496;780,5230500162612
296;265,0;781,92;730,5582413907858;2638,0302474311807;780,7302085248201
297;265,8833333333333;781,944;730,7322427871915;2622,6440768236425;780,9373670333789
298;266,76666666666665;787,536;730,9062441835971;3206,9292438254124;781,1445255419377
299;267,65;787,1999999999999;731,0802455800027;3149,426836160796;781,3516840504966
300;268,53333333333336;792,8159999999999;731,2542469764084;3789,849435337685;781,5588425590554
301;269,4166666666667;794,6159999999999;731,428248372814;3992,691955698933;781,7660010676142
302;270,3;795,744;731,6022497692196;4114,164122667819;781,9731595761731
303;271,18333333333334;792,12;731,7762511656252;3641,368023386106;782,1803180847319
304;272,06666666666666;796,656;731,9502525620308;4186,833751506257;782,3874765932907
305;272,95;792,288;732,1242539584364;3619,676337753763;782,5946351018496
306;273,8333333333333;793,152;732,298255354842;3703,1782373380997;782,8017936104084
307;274,71666666666664;793,992;732,4722567512476;3784,6788093924065;783,0089521189672
308;275,6;790,7520000000001;732,6462581476533;3376,277236211566;783,2161106275261
309;276,4833333333333;787,0799999999999;732,8202595440589;2944,1194343460834;783,4232691360849
310;277,3666666666667;787,0559999999999;732,9942609404645;2922,6716301412953;783,6304276446438
311;278,25;792,0;733,1682623368702;3461,1733564633305;783,8375861532026
312;279,1333333333333;789,408;733,3422637332758;3143,3667831298767;784,0447446617613
313;280,01666666666665;795,864;733,5162651296814;3887,2400434595443;784,2519031703202
314;280,9;793,2719999999999;733,690266526087;3549,982963756392;784,459061678879
315;281,78333333333336;793,8960000000001;733,8642679224927;3603,8088562256307;784,6662201874378
316;282,6666666666667;789,528;734,0382693188983;3079,1102110612014;784,8733786959967
317;283,55;773,304;734,2122707153038;1528,1632984679711;785,0805372045555
318;284,43333333333334;710,3280000000001;734,3862721117094;578,8004570010522;785,2876957131143
319;285,31666666666666;628,7520000000001;734,5602735081151;11195,390742768072;785,4948542216732
320;286,2;542,016;734,7342749045207;37140,33348217443;785,702012730232
321;287,0833333333333;428,304;734,9082763009263;94006,1822460148;785,9091712387908
322;287,96666666666664;326,784;735,082277697332;166707,4835706076;786,1163297473497
323;288,85;306,16799999999995;735,2562790937376;184116,75125562528;786,3234882559085
324;289,7333333333333;321,408;735,4302804901432;171414,4487422588;786,5306467644673
325;290,6166666666667;341,44800000000004;735,6042818865488;155359,17455062852;786,7378052730262
326;291,5;376,176;735,7782832829545;129313,80214231425;786,944963781585
327;292,3833333333333;400,224;735,95228467936;112713,48113374539;787,1521222901438
328;293,26666666666665;418,92;736,1262860757656;100619,82792598045;787,3592807987027
329;294,15;448,704;736,3002874721712;82711,62456777575;787,5664393072615
330;295,03333333333336;497,256;736,4742888685769;57225,38972920991;787,7735978158203
331;295,9166666666667;563,928;736,6482902649825;29832,29866921981;787,9807563243792
332;296,8;650,952;736,8222916613881;7373,706990011865;788,187914832938
333;297,68333333333334;702,3359999999999;736,9962930577938;1201,3359148521536;788,3950733414968
334;298,56666666666666;739,2719999999999;737,1702944541994;4,417166201248753;788,6022318500557
335;299,45;756,5039999999999;737,344295850605;367,09426309233953;788,8093903586145
336;300,3333333333333;764,9039999999999;737,5182972470107;749,976715275082;789,0165488671732
337;301,21666666666664;774,312;737,6922986434163;1341,0025274453803;789,2237073757321
338;302,1;781,2479999999999;737,8663000398219;1881,97189143491;789,4308658842909
339;302,9833333333333;784,7280000000001;738,0403014362274;2179,741197181698;789,6380243928497
340;303,8666666666667;789,9359999999999;738,214302832633;2675,133957872806;789,8451829014086
341;304,75;800,3280000000001;738,3883042290387;3836,5259121992544;790,0523414099674
342;305,6333333333333;799,512;738,5623056254443;3714,8652443517385;790,2594999185262
343;306,51666666666665;804,4799999999999;738,7363070218499;4322,233166405245;790,4666584270851
344;307,4;806,4719999999999;738,9103084182556;4564,582169386738;790,6738169356439
345;308,28333333333336;803,712;739,0843098146612;4176,7383386921365;790,8809754442028
346;309,1666666666667;800,976;739,2583112110668;3809,0731094476077;791,0881339527616
347;310,05;801,264;739,4323126074725;3823,157565807251;791,2952924613204
348;310,93333333333334;801,1919999999999;739,6063140038781;3792,796719612914;791,5024509698793
349;311,81666666666666;798,864;739,7803154002837;3490,8817858787556;791,7096094784381
350;312,7;807,144;739,9543167966892;4514,453528961262;791,9167679869969
351;313,5833333333333;803,856;740,1283181930949;4061,217428482148;792,1239264955558
352;314,46666666666664;807,6719999999999;740,3023195895005;4538,67383861283;792,3310850041146
353;315,35;812,832;740,4763209859061;5235,344285590586;792,5382435126735
354;316,2333333333333;814,92;740,6503223823117;5515,985013435338;792,7454020212323
355;317,1166666666667;808,632;740,8243237787174;4597,88095453029;792,9525605297911
356;318,0;803,208;740,998325175123;3870,0436418169315;793,15971903835
357;318,8833333333333;806,352;741,1723265715286;4248,389828242173;793,3668775469088
358;319,76666666666665;798,1919999999999;741,3463279679343;3231,4304287771693;793,5740360554676
359;320,65;803,112;741,5203293643399;3793,533891691632;793,7811945640265
360;321,53333333333336;800,7599999999999;741,6943307607455;3488,753282680999;793,9883530725853
361;322,4166666666667;809,64;741,8683321571511;4592,998962201432;794,195511581144
362;323,3;806,376;742,0423335535568;4138,820638442212;794,402670089703
363;324,18333333333334;806,592;742,2163349499623;4144,226250634645;794,6098285982617
364;325,06666666666666;804,0719999999999;742,3903363463679;3804,6276310797834;794,8169871068205
365;325,95;804,6479999999999;742,5643377427735;3854,3811192693533;795,0241456153794
366;326,8333333333333;806,64;742,7383391391792;4083,422260771358;795,2313041239382
367;327,71666666666664;800,592;742,9123405355848;3326,9431159308997;795,438462632497
368;328,6;806,592;743,0863419319904;4032,9686066509466;795,6456211410559
369;329,4833333333333;801,84;743,2603433283961;3431,5761757629957;795,8527796496147
370;330,3666666666667;802,944;743,4343447248017;3541,3990709729333;796,0599381581735
371;331,25;799,3919999999999;743,6083461212073;3111,816040068935;796,2670966667324
372;332,1333333333333;809,64;743,782347517613;4337,2303904908595;796,4742551752912
373;333,01666666666665;805,128;743,9563489140185;3741,9708965850714;796,68141368385
374;333,9;810,4799999999999;744,1303503104241;4402,276013929428;796,8885721924089
375;334,78333333333336;812,9039999999999;744,3043517068297;4705,911745946644;797,0957307009677
376;335,6666666666667;811,2479999999999;744,4783531032353;4458,185746718625;797,3028892095265
377;336,55;809,64;744,652354499641;4223,394067680332;797,5100477180854
378;337,43333333333334;808,704;744,8263558960466;4080,3534162713254;797,7172062266442
379;338,31666666666666;805,44;745,0003572924522;3652,9504106160384;797,924364735203
380;339,2;800,4719999999999;745,1743586888579;3057,8291345757184;798,1315232437619
381;340,0833333333333;806,928;745,3483600852635;3792,052052028609;798,3386817523207
382;340,96666666666664;799,176;745,5223614816691;2878,7129262557237;798,5458402608795
383;341,85;801,2159999999999;745,6963628780748;3082,4301061502483;798,7529987694384
384;342,7333333333333;800,7599999999999;745,8703642744804;3012,8721100802263;798,9601572779972
385;343,6166666666667;803,928;746,044365670886;3350,5151231465834;799,1673157865561
386;344,5;801,984;746,2183670672916;3109,8058163855717;799,3744742951149
387;345,3833333333333;805,0799999999999;746,3923684636972;3444,23809534084;799,5816328036736
388;346,26666666666665;810,528;746,5663698601028;4091,0901301530107;799,7887913122325
389;347,15;808,656;746,7403712565084;3833,545082701876;799,9959498207913
390;348,03333333333336;812,496;746,914372652914;4300,94984549205;800,2031083293501
391;348,9166666666667;813,0;747,0883740493197;4344,342435462397;800,410266837909
392;349,8;815,28;747,2623754457253;4626,397250006269;800,6174253464678
393;350,68333333333334;810,576;747,4363768421309;3986,6120125177194;800,8245838550266
394;351,56666666666666;814,4159999999999;747,6103782385366;4462,99109893571;801,0317423635855
395;359,51666666666665;764,88;749,1763908061871;246,60334171200486;802,896168940615
396;360,4;703,2719999999999;749,3503922025927;2123,2182279759645;803,1033274491738
397;361,28333333333336;623,448;749,5243935989984;15895,25702292956;803,3104859577327
398;362,1666666666667;536,976;749,698394995404;45250,81733258068;803,5176444662915
399;363,05;425,232;749,8723963918096;105391,38696943126;803,7248029748503
400;363,9333333333333;374,16;750,0463977882152;141290,58404220038;803,9319614834092
401;364,81666666666666;336,936;750,2203991846209;170803,99460939306;804,139119991968
402;365,7;324,36;750,3944005810264;181505,31047843443;804,3462785005268
403;366,5833333333333;340,464;750,568401977432;168185,62052126715;804,5534370090857
404;367,4666666666666;409,296;750,7424033738376;116585,64637692945;804,7605955176444
405;368,35;476,304;750,9164047702433;75411,97285369594;804,9677540262032
406;369,23333333333335;554,256;751,0904061666489;38743,783450977324;805,1749125347621
407;370,1166666666667;637,632;751,2644075630545;12912,324048576145;805,3820710433209
408;371,0;696,12;751,4384089594602;3060,1263698060816;805,5892295518797
409;371,8833333333333;729,0;751,6124103558658;511,32110210206645;805,7963880604386
410;372,76666666666665;748,032;751,7864117522714;14,095607605593457;806,0035465689974
411;373,65;761,688;751,960413148677;94,62594595003094;806,2107050775562
412;374,53333333333336;759,72;752,1344145450827;57,54110669385366;806,4178635861151
413;375,4166666666667;766,464;752,3084159414882;200,3805600375952;806,6250220946739
414;376,3;767,688;752,4824173378938;231,20974409414367;806,8321806032327
415;377,1833333333333;769,4159999999999;752,6564187342995;280,8835642016188;807,0393391117916
416;378,06666666666666;770,688;752,8304201307051;318,8931587882468;807,2464976203504
417;378,95;771,984;753,0044215271107;360,22439900856403;807,4536561289092
418;379,8333333333333;772,5840000000001;753,1784229235163;376,5764216713506;807,6608146374681
419;380,7166666666666;772,3919999999999;753,352424319922;362,50544207741666;807,8679731460269
420;381,6;779,424;753,5264257163276;670,6843537783292;808,0751316545858
421;382,48333333333335;775,68;753,7004271127332;483,1016243066706;808,2822901631446
422;383,3666666666667;783,1919999999999;753,8744285091389;859,5199981217481;808,4894486717034
423;384,25;784,2239999999999;754,0484299055445;910,5650305253943;808,6966071802623
424;385,1333333333333;791,304;754,2224313019501;1375,0427371081914;808,9037656888211
425;386,01666666666665;793,176;754,3964326983556;1503,854840102769;809,1109241973799
426;386,9;795,0479999999999;754,5704340947613;1638,433341612937;809,3180827059388
427;387,78333333333336;797,088;754,7444354911669;1792,9774553137088;809,5252412144976
428;388,6666666666667;796,704;754,9184368875725;1746,0332846226568;809,7323997230563
429;389,55;797,592;755,0924382839781;1806,2127460539496;809,9395582316153
430;390,4333333333333;793,944;755,2664396803838;1495,953672277549;810,146716740174
431;391,31666666666666;797,9039999999999;755,4404410767894;1803,1538364249689;810,3538752487328
432;392,2;792,312;755,614442473195;1346,7107284331612;810,5610337572917
433;393,0833333333333;792,2159999999999;755,7884438696007;1326,9668456333873;810,7681922658505
434;393,9666666666666;789,0;755,9624452660062;1091,4800228016381;810,9753507744093
435;394,85;789,5039999999999;756,1364466624119;1113,3936157367796;811,1825092829682
436;395,73333333333335;790,464;756,3104480588174;1166,4651101990596;811,389667791527
437;396,6166666666667;789,7679999999999;756,4844494552231;1107,794736866716;811,5968263000859
438;397,5;792,6;756,6584508516287;1291,7949551847923;811,8039848086447
439;398,3833333333333;791,952;756,8324522480343;1233,3826343025978;812,0111433172035
440;399,26666666666665;793,152;757,00645364444;1306,500521341944;812,2183018257624
441;400,15;789,576;757,1804550408456;1049,4713332005972;812,4254603343212
442;401,03333333333336;795,9359999999999;757,3544564372512;1488,5355036842773;812,63261884288
443;401,9166666666667;789,168;757,5284578336568;1001,0606284958078;812,8397773514389
444;402,8;787,4159999999999;757,7024592300625;882,8945050867369;813,0469358599977
445;403,6833333333333;787,3679999999999;757,8764606264681;869,7508946205794;813,2540943685565
446;404,56666666666666;785,112;758,0504620228737;732,3268376874463;813,4612528771154
447;405,45;782,712;758,2244634192793;599,6394477921317;813,6684113856742
448;406,3333333333333;786,096;758,3984648156849;767,1534552863753;813,875569894233
449;407,2166666666666;790,1039999999999;758,5724662120905;994,2376230180746;814,0827284027919
450;408,1;788,3280000000001;758,7464676084961;875,0670586295986;814,2898869113507
451;408,98333333333335;793,3679999999999;758,9204690049017;1186,6323916582505;814,4970454199095
452;409,8666666666667;788,976;759,0944704013074;892,9058111575433;814,7042039284684
453;410,75;789,264;759,268471797713;899,731712134195;814,9113624370272
454;411,6333333333333;789,096;759,4424731941186;879,331652027125;815,1185209455859
455;412,51666666666665;789,096;759,6164745905243;869,0424183679258;815,3256794541448
456;413,4;787,32;759,7904759869299;757,8746923862064;815,5328379627036
457;414,28333333333336;786,408;759,9644773833355;699,2598883780466;815,7399964712624
458;415,1666666666667;788,112;760,1384787797411;782,5178894602703;815,9471549798213
459;416,05;784,128;760,3124801761467;567,1789844803533;816,1543134883801
460;416,9333333333333;784,824;760,4864815725523;592,3148032063546;816,3614719969389
461;417,81666666666666;782,448;760,6604829689579;474,6958983779477;816,5686305054978
462;418,7;785,568;760,8344843653636;611,7467956488049;816,7757890140566
463;419,5833333333333;782,256;761,0084857617692;451,45686130382023;816,9829475226154
464;420,4666666666666;784,6080000000001;761,1824871581748;548,7546519025199;817,1901060311743
465;421,35;783,6479999999999;761,3564885545804;496,9114825212674;817,3972645397331
466;422,23333333333335;780,9599999999999;761,5304899509861;377,50586074473046;817,604423048292
467;423,1166666666667;782,736;761,7044913473917;442,32435620473757;817,8115815568508
468;424,0;782,544;761,8784927437973;427,06319015616475;818,0187400654096
469;424,8833333333333;782,544;762,052494140203;419,901812402096;818,2258985739685
470;425,76666666666665;783,528;762,2264955366086;453,75409240388535;818,4330570825273
471;426,65;785,712;762,4004969330141;543,4261752420927;818,6402155910861
472;427,53333333333336;784,0559999999999;762,5744983294197;461,45491402313996;818,847374099645
473;428,4166666666667;786,696;762,7484997258254;573,482769381596;819,0545326082038
474;429,3;783,9359999999999;762,922501122231;441,5671350859964;819,2616911167626
475;430,1833333333333;780,3599999999999;763,0965025186366;298,02834528903657;819,4688496253215
476;431,06666666666666;779,592;763,2705039150422;266,391234451291;819,6760081338803
477;431,95;769,128;763,4445053114479;32,302111874800765;819,883166642439
478;432,8333333333333;737,1840000000001;763,6185067078535;698,7831448875472;820,090325150998
479;433,7166666666666;689,592;763,7925081042591;5505,715402930226;820,2974836595567
480;434,6;624,168;763,9665095006648;19543,62325860745;820,5046421681157
481;435,48333333333335;547,632;764,1405108970704;46875,935290866866;820,7118006766744
482;436,3666666666667;458,184;764,3145122934759;93715,89055706598;820,9189591852332
483;437,25;375,48;764,4885136898815;151327,62372321074;821,1261176937921
484;438,1333333333333;353,352;764,6625150862872;169176,33982054688;821,3332762023509
485;439,01666666666665;330,264;764,8365164826928;188853,27208210027;821,5404347109097
486;439,9;346,75199999999995;765,0105178790984;174940,18777842014;821,7475932194686
487;440,78333333333336;409,656;765,184519275504;126400,52801823245;821,9547517280274
488;441,6666666666667;502,752;765,3585206719097;68962,18469940612;822,1619102365862
489;442,55;561,888;765,5325220683153;41471,09136843254;822,3690687451451
490;443,4333333333333;650,304;765,7065234647209;13317,74242202547;822,5762272537039
491;444,31666666666666;710,664;765,8805248611266;3048,864617739409;822,7833857622627
492;445,2;742,3439999999999;766,0545262575322;562,1890554091264;822,9905442708216
493;446,0833333333333;766,968;766,2285276539378;0,5468193505906506;823,1977027793804
494;446,9666666666666;782,976;766,4025290503433;274,67993931911343;823,4048612879392
495;447,85;792,24;766,576530446749;658,6136695106435;823,6120197964981
496;448,73333333333335;795,6719999999999;766,7505318431546;836,4513203474179;823,8191783050569
497;449,6166666666667;806,6159999999999;766,9245332395602;1575,4125335950857;824,0263368136157
498;450,5;805,2239999999999;767,0985346359658;1453,5511092241627;824,2334953221746
499;451,3833333333333;804,552;767,2725360323715;1389,758433713715;824,4406538307334
500;452,26666666666665;806,1840000000001;767,4465374287771;1500,5910064569011;824,6478123392922
501;453,15;809,1840000000001;767,6205388251827;1727,521304830549;824,8549708478511
502;454,03333333333336;806,664;767,7945402215884;1510,834903465559;825,0621293564099
503;454,9166666666667;808,632;767,968541617994;1653,5168475851303;825,2692878649686
504;455,8;814,7280000000001;768,1425430143996;2170,2048025572294;825,4764463735276
505;456,6833333333333;811,7520000000001;768,3165444108051;1886,638802240925;825,6836048820863
506;457,56666666666666;814,0799999999999;768,4905458072108;2078,3983335964213;825,8907633906451
507;458,45;817,32;768,6645472036164;2367,3530868211183;826,097921899204
508;459,3333333333333;819,1919999999999;768,838548600022;2535,4700678899335;826,3050804077628
509;460,2166666666666;818,9039999999999;769,0125499964277;2489,1567834589478;826,5122389163216
510;461,1;821,3280000000001;769,1865513928333;2718,7306628538176;826,7193974248805
511;461,98333333333335;820,7520000000001;769,3605527892389;2641,0808464164506;826,9265559334393
512;462,8666666666667;821,448;769,5345541856445;2695,0058563200187;827,1337144419982
513;463,75;823,92;769,7085555820502;2938,8807058804596;827,340872950557
514;464,6333333333333;821,784;769,8825569784558;2693,7597877185985;827,5480314591158
515;465,51666666666665;822,744;770,0565583748614;2775,966505002388;827,7551899676747
516;466,4;825,12;770,230559771267;3012,8506486236474;827,9623484762335
517;467,28333333333336;826,44;770,4045611676727;3139,9704051315025;828,1695069847923
518;468,1666666666667;824,376;770,5785625640782;2894,164274671918;828,3766654933512
519;469,05;826,032;770,7525639604838;3055,816048846964;828,58382400191
520;469,9333333333333;824,808;770,9265653568895;2903,2089991997923;828,7909825104688
521;470,81666666666666;822,432;771,1005667532951;2634,9160391609244;828,9981410190277
522;471,7;820,68;771,2745681497007;2440,896696314562;829,2052995275865
523;472,5833333333333;819,0;771,4485695461063;2261,1385382114854;829,4124580361453
524;473,4666666666666;817,008;771,622570942512;2059,837170732282;829,6196165447042
525;474,35;816,4799999999999;771,7965723389176;1996,6087075431753;829,826775053263
526;475,23333333333335;818,208;771,9705737353232;2137,8995875814185;830,0339335618219
527;476,1166666666667;817,848;772,1445751317289;2088,803044689701;830,2410920703807
528;477,0;820,32;772,3185765281344;2304,1366553253774;830,4482505789395
529;477,8833333333333;820,776;772,49257792454;2331,2888473170133;830,6554090874984
530;478,76666666666665;825,984;772,6665793209456;2842,7473478672587;830,8625675960571
531;479,65;823,008;772,8405807173513;2516,7699574810804;831,0697261046159
532;480,53333333333336;823,512;773,0145821137569;2549,98921317786;831,2768846131748
533;481,4166666666667;825,1919999999999;773,1885835101625;2704,35532661549;831,4840431217336
534;482,3;825,576;773,3625849065681;2726,2407157190196;831,6912016302924
535;483,1833333333333;822,24;773,5365863029738;2372,022505743683;831,8983601388513
536;484,06666666666666;827,448;773,7105876993794;2887,7094807668877;832,1055186474101
537;484,95;828,7679999999999;773,884589095785;3012,1887924808934;832,3126771559689
538;485,8333333333333;828,552;774,0585904921907;2969,5316797858077;832,5198356645278
539;486,7166666666666;828,4799999999999;774,2325918885963;2942,7812868051788;832,7269941730866
540;487,6;828,744;774,4065932850019;2952,5537685111217;832,9341526816454
541;488,48333333333335;827,52;774,5805946814075;2802,580635486213;833,1413111902043
542;489,3666666666667;821,88;774,7545960778131;2220,8036948292715;833,3484696987631
543;490,25;818,304;774,9285974742187;1881,4255442735532;833,5556282073219
544;491,1333333333333;817,44;775,1025988706243;1792,4555343896657;833,7627867158808
545;492,01666666666665;818,592;775,27660026703;1876,2238540269807;833,9699452244396
546;492,9;817,1999999999999;775,4506016634356;1743,0122614651225;834,1771037329984
547;493,78333333333336;821,28;775,6246030598412;2084,4152697634586;834,3842622415573
548;494,6666666666667;822,168;775,7986044562468;2150,1208430930365;834,5914207501161
549;495,55;825,7679999999999;775,9726058526525;2479,5812782896846;834,7985792586749
550;496,4333333333333;825,0479999999999;776,146607249058;2391,346212981874;835,0057377672338
551;497,31666666666666;827,016;776,3206086454636;2570,0227045895995;835,2128962757926
552;498,2;825,72;776,4946100418692;2423,1390165300436;835,4200547843514
553;499,0833333333333;826,8;776,6686114382749;2513,156119126661;835,6272132929103
554;499,9666666666666;825,456;776,8426128346805;2363,261411685253;835,834371801469
555;500,85;821,976;777,0166142310861;2021,3463687180156;836,041530310028
556;501,73333333333335;818,712;777,1906156274918;1724,0253602095713;836,2486888185867
557;502,6166666666667;817,656;777,3646170238974;1623,395542126968;836,4558473271455
558;503,5;817,032;777,538618420303;1559,7271885995526;836,6630058357044
559;504,3833333333333;798,6;777,7126198167086;436,2826509213536;836,8701643442632
560;505,26666666666665;768,1919999999999;777,8866212131143;93,98568046576722;837,077322852822
561;506,15;715,992;778,0606226095199;3852,513912643009;837,2844813613809
562;507,03333333333336;643,8960000000001;778,2346240059255;18046,86589980541;837,4916398699397
563;507,9166666666667;558,648;778,4086254023312;48294,732477223704;837,6987983784985
564;508,8;473,73599999999993;778,5826267987368;92931,46587056834;837,9059568870574
565;509,6833333333333;386,208;778,7566281951423;154094,42549788803;838,1131153956162
566;510,56666666666666;338,28;778,9306295915479;194172,9773594276;838,320273904175
567;511,45;334,368;779,1046309879536;197790,67094251516;838,5274324127339
568;512,3333333333334;364,392;779,2786323843592;172130,9177312344;838,7345909212927
569;513,2166666666667;429,504;779,4526337807648;122464,04628502384;838,9417494298516
570;514,1;524,736;779,6266351771704;64969,235901021406;839,1489079384104
571;514,9833333333333;610,896;779,8006365735761;28528,776256051824;839,3560664469692
572;515,8666666666667;680,52;779,9746379699817;9891,22501374013;839,5632249555281
573;516,75;726,6479999999999;780,1486393663873;2862,3184126122433;839,7703834640869
574;517,6333333333333;756,72;780,322640762793;557,0846509774544;839,9775419726457
575;518,5166666666667;773,64;780,4966421591985;47,01354169929808;840,1847004812046
576;519,4;781,464;780,6706435556041;0,6294144478645904;840,3918589897634
577;520,2833333333333;786,552;780,8446449520097;32,57390164382025;840,5990174983222
578;521,1666666666666;790,3439999999999;781,0186463484154;86,96222072712182;840,8061760068811
579;522,05;792,6;781,192647744821;130,1276854737382;841,0133345154399
580;522,9333333333333;799,296;781,3666491412266;321,4616222169996;841,2204930239986
581;523,8166666666667;805,824;781,5406505376322;589,6810611114742;841,4276515325575
582;524,7;810,456;781,7146519340379;826,0650886487858;841,6348100411163
583;525,5833333333334;817,152;781,8886533304435;1243,5036183373243;841,8419685496751
584;526,4666666666667;823,8;782,0626547268491;1742,0059904502052;842,049127058234
585;527,35;826,968;782,2366561232548;2000,8931250196304;842,2562855667928
586;528,2333333333333;825,6239999999999;782,4106575196604;1867,392968323116;842,4634440753516
587;529,1166666666667;826,512;782,584658916066;1929,6112947042693;842,6706025839105
588;530,0;824,952;782,7586603124715;1780,2779139871645;842,8777610924693
589;530,8833333333333;827,064;782,9326617088772;1947,5750193655217;843,0849196010281
590;531,7666666666667;827,4;783,1066631052828;1961,8996932689147;843,292078109587
591;532,65;830,568;783,2806645016884;2236,0920985298767;843,4992366181458
592;533,5333333333333;831,9359999999999;783,454665898094;2350,4397563006214;843,7063951267046
593;534,4166666666666;832,968;783,6286672944997;2434,3697518240497;843,9135536352635
594;535,3;833,952;783,8026686909053;2514,955430749345;844,1207121438223
595;536,1833333333333;835,44;783,9766700873109;2648,474325702283;844,3278706523811
596;537,0666666666667;838,7280000000001;784,1506714837166;2978,6847879743323;844,53502916094
597;537,95;837,6719999999999;784,3246728801222;2845,9373108352406;844,7421876694988
598;538,8333333333334;838,1999999999999;784,4986742765278;2883,8323844584475;844,9493461780577
599;539,7166666666667;836,448;784,6726756729333;2680,6842091729386;845,1565046866165
600;540,6;833,664;784,846677069339;2383,131018116442;845,3636631951753
601;541,4833333333333;830,016;785,0206784657446;2024,578959971025;845,5708217037342
602;542,3666666666667;830,544;785,1946798621502;2056,5608369651854;845,777980212293
603;543,25;832,1039999999999;785,3686812585559;2184,1900178643737;845,9851387208518
604;544,1333333333333;829,7280000000001;785,5426826549615;1952,3422688817675;846,1922972294107
605;545,0166666666667;829,3679999999999;785,7166840513671;1905,4373840473668;846,3994557379694
606;545,9;826,32;785,8906854477727;1634,529475162939;846,6066142465282
607;546,7833333333333;825,1919999999999;786,0646868441784;1530,9466347937241;846,8137727550871
608;547,6666666666666;823,3679999999999;786,238688240584;1378,585791727903;847,0209312636459
609;548,55;824,9039999999999;786,4126896369896;1481,5809734615807;847,2280897722047
610;549,4333333333333;825,6;786,5866910333951;1522,0382765237728;847,4352482807636
611;550,3166666666667;830,208;786,7606924298009;1887,668535099479;847,6424067893224
612;551,2;832,776;786,9346938262064;2101,425351719483;847,8495652978813
613;552,0833333333334;835,44;787,108695222612;2335,915021484771;848,0567238064401
614;552,9666666666667;836,352;787,2826966190177;2407,796534294883;848,2638823149989
615;553,85;837,7679999999999;787,4566980154233;2531,2271073832644;848,4710408235578
616;554,7333333333333;839,544;787,6306994118289;2694,9907779578025;848,6781993321166
617;555,6166666666667;839,7599999999999;787,8047008082345;2699,3531141058515;848,8853578406754
618;556,5;841,032;787,9787022046402;2814,652406963136;849,0925163492343
619;557,3833333333333;842,664;788,1527036010458;2971,481435094636;849,2996748577931
620;558,2666666666667;845,0400000000001;788,3267049974514;3216,3978300461094;849,5068333663519
621;559,15;840,6719999999999;788,500706393857;2721,843876538374;849,7139918749108
622;560,0333333333333;837,024;788,6747077902626;2337,6540571825763;849,9211503834696
623;560,9166666666666;834,384;788,8487091866682;2073,4627094547004;850,1283088920284
624;561,8;834,264;789,0227105830738;2046,7742681060768;850,3354674005873
625;562,6833333333333;829,128;789,1967119794795;1594,5077629777707;850,5426259091461
626;563,5666666666667;830,808;789,3707133758851;1717,048722769052;850,7497844177049
627;564,45;834,888;789,5447147722907;2056,013515241402;850,9569429262638
628;565,3333333333334;833,3280000000001;789,7187161686963;1901,7696362792099;851,1641014348226
629;566,2166666666667;831,84;789,892717565102;1759,574503673107;851,3712599433813
630;567,1;835,152;790,0667189615076;2032,6825663198458;851,5784184519403
631;567,9833333333333;836,712;790,2407203579132;2159,579831573027;851,785576960499
632;568,8666666666667;836,16;790,4147217543189;2092,630481774785;851,9927354690578
633;569,75;839,304;790,5887231507245;2373,178198501556;852,1998939776167
634;570,6333333333333;835,68;790,76272454713;2017,5616341089928;852,4070524861755
635;571,5166666666667;834,864;790,9367259435356;1929,6054060317301;852,6142109947343
636;572,4;834,0479999999999;791,1107273399413;1843,609383484218;852,8213695032932
637;573,2833333333333;833,256;791,2847287363469;1761,5876114871508;853,028528011852
638;574,1666666666666;829,968;791,4587301327525;1482,9638657084915;853,2356865204108
639;575,05;831,9359999999999;791,6327315291581;1624,3534494327484;853,4428450289697
640;575,9333333333333;831,72;791,8067329255638;1593,0688885552768;853,6500035375285
641;576,8166666666667;825,888;791,9807343219694;1149,7026657605536;853,8571620460874
642;577,7;800,376;792,154735718375;67,58918638832203;854,0643205546462
643;578,5833333333334;756,72;792,3287371147807;1267,9821589095561;854,271479063205
644;579,4666666666667;689,712;792,5027385111863;10565,935923675079;854,4786375717639
645;580,35;594,216;792,6767399075918;39386,6652846688;854,6857960803227
646;581,2333333333333;486,9359999999999;792,8507413039974;93583,82894709172;854,8929545888815
647;582,1166666666667;390,144;793,0247427004031;162312,89283882838;855,1001130974404
648;583,0;314,856;793,1987440968087;228811,78083006502;855,3072716059992
649;583,8833333333333;262,344;793,3727454932143;281991,52854009694;855,514430114558
650;584,7666666666667;242,976;793,54674688962;303128,14733059396;855,7215886231169
651;585,65;276,456;793,7207482860256;267562,8198194054;855,9287471316757
652;586,5333333333333;329,352;793,8947496824312;215799,96628251395;856,1359056402345
653;587,4166666666666;402,072;794,0687510788368;153661,45285636358;856,3430641487934
654;588,3;495,792;794,2427524752425;89072,85165303847;856,5502226573522
655;589,1833333333333;588,816;794,4167538716481;42271,66999259001;856,7573811659109
656;590,0666666666667;657,0719999999999;794,5907552680537;18911,408050474885;856,9645396744698
657;590,95;714,264;794,7647566644594;6480,371823550496;857,1716981830286
658;591,8333333333334;753,5039999999999;794,9387580608649;1716,8391755624143;857,3788566915875
659;592,7166666666667;775,4159999999999;795,1127594572705;387,9623331175772;857,5860152001463
660;593,6;793,6080000000001;795,2867608536761;2,818238003835198;857,7931737087051
661;594,4833333333333;804,984;795,4607622500818;90,69205724146859;858,000332217264
662;595,3666666666667;815,136;795,6347636464874;380,2982193155607;858,2074907258228
663;596,25;820,3679999999999;795,808765042893;603,1560216783827;858,4146492343816
664;597,1333333333333;824,4719999999999;795,9827664392986;811,6364288761848;858,6218077429405
665;598,0166666666667;829,824;796,1567678357043;1133,4825216045858;858,8289662514993
666;598,9;827,28;796,3307692321099;957,8548851241135;859,0361247600581
667;599,7833333333333;826,968;796,5047706285154;928,0083437396786;859,243283268617
668;600,6666666666666;829,0799999999999;796,678772024921;1049,8395742930343;859,4504417771758
669;601,55;828,6719999999999;796,8527734213267;1012,4631800649454;859,6576002857346
670;602,4333333333333;829,2719999999999;797,0267748177323;1039,7545470551465;859,8647587942935
671;603,3166666666667;835,4879999999999;797,2007762141379;1465,9115052286777;860,0719173028523
672;604,2;839,088;797,3747776105436;1739,992922112247;860,2790758114111
673;605,0833333333334;841,464;797,5487790069492;1928,5466348684954;860,48623431997
674;605,9666666666667;842,976;797,7227804033548;2047,8538838621914;860,6933928285288
675;606,85;839,784;797,8967817997604;1754,539048554479;860,9005513370876
676;607,7333333333333;836,7599999999999;798,0707831961661;1496,8554968940557;861,1077098456465
677;608,6166666666667;838,4879999999999;798,2447845925717;1619,5163863286696;861,3148683542053
678;609,5;840,168;798,4187859889773;1742,9968705381718;861,522026862764
679;610,3833333333333;844,32;798,592787385383;2090,9779735023963;861,729185371323
680;611,2666666666667;851,256;798,7667887817885;2755,1172943100196;861,9363438798817
681;612,15;857,7599999999999;798,9407901781941;3459,6994440616127;862,1435023884405
682;613,0333333333333;861,6479999999999;799,1147915745997;3910,4021559745397;862,3506608969994
683;613,9166666666666;865,4159999999999;799,2887929710054;4372,80750945551;862,5578194055582
684;614,8;869,28;799,462794367411;4874,442202343214;862,764977914117
685;615,6833333333333;869,784;799,6367957638166;4920,630262152822;862,9721364226759
686;616,5666666666667;869,112;799,8107971602223;4802,656715040015;863,1792949312347
687;617,45;865,464;799,9847985566279;4287,525821661713;863,3864534397936
688;618,3333333333334;864,6719999999999;800,1587999530335;4161,952980299906;863,5936119483524
689;619,2166666666667;864,4799999999999;800,3328013494391;4114,863094714505;863,8007704569112
690;620,1;865,7280000000001;800,5068027458448;4253,804571265435;864,0079289654701
691;620,9833333333333;864,096;800,6808041422503;4021,4870656767575;864,2150874740289
692;621,8666666666667;867,6479999999999;800,8548055386559;4461,330826350915;864,4222459825877
693;622,75;868,32;801,0288069350615;4528,104664102829;864,6294044911466
694;623,6333333333333;868,776;801,2028083314672;4566,136232272269;864,8365629997054
695;624,5166666666667;868,992;801,3768097278728;4571,81395553596;865,0437215082642
696;625,4;872,832;801,5508111242784;5081,007887536292;865,2508800168231
697;626,2833333333333;874,44;801,724812520684;5287,498490152075;865,4580385253819
698;627,1666666666666;874,8;801,8988139170897;5314,58293229511;865,6651970339407
699;628,05;873,1919999999999;802,0728153134953;5057,9384304731475;865,8723555424996
700;628,9333333333333;872,3280000000001;802,2468167099009;4911,372251340472;866,0795140510584
701;629,8166666666667;872,208;802,4208181063066;4870,250756663448;866,2866725596173
702;630,7;873,4799999999999;802,5948195027122;5024,708814133058;866,4938310681761
703;631,5833333333334;872,064;802,7688208991178;4801,821846623333;866,7009895767349
704;632,4666666666667;874,8;802,9428222955235;5163,453987652714;866,9081480852938
705;633,35;878,6159999999999;803,116823691929;5700,125623197175;867,1153065938526
706;634,2333333333333;879,6239999999999;803,2908250883346;5826,75359209489;867,3224651024113
707;635,1166666666667;878,376;803,4648264847402;5611,683917433354;867,5296236109702
708;636,0;881,976;803,6388278811459;6136,7125355789785;867,736782119529
709;636,8833333333333;885,2159999999999;803,8128292775515;6626,476203668081;867,9439406280878
710;637,7666666666667;881,4719999999999;803,9868306739571;6003,951465485517;868,1510991366467
711;638,65;877,656;804,1608320703627;5401,539709005573;868,3582576452055
712;639,5333333333333;875,52;804,3348334667684;5067,327934363918;868,5654161537643
713;640,4166666666666;874,656;804,5088348631739;4920,624776733145;868,7725746623232
714;641,3;869,6159999999999;804,6828362595795;4216,315753340241;868,979733170882
715;642,1833333333333;871,824;804,8568376559851;4484,600832409635;869,1868916794408
716;643,0666666666667;874,2479999999999;805,0308390523908;4791,015369647231;869,3940501879997
717;643,95;875,544;805,2048404487964;4947,597366369674;869,6012086965585
718;644,8333333333334;878,568;805,378841845202;5356,652871408028;869,8083672051173
719;645,7166666666667;880,944;805,5528432416077;5683,82651736848;870,0155257136762
720;646,6;879,888;805,7268446380133;5499,876964624735;870,222684222235
721;647,4833333333333;879,9599999999999;805,9008460344189;5484,758286097633;870,4298427307938
722;648,3666666666667;880,2479999999999;806,0748474308245;5501,656562050169;870,6370012393527
723;649,25;876,432;806,2488488272302;4925,674708539865;870,8441597479115
724;650,1333333333333;873,9599999999999;806,4228502236358;4561,2665999150395;871,0513182564703
725;651,0166666666667;869,376;806,5968516200414;3941,2214713128515;871,2584767650292
726;651,9;849,0479999999999;806,7708530164471;1787,3571570689298;871,465635273588
727;652,7833333333333;799,5840000000001;806,9448544128526;54,18217768721039;871,6727937821468
728;653,6666666666666;735,552;807,1188558092582;5121,814850423152;871,8799522907057
729;654,55;661,176;807,2928572056638;21350,135959660343;872,0871107992645
730;655,4333333333333;568,248;807,4668586020695;57225,66231087688;872,2942693078232
731;656,3166666666667;480,072;807,6408599984751;107301,35804070058;872,5014278163821
732;657,2;421,08;807,8148613948807;149563,8530181176;872,7085863249409
733;658,0833333333334;354,48;807,9888627912864;205670,28863024578;872,9157448334998
734;658,9666666666667;298,248;808,162864187692;260013,16871955237;873,1229033420586
735;659,85;314,496;808,3368655840976;243878,80052085078;873,3300618506174
736;660,7333333333333;373,008;808,5108669805032;189662,74714823792;873,5372203591763
737;661,6166666666667;445,584;808,6848683769088;131842,24061606522;873,7443788677351
738;662,5;552,744;808,8588697733144;65594,82651900177;873,9515373762939
739;663,3833333333333;667,824;809,03287116972;19939,945297026596;874,1586958848528
740;664,2666666666667;737,736;809,2068725661256;5108,085625363372;874,3658543934116
741;665,15;781,848;809,3808739625313;758,0591486366346;874,5730129019704
742;666,0333333333333;813,9359999999999;809,5548753589369;19,194253120529616;874,7801714105293
743;666,9166666666666;835,3439999999999;809,7288767553425;656,1345388389884;874,9873299190881
744;667,8;850,536;809,9028781517482;1651,0505911348769;875,1944884276469
745;668,6833333333333;859,536;810,0768795481538;2446,204595870227;875,4016469362058
746;669,5666666666667;867,312;810,2508809445594;3255,9713078591662;875,6088054447646
747;670,45;872,424;810,424882340965;3843,890590498858;875,8159639533235
748;671,3333333333334;878,3280000000001;810,5988837373707;4587,233189716772;876,0231224618823
749;672,2166666666667;880,6080000000001;810,7728851337763;4876,943268378667;876,2302809704411
750;673,1;885,864;810,9468865301819;5612,573890649602;876,437439479
751;673,9833333333333;887,256;811,1208879265876;5796,555290431069;876,6445979875588
752;674,8666666666667;890,16;811,2948893229931;6219,705682096547;876,8517564961176
753;675,75;889,512;811,4688907193987;6090,726906183868;877,0589150046765
754;676,6333333333333;893,232;811,6428921158043;6656,782525338916;877,2660735132353
755;677,5166666666667;893,808;811,81689351221;6722,541543092125;877,473232021794
756;678,4;895,872;811,9908949086156;7036,039791351869;877,680390530353
757;679,2833333333333;897,864;812,1648963050212;7344,336374122732;877,8875490389117
758;680,1666666666666;898,8;812,3388977014268;7475,522210684324;878,0947075474705
759;681,05;901,872;812,5128990978324;7985,04891404377;878,3018660560294
760;681,9333333333333;903,072;812,686900494238;8169,466212666501;878,5090245645882
761;682,8166666666667;902,688;812,8609018906436;8068,907554747935;878,716183073147
762;683,7;900,528;813,0349032870492;7655,041972421757;878,9233415817059
763;684,5833333333334;899,4719999999999;813,2089046834549;7441,321613591326;879,1305000902647
764;685,4666666666667;894,144;813,3829060798605;6522,354291177594;879,3376585988235
765;686,35;893,376;813,5569074762661;6371,087531312384;879,5448171073824
766;687,2333333333333;893,64;813,7309088726718;6385,462844795647;879,7519756159412
767;688,1166666666667;891,72;813,9049102690774;6055,188189831541;879,9591341245
768;689,0;892,3919999999999;814,078911665483;6132,93980448985;880,1662926330589
769;689,8833333333333;888,456;814,2529130618886;5506,098111144914;880,3734511416177
770;690,7666666666667;883,8;814,4269144582943;4812,624997576813;880,5806096501765
771;691,65;877,536;814,6009158546999;3960,8248163759963;880,7877681587354
772;692,5333333333333;880,4159999999999;814,7749172511055;4308,751744447202;880,9949266672942
773;693,4166666666666;879,84;814,9489186475112;4210,852439095329;881,202085175853
774;694,3;884,496;815,1229200439167;4812,624222593126;881,4092436844119
775;695,1833333333333;889,872;815,2969214403223;5561,442342182093;881,6164021929707
776;696,0666666666667;895,4879999999999;815,4709228367279;6402,732637753026;881,8235607015296
777;696,95;895,5840000000001;815,6449242331336;6390,255834460822;882,0307192100884
778;697,8333333333334;898,296;815,8189256295392;6802,467796710531;882,2378777186473
779;698,7166666666667;901,68;815,9929270259448;7342,2744748610485;882,4450362272061
780;699,6;900,312;816,1669284223505;7080,393070807768;882,6521947357649
781;700,4833333333333;901,248;816,3409298187561;7209,210566762688;882,8593532443238
782;701,3666666666667;898,92;816,5149312151617;6790,595361433923;883,0665117528825
783;702,25;900,6479999999999;816,6889326115672;7049,124996735381;883,2736702614413
784;703,1333333333333;900,1919999999999;816,8629340079729;6943,733239103597;883,4808287700002
785;704,0166666666667;901,128;817,0369354043785;7071,3071448249975;883,687987278559
786;704,9;899,568;817,2109368007841;6782,685858799638;883,8951457871178
787;705,7833333333333;900,408;817,3849381971897;6892,828791113255;884,1023042956766
788;706,6666666666666;899,856;817,5589395935954;6772,806151535412;884,3094628042355
789;707,55;899,6159999999999;817,732940990001;6704,835352834958;884,5166213127943
790;708,4333333333333;902,4;817,9069423864066;7139,076784894005;884,7237798213531
791;709,3166666666667;904,536;818,0809437828123;7474,476745517084;884,930938329912
792;710,2;908,664;818,2549451792179;8173,797193587184;885,1380968384708
793;711,0833333333334;908,736;818,4289465756235;8155,363898193187;885,3452553470297
794;711,9666666666667;909,024;818,6029479720291;8175,966649845013;885,5524138555885
795;712,85;907,776;818,7769493684348;7920,831013319903;885,7595723641473
796;713,7333333333333;907,224;818,9509507648404;7792,131221272919;885,9667308727062
797;714,6166666666667;903,792;819,124952161246;7168,5089897298585;886,173889381265
798;715,5;902,784;819,2989535576515;6969,752979481077;886,3810478898238
799;716,3833333333333;903,528;819,4729549540572;7065,250597675481;886,5882063983827
800;717,2666666666667;900,12;819,6469563504628;6475,91075422032;886,7953649069415
801;718,15;900,168;819,8209577468684;6455,647198826511;887,0025234155003
802;719,0333333333333;902,568;819,9949591432741;6818,307076326529;887,2096819240592
803;719,9166666666666;904,632;820,1689605396797;7134,005034875618;887,416840432618
804;720,8;903,456;820,3429619360853;6907,777096213734;887,6239989411768
805;721,6833333333333;906,96;820,5169633324908;7472,398588300341;887,8311574497357
806;722,5666666666667;899,3280000000001;820,6909647288966;6183,783316228778;888,0383159582944
807;723,45;892,8960000000001;820,8649661253021;5188,4698410578885;888,2454744668532
808;724,3333333333334;880,848;821,0389675217077;3577,120365989416;888,4526329754121
809;725,2166666666667;873,408;821,2129689181133;2724,3212696391156;888,6597914839709
810;726,1;845,4;821,386970314519;576,6255946757918;888,8669499925297
811;726,9833333333333;807,456;821,5609717109246;198,9502269659829;889,0741085010886
812;727,8666666666667;748,992;821,7349731073302;5291,540136493775;889,2812670096474
813;728,75;672,0;821,9089745037359;22472,70063676173;889,4884255182062
814;729,6333333333333;568,032;822,0829759001415;64541,89835581425;889,6955840267651
815;730,5166666666667;472,416;822,2569772965471;122388,7093958032;889,9027425353239
816;731,4;388,632;822,4309786929527;188181,55391504886;890,1099010438827
817;732,2833333333333;311,424;822,6049800893584;261305,99440511703;890,3170595524416
818;733,1666666666666;273,456;822,778981485764;301755,737988409;890,5242180610004
819;734,05;264,16799999999995;822,9529828821696;312240,65709462675;890,7313765695592
820;734,9333333333333;297,528;823,1269842785752;276254,29227466986;890,9385350781181
821;735,8166666666667;366,84;823,3009856749809;208356,63144337514;891,145693586677
822;736,7;464,28;823,4749870713864;129021,03873721347;891,3528520952358
823;737,5833333333334;565,4879999999999;823,648988467792;66647,09596666749;891,5600106037946
824;738,4666666666667;669,384;823,8229898641977;23851,401590273745;891,7671691123535
825;739,35;749,136;823,9969912606033;5604,168012520127;891,9743276209123
826;740,2333333333333;804,4799999999999;824,1709926570089;387,7351918183831;892,1814861294711
827;741,1166666666667;842,424;824,3449940534146;326,85045601667116;892,38864463803
828;742,0;863,88;824,5189954498202;1549,288679199276;892,5958031465888
829;742,8833333333333;880,56;824,6929968462257;3121,122041383822;892,8029616551476
830;743,7666666666667;890,832;824,8669982426313;4351,381456849652;893,0101201637065
831;744,65;897,8159999999999;825,040999639037;5296,20067753816;893,2172786722653
832;745,5333333333333;899,52;825,2150010354426;5521,2328711228765;893,424437180824
833;746,4166666666666;904,944;825,3890024318482;6328,99763806863;893,631595689383
834;747,3;905,4;825,5630038282538;6373,945957727407;893,8387541979417
835;748,1833333333333;908,904;825,7370052246595;6916,749019961519;894,0459127065005
836;749,0666666666667;908,616;825,9110066210651;6840,115929809664;894,2530712150594
837;749,95;912,816;826,0850080174707;7522,2649702735625;894,4602297236182
838;750,8333333333334;913,824;826,2590094138764;7667,627576347914;894,667388232177
839;751,7166666666667;915,552;826,433010810282;7942,19423419708;894,8745467407359
840;752,6;917,568;826,6070122066876;8273,901300335121;895,0817052492947
841;753,4833333333333;919,344;826,7810136030932;8567,906450713956;895,2888637578535
842;754,3666666666667;924,48;826,9550149994989;9511,122699347974;895,4960222664124
843;755,25;918,528;827,1290163959045;8353,774203861722;895,7031807749712
844;756,1333333333333;919,392;827,30301779231;8480,380644048253;895,91033928353
845;757,0166666666667;915,432;827,4770191887156;7736,0786495134025;896,1174977920889
846;757,9;914,04;827,6510205851213;7463,055764344334;896,3246563006477
847;758,7833333333333;909,36;827,8250219815269;6647,952640472893;896,5318148092065
848;759,6666666666666;912,168;827,9990233779325;7084,416625606142;896,7389733177654
849;760,55;910,152;828,1730247743382;6720,5523790496845;896,9461318263242
850;761,4333333333333;912,48;828,3470261707438;7078,357285354314;897,153290334883
851;762,3166666666667;910,848;828,5210275671494;6777,730389959333;897,3604488434419
852;763,2;912,528;828,695028963555;7027,967032797422;897,5676073520007
853;764,0833333333334;918,36;828,8690303599607;8008,633647114442;897,7747658605595
854;764,9666666666667;918,552;829,0430317563662;8011,855396039849;897,9819243691184
855;765,85;918,12;829,2170331527718;7903,737514239354;898,1890828776772
856;766,7333333333333;918,912;829,3910345491774;8014,003255247371;898,3962413862359
857;767,6166666666667;919,464;829,5650359455831;8081,823738057356;898,6033998947948
858;768,5;911,952;829,7390373419887;6758,9712290075595;898,8105584033536
859;769,3833333333333;911,784;829,9130387383943;6702,854297899335;899,0177169119124
860;770,2666666666667;910,56;830,0870401348;6475,897269466087;899,2248754204713
861;771,15;909,72;830,2610415312056;6313,726080945599;899,4320339290301
862;772,0333333333333;910,92;830,4350429276112;6477,828314944258;899,6391924375889
863;772,9166666666666;914,424;830,6090443240168;7024,946794967016;899,8463509461478
864;773,8;920,376;830,7830457204225;8026,897456542464;900,0535094547066
865;774,6833333333333;922,032;830,9570471168281;8294,647042671988;900,2606679632654
866;775,5666666666667;928,8719999999998;831,1310485132337;9553,293597538366;900,4678264718243
867;776,45;928,08;831,3050499096394;9365,3909649918;900,6749849803832
868;777,3333333333334;924,48;831,4790513060449;8649,176457975676;900,882143488942
869;778,2166666666667;911,352;831,6530527024505;6351,922200337567;901,0893019975008
870;779,1;903,504;831,8270540988561;5137,584573715507;901,2964605060597
871;779,9833333333333;887,232;832,0010554952618;3050,4572308854713;901,5036190146185
872;780,8666666666667;881,16;832,1750568916674;2399,524651326579;901,7107775231773
873;781,75;883,944;832,349058288073;2662,038010257138;901,9179360317362
874;782,6333333333333;894,888;832,5230596844787;3889,385780558544;902,125094540295
875;783,5166666666667;902,304;832,6970610808843;4845,125945689503;902,3322530488538
876;784,4;915,576;832,8710624772898;6840,106690635402;902,5394115574127
877;785,2833333333333;923,256;833,0450638736954;8138,012996784199;902,7465700659715
878;786,1666666666666;928,512;833,219065270101;9080,743409436769;902,9537285745303
879;787,05;928,992;833,3930666665067;9139,156054501693;903,1608870830892
880;787,9333333333333;932,496;833,5670680629123;9786,933574212924;903,368045591648
881;788,8166666666667;931,488;833,7410694593179;9554,462430124933;903,5752041002067
882;789,7;930,768;833,9150708557236;9380,489883826236;903,7823626087657
883;790,5833333333334;924,024;834,0890722521292;8088,2912290147415;903,9895211173244
884;791,4666666666667;921,408;834,2630736485348;7594,238188802292;904,1966796258832
885;792,35;922,704;834,4370750449405;7791,050041022105;904,4038381344421
886;793,2333333333333;923,112;834,6110764413461;7832,4134707346975;904,6109966430009
887;794,1166666666667;925,824;834,7850778377517;8288,085348463894;904,8181551515597
888;795,0;927,36;834,9590792341573;8537,930158375535;905,0253136601186
889;795,8833333333333;930,6;835,133080630563;9113,932693890594;905,2324721686774
890;796,7666666666667;922,68;835,3070820269685;7634,026795122084;905,4396306772362
891;797,65;920,808;835,4810834233741;7280,682692474472;905,6467891857951
892;798,5333333333333;913,824;835,6550848197797;6110,379300452461;905,8539476943539
893;799,4166666666666;895,032;835,8290862161854;3504,9850004937925;906,0611062029127
894;800,3;853,4159999999999;836,003087612591;303,20951781157964;906,2682647114716
895;801,1833333333333;798,528;836,1770890089966;1417,4539032073494;906,4754232200304
896;802,0666666666667;722,016;836,3510904054023;13072,512898011517;906,6825817285892
897;802,95;638,136;836,5250918018079;39358,23174594617;906,8897402371481
898;803,8333333333334;540,7679999999999;836,6990931982135;87575,21192148978;907,0968987457069
899;804,7166666666667;455,52;836,8730945946191;145430,18275689255;907,3040572542657
900;805,6;383,28;837,0470959910247;205904,5774041278;907,5112157628246
901;806,4833333333333;342,048;837,2210973874303;245196,39637626152;907,7183742713834
