;L, μμ;hn58,naco3,53,800;Result;fail;Predict
0;13,25;431,184;452,56647727846;457,2103345638576;450,5083012477945
1;14,133333333333333;375,024;452,81918686279766;6052,091099017606;450,8061662511099
2;15,016666666666667;377,088;453,0718964471353;5773,55251928898;451,1040312544253
3;15,9;382,488;453,32460603147297;5017,824754058112;451,4018962577407
4;16,783333333333335;387,48;453,57731561581056;4368,855131616072;451,6997612610561
5;17,666666666666668;385,176;453,8300252001482;4713,375176182588;451,9976262643715
6;18,55;387,048;454,08273478448587;4493,655667626359;452,2954912676869
7;19,433333333333334;388,272;454,3354443688235;4364,37868187264;452,5933562710023
8;20,316666666666663;387,648;454,5881539531611;4480,9842112729075;452,8912212743177
9;21,2;384,888;454,84086353749876;4893,403117095927;453,18908627763307
10;22,08333333333333;388,368;455,0935731218364;4452,302108437539;453,48695128094846
11;22,966666666666665;391,464;455,34628270617407;4080,9460437515463;453,78481628426385
12;23,85;396,456;455,59899229051166;3497,89353707552;454,08268128757925
13;24,73333333333333;398,328;455,8517018748493;3308,976277386545;454,38054629089464
14;25,616666666666667;398,856;456,10441145918696;3277,38061460037;454,67841129421004
15;26,5;401,28;456,3571210435246;3033,489262443065;454,97627629752543
16;27,383333333333333;400,824;456,60983062786227;3112,0588988405343;455,2741413008408
17;28,266666666666666;398,184;456,86254021219986;3443,171081434753;455,5720063041562
18;29,15;397,152;457,1152497965375;3595,5913261619576;455,8698713074716
19;30,03333333333333;403,128;457,36795938087516;2941,973193638989;456,167736310787
20;30,916666666666668;402,672;457,6206689652128;3019,3562210485393;456,4656013141024
21;31,8;402,864;457,8733785495504;3026,031728407739;456,7634663174178
22;32,68333333333333;405,792;458,12608813388806;2738,856780805566;457,0613313207332
23;33,56666666666667;407,73599999999993;458,3787977182257;2564,692960729134;457,35919632404864
24;34,45;406,752;458,63150730256336;2691,4832779567246;457,65706132736403
25;35,333333333333336;405,216;458,88421688690096;2880,2775038194404;457,9549263306794
26;36,21666666666667;407,256;459,1369264712386;2691,63053151407;458,2527913339948
27;37,1;408,24;459,38963605557626;2616,2852686179062;458,5506563373102
28;37,98333333333333;410,376;459,6423456399139;2427,172812711467;458,8485213406256
29;38,86666666666667;406,728;459,8950552242515;2826,735761218609;459,146386343941
30;39,75;409,224;460,14776480858916;2593,229822280505;459,4442513472564
31;40,63333333333333;411,048;460,4004743929268;2435,6667287044966;459,7421163505718
32;41,516666666666666;412,296;460,65318397726446;2338,4172422110037;460,0399813538872
33;42,4;412,152;460,90589356160206;2376,942137416024;460,3378463572026
34;43,28333333333333;419,352;461,1586031459397;1747,792066602098;460,635711360518
35;44,16666666666666;421,44;461,41131273027736;1597,705841381633;460,93357636383337
36;45,05;421,656;461,664022314615;1600,6418495267321;461,23144136714876
37;45,93333333333333;419,472;461,9167318989526;1801,5552659739665;461,52930637046416
38;46,81666666666667;418,896;462,16944148329026;1872,5907378077447;461,82717137377955
39;47,7;418,944;462,4221510676279;1890,3496202594724;462,12503637709494
40;48,583333333333336;418,944;462,67486065196556;1912,388173361628;462,42290138041034
41;49,46666666666667;420,264;462,9275702363032;1820,1802253079763;462,72076638372573
42;50,35;423,168;463,1802798206408;1600,9825364452588;463,0186313870411
43;51,23333333333333;426,504;463,43298940497846;1363,7502584730098;463,3164963903565
44;52,11666666666667;426,912;463,6856989893161;1352,3049373568301;463,6143613936719
45;53,0;426,552;463,93840857365376;1397,7435460361698;463,9122263969873
46;53,88333333333333;427,872;464,19111815799135;1319,0783437741363;464,21009140030276
47;54,766666666666666;417,096;464,443827742329;2241,8167919172597;464,5079564036181
48;55,65;396,624;464,69653732666666;4633,870338090423;464,80582140693355
49;56,53333333333333;366,216;464,9492469110043;9748,25404558934;465,10368641024894
50;57,41666666666666;336,984;465,2019564953419;16439,844367841393;465,40155141356433
51;58,3;304,08;465,45466607967955;26041,782852328084;465,6994164168797
52;59,18333333333333;292,536;465,7073756640172;29988,32534936817;465,9972814201951
53;60,06666666666667;305,52;465,96008524835486;25741,02095449938;466,2951464235105
54;60,95;333,552;466,21279483269245;17598,886485641717;466,5930114268259
55;61,833333333333336;365,784;466,4655044170301;10136,765331676454;466,8908764301413
56;62,71666666666667;394,848;466,71821400136776;5165,327660602396;467,1887414334567
57;63,6;415,968;466,9709235857054;2601,298214289303;467,4866064367721
58;64,48333333333333;422,256;467,223633170043;2022,088032915554;467,7844714400875
59;65,36666666666666;424,704;467,47634275438065;1829,4733046982185;468,0823364434029
60;66,25;422,088;467,7290523387183;2083,1056585856218;468,3802014467183
61;67,13333333333334;424,008;467,98176192305596;1933,6917376656074;468,67806645003367
62;68,01666666666667;425,832;468,23447150739355;1797,9695899353223;468,97593145334906
63;68,9;427,224;468,4871810917312;1702,6501138090043;469,27379645666446
64;69,78333333333333;425,904;468,73989067606885;1834,913530012123;469,57166145997985
65;73,31666666666666;427,464;469,7507290134194;1788,1674506543663;470,7631214732414
66;74,2;428,376;470,00343859775705;1732,8436442100358;471,0609864765568
67;75,08333333333333;428,04;470,25614818209465;1782,2031673325716;471,3588514798722
68;75,96666666666667;427,848;470,5088577664323;1819,948785367766;471,65671648318767
69;76,85;429,84;470,76156735076995;1674,5746744436033;471,954581486503
70;77,73333333333333;429,408;471,0142769351076;1731,0822804008656;472,25244648981845
71;78,61666666666666;429,12;471,26698651944525;1776,3684726702995;472,55031149313385
72;79,5;428,832;471,51969610378285;1822,239398648918;472,84817649644924
73;80,38333333333334;427,464;471,7724056881205;1963,2348146230693;473,14604149976464
74;81,26666666666667;427,032;472,02511527245815;2024,3804219207086;473,44390650308003
75;82,15;426,408;472,2778248567958;2104,0408323931206;473,7417715063954
76;83,03333333333333;423,432;472,5305344411334;2410,666084267161;474,0396365097108
77;83,91666666666667;423,288;472,78324402547105;2449,7791811409265;474,3375015130262
78;84,8;422,4;473,0359536098087;2563,999797974701;474,6353665163416
79;85,68333333333334;422,328;473,28866319414635;2596,9891931872253;474,933231519657
80;86,56666666666666;422,592;473,54137277848395;2595,8385865209225;475,2310965229724
81;87,45;423,984;473,7940823628216;2481,044304991073;475,5289615262878
82;88,33333333333333;427,512;474,04679194715925;2165,4868615653972;475,8268265296032
83;89,21666666666667;428,73599999999993;474,2995015314969;2076,0326718107267;476,1246915329186
84;90,1;432,36;474,5522111158345;1780,1826788431467;476,42255653623397
85;90,98333333333332;436,368;474,80492070017215;1477,3968729113226;476,72042153954936
86;91,86666666666666;441,504;475,0576302845098;1125,8461052695718;477,01828654286476
87;92,75;440,928;475,31033986884745;1182,145294856937;477,31615154618015
88;93,63333333333334;442,32;475,56304945318504;1105,100336946907;477,61401654949555
89;94,51666666666668;438,888;475,8157590375227;1363,6593875333408;477,91188155281094
90;95,4;436,512;476,06846862186035;1564,7142098322222;478,20974655612633
91;96,28333333333332;436,704;476,321178206198;1569,520809021649;478,5076115594417
92;97,16666666666669;437,784;476,57388779053565;1504,6553948023472;478,8054765627572
93;98,05;443,352;476,82659737487324;1120,5486694098724;479,1033415660726
94;98,93333333333334;445,176;477,0793069592109;1017,8209949336352;479,40120656938797
95;99,81666666666666;446,4;477,33201654354855;956,7896474503625;479,69907157270336
96;100,7;445,968;477,5847261278862;999,6173710457607;479,99693657601875
97;101,58333333333331;444,672;477,8374357122238;1099,9461259816478;480,29480157933415
98;102,46666666666668;442,632;478,09014529656145;1257,280067872062;480,59266658264954
99;103,35;445,368;478,3428548808991;1087,3410544163553;480,89053158596494
100;104,23333333333332;449,976;478,59556446523675;819,079470179842;481,18839658928033
101;105,11666666666666;453,096;478,84827404957434;663,1796187243799;481,4862615925957
102;106,0;454,704;479,100983633912;595,2128104333693;481,7841265959111
103;106,88333333333334;457,32;479,35369321824965;485,48363683594073;482,0819915992265
104;107,76666666666668;459,6;479,6064028025873;400,25615309937194;482,3798566025419
105;108,65;461,76;479,8591123869249;327,5778691945384;482,6777216058573
106;109,53333333333332;463,056;480,11182197126254;290,9010631154027;482,9755866091727
107;110,41666666666669;467,808;480,3645315556002;157,66648470678362;483,2734516124881
108;111,3;471,672;480,61724113993785;80,01733905163609;483,5713166158035
109;112,18333333333334;456,192;480,86995072427544;609,0012519497664;483,8691816191189
110;113,06666666666666;423,072;481,1226603086131;3369,8791622659874;484,16704662243427
111;113,95;407,73599999999993;481,37536989295074;5422,75679823083;484,46491162574966
112;114,83333333333331;437,184;481,6280794772884;1975,2762005835252;484,76277662906506
113;115,71666666666668;409,776;481,88078906162605;5199,100605621586;485,06064163238045
114;116,6;420,72;482,13349864596364;3771,6178159377746;485,35850663569585
115;117,48333333333332;453,216;482,3862082303013;850,9010481991368;485,65637163901124
116;118,36666666666666;467,76;482,63891781463894;221,3821953347804;485,95423664232663
117;119,25;434,232;482,89162739897654;2367,7593386072253;486,252101645642
118;120,13333333333334;460,152;483,1443369833142;528,6475599542781;486,5499666489575
119;121,01666666666668;465,864;483,39704656765184;307,40772194344885;486,8478316522729
120;121,9;467,808;483,6497561519895;250,96123797909718;487,14569665558827
121;122,78333333333332;464,376;483,9024657363271;381,2828641519567;487,44356165890366
122;123,66666666666669;471,624;484,15517532066474;157,03035491723642;487,74142666221906
123;124,55;471,912;484,4078849050024;156,14713955906717;488,03929166553445
124;125,43333333333334;470,592;484,66059448934004;197,92535090548944;488,33715666884984
125;126,31666666666666;464,208;484,91330407367764;428,7096167834506;488,63502167216524
126;127,2;472,896;485,1660136580153;150,55323516788135;488,93288667548063
127;128,08333333333334;465,216;485,41872324235294;408,15002640710736;489,230751678796
128;128,96666666666667;465,6;485,6714328266906;402,86241571635173;489,5286166821114
129;129,85;465,624;485,92414241102824;412,0957819080266;489,8264816854268
130;130,73333333333332;469,872;486,17685199536584;265,8481985907849;490,1243466887422
131;131,61666666666667;466,392;486,4295615797035;401,50387406040954;490,4222116920576
132;132,5;471,6;486,68227116404114;227,4749034656662;490,720076695373
133;133,38333333333333;473,16;486,9349807483788;189,75009461820562;491,0179416986884
134;134,26666666666668;475,416;487,18769033271644;138,57269328936982;491,3158067020038
135;135,15;476,232;487,44039991705404;125,62822870061633;491,6136717053192
136;136,03333333333333;482,352;487,6931095013917;28,527450705856836;491,91153670863457
137;136,91666666666666;483,456;487,94581908572934;20,158475422579293;492,20940171194997
138;137,8;483,888;488,19852867006693;18,58065741546922;492,50726671526536
139;138,68333333333334;486,816;488,4512382544046;2,6740041486682435;492,80513171858075
140;139,56666666666666;491,064;488,70394783874224;5,569846203857535;493,10299672189615
141;140,45;486,9359999999999;488,9566574230799;4,083056421448174;493,40086172521154
142;141,33333333333334;490,392;489,20936700741754;1,3986207951445337;493,698726728527
143;142,21666666666667;490,632;489,46207659175514;1,368720781159292;493,9965917318424
144;143,1;495,768;489,7147861760928;36,64139759794105;494,2944567351578
145;143,98333333333332;497,712;489,96749576043044;59,977345916710746;494,5923217384732
146;144,86666666666667;504,192;490,22020534476803;195,21104588796877;494,89018674178857
147;145,75;506,376;490,4729149291057;252,9081147721009;495,18805174510396
148;146,63333333333333;512,448;490,72562451344334;471,861596778957;495,48591674841936
149;147,51666666666668;513,888;490,978334097781;524,852791751298;495,78378175173475
150;148,4;512,904;491,23104368211864;469,71703555679346;496,08164675505014
151;149,28333333333333;516,288;491,48375326645623;615,2506560185171;496,37951175836554
152;150,16666666666666;518,76;491,7364628507939;730,2715600545225;496,67737676168093
153;151,05;520,68;491,98917243513154;823,1635863570132;496,9752417649963
154;151,93333333333334;524,232;492,2418820194692;1023,3676484082789;497,2731067683117
155;152,81666666666666;532,608;492,4945916038068;1609,0855331597804;497,5709717716271
156;153,7;533,112;492,74730118814443;1629,3089101718115;497,8688367749425
157;154,58333333333334;530,568;493,0000107724821;1411,353814598901;498,1667017782579
158;155,46666666666667;528,9119999999999;493,25272035681974;1271,5842246705247;498,4645667815733
159;156,35;527,784;493,50542994115733;1175,0203652789846;498,7624317848887
160;157,23333333333332;529,584;493,758139525495;1283,492278738697;499,0602967882041
161;158,11666666666667;528,648;494,01084910983263;1199,7322217882236;499,3581617915195
162;159,0;533,112;494,2635586941703;1509,2013918924938;499,6560267948349
163;159,88333333333333;538,248;494,5162682785079;1912,4643593605642;499,95389179815027
164;160,76666666666668;544,728;494,76897786284553;2495,9038929006856;500,2517568014657
165;161,65;548,88;495,0216874471832;2900,717831036905;500,54962180478105
166;162,53333333333333;554,904;495,27439703152083;3555,689550178459;500,8474868080965
167;163,41666666666666;560,832;495,52710661585843;4264,729099914097;501,14535181141184
168;164,3;566,448;495,7798162001961;4993,992201562866;501,4432168147273
169;165,18333333333334;565,656;496,03252578453373;4847,428161831689;501,7410818180427
170;166,06666666666666;564,576;496,2852353688714;4663,628533904211;502,0389468213581
171;166,95;568,584;496,537944953209;5190,634047805234;502,3368118246735
172;167,83333333333334;534,096;496,79065453754663;1391,6888000729905;502,63467682798887
173;168,71666666666667;502,176;497,0433641218843;26,343951057320595;502,93254183130426
174;169,6;523,248;497,29607370622193;673,5024783576919;503,23040683461966
175;170,48333333333332;510,768;497,5487832905595;174,74769041114948;503,52827183793505
176;171,36666666666667;474,432;497,8014928748972;546,1331972298692;503,82613684125045
177;172,25;488,712;498,05420245923483;87,2767467893335;504,12400184456584
178;173,13333333333333;505,488;498,3069120435725;51,56802423794835;504,42186684788123
179;174,01666666666668;469,848;498,55962162791013;824,3572165042762;504,7197318511966
180;174,9;463,584;498,8123312122477;1241,0353199998272;505,017596854512
181;175,78333333333333;481,968;499,0650407965854;292,3088040001042;505,3154618578274
182;176,66666666666666;491,4;499,31775038092303;62,69077109460715;505,6133268611428
183;177,55;492,792;499,5704599652607;45,94751950064221;505,9111918644582
184;178,43333333333334;491,424;499,8231695495983;70,54604912289928;506,2090568677736
185;179,31666666666666;495,312;500,0758791339359;22,69454440275001;506,506921871089
186;180,2;503,544;500,3285887182736;10,338869710653434;506,8047868744044
187;181,0833333333333;502,488;500,5812983026112;3,6355113628254294;507,1026518777198
188;181,96666666666667;500,76;500,8340078869488;0,00547716733063144;507,4005168810352
189;182,85;509,976;501,0867174712865;79,01934387529147;507,69838188435057
190;183,7333333333333;514,8;501,3394270556241;181,1870239908625;507,99624688766596
191;184,61666666666667;511,392;501,5921366399618;96,03732187541952;508,2941118909814
192;185,5;508,944;501,8448462242994;50,39798433104469;508,5919768942968
193;186,38333333333333;514,632;502,097555808637;157,1122911863917;508,8898418976122
194;187,26666666666668;512,64;502,3502653929747;105,8786382830143;509,1877069009276
195;188,15;508,176;502,60297497731233;31,058607903502786;509,485571904243
196;189,03333333333333;505,272;502,8556845616499;5,838580297608883;509,7834369075584
197;189,91666666666663;510,648;503,1083941459876;56,84565643385881;510,0813019108738
198;190,8;509,16;503,3611037303252;33,6271979464483;510,37916691418917
199;191,6833333333333;508,296;503,6138133146629;21,92287215634816;510,67703191750456
200;192,56666666666663;513,96;503,8665228990005;101,87827998840257;510,97489692081996
201;193,45;516,672;504,1192324833381;157,5719723273622;511,27276192413535
202;194,3333333333333;519,744;504,3719420676758;236,300165074733;511,57062692745075
203;195,21666666666667;518,232;504,6246516520134;185,15992906345215;511,86849193076614
204;196,1;520,656;504,877361236351;248,96544123372456;512,1663569340815
205;196,9833333333333;521,832;505,1300708206887;278,95443831073095;512,4642219373969
206;197,86666666666667;525,096;505,3827804050263;388,61102679965427;512,7620869407124
207;198,75;524,136;505,635489989364;342,2688706536425;513,0599519440277
208;199,63333333333333;522,144;505,8881995737016;264,25104749964254;513,3578169473432
209;200,51666666666668;526,032;506,1409091580392;395,6554948831375;513,6556819506585
210;201,4;530,616;506,3936187423769;586,7237537896515;513,953546953974
211;202,28333333333333;532,2239999999999;506,6463283267145;654,2172882263868;514,2514119572893
212;203,16666666666663;535,656;506,8990379110521;826,9628685851827;514,5492769606047
213;204,05;546,024;507,15174749538977;1511,0520147821762;514,8471419639201
214;204,9333333333333;546,864;507,4044570797274;1557,0555274768362;515,1450069672355
215;205,81666666666663;549,072;507,6571666640651;1715,188420243267;515,4428719705509
216;210,2333333333333;554,16;508,9207145857532;2046,5929447916787;516,9321969871279
217;211,11666666666667;558,9359999999999;509,1734241700909;2476,313953227443;517,2300619904432
218;212,0;560,304;509,4261337544285;2588,557273702259;517,5279269937587
219;212,88333333333333;564,4079999999999;509,67884333876617;2995,280588849864;517,825791997074
220;213,76666666666668;567,096;509,9315529231038;3267,7740096072644;518,1236570003895
221;214,65;568,872;510,1842625074414;3444,250531995461;518,4215220037049
222;215,53333333333333;571,3439999999999;510,43697209177907;3709,6660486127957;518,7193870070203
223;216,41666666666663;571,3439999999999;510,6896816761167;3678,946331334955;519,0172520103356
224;217,3;575,28;510,9423912604544;4139,327898322855;519,315117013651
225;218,1833333333333;577,1279999999999;511,19510084479197;4347,147191010823;519,6129820169665
226;219,06666666666663;581,568;511,4478104291296;4916,840985454797;519,9108470202818
227;219,95;581,976;511,70052001346727;4938,643087337562;520,2087120235972
228;220,8333333333333;585,648;511,9532295978049;5430,919184632252;520,5065770269126
229;221,71666666666667;584,328;512,2059391821425;5201,59165661473;520,8044420302281
230;222,6;581,688;512,4586487664802;4792,703072214044;521,1023070335434
231;223,4833333333333;548,928;512,7113583508178;1311,6451323452773;521,4001720368587
232;224,36666666666667;497,832;512,9640679351554;228,9794799941588;521,6980370401742
233;225,25;464,73599999999993;513,2167775194931;2350,385788894596;521,9959020434897
234;226,13333333333333;417,936;513,4694871038307;9126,647158217793;522,293767046805
235;227,01666666666668;390,0;513,7221966881684;15307,181953345833;522,5916320501204
236;227,9;386,04;513,974906272506;16367,340242954895;522,8894970534358
237;228,78333333333333;411,576;514,2276158568436;10537,354238020982;523,1873620567512
238;229,66666666666663;431,688;514,4803254411813;6854,569151958482;523,4852270600666
239;230,55;466,776;514,7330350255189;2299,877208438847;523,783092063382
240;231,4333333333333;487,368;514,9857446098565;762,7398173352586;524,0809570666974
241;232,31666666666663;512,304;515,2384541941942;8,611021417824197;524,3788220700128
242;233,2;527,64;515,4911637785318;147,59422153605706;524,6766870733281
243;234,0833333333333;531,168;515,7438733628694;237,90368251824165;524,9745520766436
244;234,96666666666667;533,232;515,9965829472071;297,05960098370275;525,2724170799589
245;235,85;529,608;516,2492925315447;178,4550652277617;525,5702820832744
246;236,7333333333333;529,392;516,5020021158824;166,15204545255708;525,8681470865897
247;237,61666666666667;524,904;516,75471170022;66,41089979293092;526,1660120899052
248;238,5;524,76;517,0074212845577;60,1024767391285;526,4638770932206
249;239,38333333333333;522,6239999999999;517,2601308688953;28,771092055616744;526,761742096536
250;240,26666666666668;526,2239999999999;517,5128404532329;75,88430064923021;527,0596070998514
251;241,15;527,76;517,7655500375706;99,88903005150446;527,3574721031667
252;242,03333333333333;533,208;518,0182596219082;230,7282127538311;527,6553371064822
253;242,91666666666663;532,8;518,2709692062458;211,09273580585622;527,9532021097975
254;243,8;531,5519999999999;518,5236787905835;169,73715353572894;528,251067113113
255;244,6833333333333;530,016;518,7763883749211;126,32886948260764;528,5489321164283
256;245,56666666666663;529,8;519,0290979592587;116,01233077124398;528,8467971197438
257;246,45;525,6959999999999;519,2818075435964;41,14186486778354;529,1446621230591
258;247,3333333333333;522,864;519,534517127934;11,085456195381017;529,4425271263746
259;248,21666666666667;523,2239999999999;519,7872267122717;11,811410631242206;529,7403921296899
260;249,1;524,16;520,0399362966093;16,97492491999713;530,0382571330053
261;249,9833333333333;518,448;520,2926458809469;3,402718426094467;530,3361221363207
262;250,86666666666667;521,184;520,5453554652846;0,407866841721791;530,6339871396361
263;251,75;527,952;520,7980650496222;51,17878527423685;530,9318521429515
264;252,63333333333333;530,184;521,0507746339599;83,41580558687743;531,2297171462669
265;253,51666666666668;528,456;521,3034842182975;51,158482007503395;531,5275821495823
266;254,4;524,52;521,5561938026351;8,784147175538438;531,8254471528977
267;255,28333333333333;523,944;521,8089033869728;4,558637546959984;532,123312156213
268;256,1666666666667;517,872;522,0616129713104;17,5528568493728;532,4211771595285
269;257,05;516,9119999999999;522,314322555648;29,185088995264042;532,7190421628438
270;257,93333333333334;518,472;522,5670321399857;16,76928822751613;533,0169071661593
271;258,81666666666666;527,184;522,8197417243233;19,046750296812228;533,3147721694747
272;259,7;531,816;523,0724513086609;76,44964371781819;533,6126371727901
273;260,5833333333333;536,736;523,3251608929986;179,85060555387756;533,9105021761054
274;261,46666666666664;538,968;523,5778704773362;236,85608672436652;534,2083671794209
275;262,35;542,4;523,8305800616739;344,82335684590157;534,5062321827363
276;263,2333333333333;542,064;524,0832896460115;323,3059448340277;534,8040971860516
277;264,1166666666667;541,536;524,3359992303492;295,84002647598567;535,1019621893671
278;265,0;539,688;524,5887088146868;227,98859429887622;535,3998271926824
279;265,8833333333333;530,448;524,8414183990244;31,433757248397825;535,6976921959979
280;266,76666666666665;534,12;525,0941279833621;81,46636566072695;535,9955571993132
281;267,65;539,472;525,3468375676997;199,52021373886691;536,2934222026287
282;268,53333333333336;538,848;525,5995471520373;175,52150286468975;536,591287205944
283;269,4166666666667;541,56;525,852256736375;246,7331984359545;536,8891522092595
284;270,3;557,352;526,1049663207126;976,3771137545192;537,1870172125748
285;271,18333333333334;556,704;526,3576759050502;920,8993860757278;537,4848822158903
286;272,06666666666666;554,568;526,6103854893879;781,6282091239868;537,7827472192056
287;272,95;557,28;526,8630950737255;925,18810529402;538,080612222521
288;273,8333333333333;560,112;527,1158046580632;1088,748907043249;538,3784772258364
289;274,71666666666664;557,88;527,3685142424008;930,9507631361781;538,6763422291518
290;275,6;553,0559999999999;527,6212238267385;646,9278389839064;538,9742072324672
291;276,4833333333333;556,104;527,8739334110761;796,9366596150793;539,2720722357826
292;277,3666666666667;557,544;528,1266429954137;865,3808931352814;539,569937239098
293;278,25;557,688;528,3793525797514;858,9968136044436;539,8678022424134
294;279,1333333333333;558,6;528,632062164089;898,077298137027;540,1656672457287
295;280,01666666666665;560,568;528,8847717484266;1003,8269524412977;540,4635322490442
296;280,9;546,4799999999999;529,1374813327643;300,7629537234151;540,7613972523595
297;281,78333333333336;513,36;529,3901909171019;256,96702083873595;541,059262255675
298;282,6666666666667;456,936;529,6429005014395;5286,293380526226;541,3571272589904
299;283,55;451,776;529,8956100857772;6102,673479953863;541,6549922623058
300;284,43333333333334;390,648;530,1483196701148;19460,339188064212;541,9528572656212
301;285,31666666666666;345,6;530,4010292544525;34151,420413505;542,2507222689366
302;286,2;355,56;530,6537388387901;30657,817380546432;542,548587272252
303;287,0833333333333;392,64;530,9064484231277;19117,610759545438;542,8464522755673
304;287,96666666666664;384,216;531,1591580074654;21592,291685206943;543,1443172788828
305;288,85;439,872;531,411867591803;8379,547358724823;543,4421822821981
306;289,7333333333333;494,448;531,6645771761406;1385,0736167076307;543,7400472855136
307;290,6166666666667;515,832;531,9172867604783;258,7364501668188;544,0379122888289
308;291,5;537,528;532,1699963448159;28,708203168966396;544,3357772921444
309;292,3833333333333;544,704;532,4227059291536;150,83018405460552;544,6336422954597
310;293,26666666666665;550,8;532,6754155134912;328,5005628085937;544,9315072987752
311;294,15;554,256;532,9281250978288;454,8782478426631;545,2293723020905
312;295,03333333333336;556,728;533,1808346821665;554,4689945053783;545,527237305406
313;295,9166666666667;554,64;533,4335442665041;449,71376477672055;545,8251023087213
314;296,8;558,36;533,6862538508417;608,793749033105;546,1229673120367
315;297,68333333333334;558,3359999999999;533,9389634351794;595,2153931451883;546,4208323153521
316;298,56666666666666;558,504;534,191673019517;591,0892432059227;546,7186973186675
317;299,45;556,3439999999999;534,4443826038547;479,59324209754686;547,0165623219829
318;300,3333333333333;557,352;534,6970921881923;513,2448479615044;547,3144273252983
319;301,21666666666664;563,472;534,9498017725299;813,5157917270976;547,6122923286136
320;302,1;563,664;535,2025113568676;810,0563357831537;547,9101573319291
321;302,9833333333333;564,144;535,4552209412052;823,0460438843435;548,2080223352444
322;303,8666666666667;563,952;535,7079305255429;797,7274604779589;548,5058873385599
323;304,75;563,304;535,9606401098805;747,6593300805944;548,8037523418752
324;305,6333333333333;558,576;536,2133496942181;500,0881286986885;549,1016173451907
325;306,51666666666665;556,848;536,4660592785558;415,4235075724634;549,3994823485061
326;307,4;561,6959999999999;536,7187688628934;623,8620752764432;549,6973473518215
327;308,28333333333336;561,744;536,971478447231;613,6778240824063;549,9952123551369
328;309,1666666666667;563,64;537,2241880315687;697,7951219515176;550,2930773584523
329;310,05;568,8;537,4768976159063;981,1367429644139;550,5909423617677
330;310,93333333333334;574,68;537,729607200244;1365,331528056256;550,888807365083
331;311,81666666666666;571,8;537,9823167845816;1143,6356980583885;551,1866723683985
332;312,7;573,672;538,2350263689192;1255,779100129918;551,4845373717138
333;313,5833333333333;575,304;538,4877359532569;1355,4372983595065;551,7824023750293
334;314,46666666666664;571,656;538,7404455375945;1083,4337255675796;552,0802673783446
335;315,35;572,952;538,9931551219322;1153,2031454526712;552,3781323816601
336;316,2333333333333;575,352;539,2458647062698;1303,6530058491478;552,6759973849754
337;317,1166666666667;579,6;539,4985742906074;1608,124343925936;552,9738623882909
338;318,0;579,9119999999999;539,7512838749451;1612,883119677238;553,2717273916062
339;318,8833333333333;581,688;540,0039934592827;1737,556401286562;553,5695923949216
340;319,76666666666665;582,096;540,2567030436203;1750,5267698041246;553,867457398237
341;320,65;582,72;540,509412627958;1781,733686292794;554,1653224015524
342;321,53333333333336;585,8399999999999;540,7621222122956;2032,015065843207;554,4631874048678
343;322,4166666666667;586,3679999999999;541,0148317966333;2056,9098660828663;554,7610524081832
344;323,3;584,496;541,2675413809709;1868,69963457711;555,0589174114987
345;324,18333333333334;589,704;541,5202509653085;2321,67367103813;555,356782414814
346;325,06666666666666;592,32;541,7729605496462;2555,0031971956287;555,6546474181293
347;325,95;589,0079999999999;542,0256701339838;2207,339319639151;555,9525124214448
348;326,8333333333333;593,52;542,2783797183214;2625,703649091735;556,2503774247602
349;327,71666666666664;599,472;542,5310893026591;3242,2673110425494;556,5482424280756
350;328,6;594,264;542,7837988869967;2650,211106635268;556,846107431391
351;329,4833333333333;592,92;543,0365084713344;2488,3627270904485;557,1439724347064
352;330,3666666666667;597,672;543,289218055672;2957,4869720043307;557,4418374380218
353;331,25;595,776;543,5419276400096;2728,3983153087092;557,7397024413372
354;332,1333333333333;595,584;543,7946372243473;2682,1380967081564;558,0375674446526
355;333,01666666666665;598,824;544,0473468086849;3000,481734841607;558,335432447968
356;333,9;604,104;544,3000563930225;3576,5116709465515;558,6332974512834
357;334,78333333333336;606,216;544,5527659773602;3802,3544301308443;558,9311624545987
358;335,6666666666667;608,88;544,8054755616978;4105,544681994586;559,2290274579142
359;336,55;610,704;545,0581851460355;4309,37300784098;559,5268924612295
360;337,43333333333334;612,96;545,3108947303731;4576,401443781068;559,824757464545
361;338,31666666666666;604,512;545,5636043147107;3474,913353869429;560,1226224678603
362;339,2;585,4079999999999;545,8163138990484;1567,5016083162766;560,4204874711758
363;340,0833333333333;537,048;546,069023483386;81,37886468780148;560,7183524744911
364;340,96666666666664;486,648;546,3217330677237;3560,9544182379377;561,0162174778065
365;341,85;491,784;546,5744426520613;3001,9926060088183;561,3140824811219
366;342,7333333333333;444,144;546,8271522363989;10543,829753203468;561,6119474844373
367;343,6166666666667;432,624;547,0798618207366;13100,144305127544;561,9098124877528
368;344,5;459,984;547,3325714050742;7629,772926507348;562,2076774910681
369;345,3833333333333;502,536;547,5852809894118;2029,437717662978;562,5055424943835
370;346,26666666666665;488,592;547,8379905737495;3510,0873990648156;562,8034074976989
371;347,15;539,232;548,0907001580871;78,47656849089272;563,1012725010144
372;348,03333333333336;564,504;548,3434097424248;261,1646774732352;563,3991375043297
373;348,9166666666667;578,424;548,5961193267624;889,7024654569003;563,6970025076452
374;349,8;584,616;548,8488289111;1279,2905277026439;563,9948675109605
375;350,68333333333334;590,688;549,1015384954377;1729,4337804704417;564,2927325142759
376;351,56666666666666;591,072;549,3542480797753;1740,370825277413;564,5905975175913
377;352,45;592,824;549,6069576641129;1867,7127482618555;564,8884625209067
378;353,3333333333333;597,36;549,8596672484506;2256,2816115079186;565,1863275242221
379;354,21666666666664;599,328;550,1123768327882;2422,1775637369938;565,4841925275375
380;355,1;602,328;550,3650864171259;2700,1443880212396;565,7820575308529
381;355,9833333333333;602,736;550,6177960014635;2716,3071880330663;566,0799225341683
382;356,8666666666667;605,256;550,8705055858011;2957,7820026768586;566,3777875374836
383;357,75;608,208;551,1232151701388;3258,672659071549;566,6756525407991
384;358,6333333333333;606,528;551,3759247544764;3041,751403887901;566,9735175441144
385;359,51666666666665;604,104;551,628634338814;2753,664001275185;567,2713825474299
386;360,4;608,568;551,8813439231517;3213,3769771748816;567,5692475507452
387;361,28333333333336;606,96;552,1340535074893;3005,884408799652;567,8671125540607
388;362,1666666666667;604,3679999999999;552,386763091827;2702,048990503601;568,164977557376
389;363,05;607,704;552,6394726761646;3032,102169397411;568,4628425606915
390;363,9333333333333;610,848;552,8921822605022;3358,876809853885;568,7607075640068
391;364,81666666666666;605,376;553,1448918448399;2728,0886591160306;569,0585725673222
392;365,7;603,672;553,3976014291775;2527,5151516579235;569,3564375706376
393;366,5833333333333;604,776;553,6503110135152;2613,8360743427693;569,654302573953
394;367,4666666666666;620,424;553,9030205978528;4425,040700620891;569,9521675772684
395;368,35;611,832;554,1557301821904;3326,552100096776;570,2500325805838
396;369,23333333333335;614,16;554,4084397665281;3570,248950334218;570,5478975838993
397;370,1166666666667;618,552;554,6611493508657;4082,0407966699895;570,8457625872146
398;371,0;617,928;554,9138589352033;3970,7819741341;571,1436275905301
399;371,8833333333333;595,248;555,166568519541;1606,5211495227345;571,4414925938454
400;372,76666666666665;595,584;555,4192781038786;1613,204884992771;571,7393575971608
401;373,65;597,9359999999999;555,6719876882162;1786,246736690608;572,0372226004762
402;374,53333333333336;597,264;555,9246972725539;1708,9379499914346;572,3350876037916
403;375,4166666666667;598,632;556,1774068568915;1802,3924789468726;572,632952607107
404;376,3;606,648;556,4301164412292;2521,835829122266;572,9308176104224
405;377,1833333333333;618,3359999999999;556,6828260255668;3801,113861121717;573,2286826137378
406;378,06666666666666;617,28;556,9355356099045;3641,454382527502;573,5265476170532
407;378,95;618,024;557,1882451942421;3700,9890627862974;573,8244126203685
408;379,8333333333333;618,384;557,4409547785797;3714,0547608600837;574,122277623684
409;380,7166666666666;620,976;557,6936643629173;4004,6540036843903;574,4201426269993
410;381,6;615,984;557,946373947255;3368,3660378382715;574,7180076303148
411;382,48333333333335;615,72;558,1990835315926;3308,6558313655073;575,0158726336301
412;383,3666666666667;618,744;558,4517931159303;3635,1502109514668;575,3137376369456
413;384,25;620,4719999999999;558,7045027002679;3815,2237226723983;575,611602640261
414;385,1333333333333;617,28;558,9572122846055;3401,547566894971;575,9094676435764
415;386,01666666666665;621,9359999999999;559,2099218689432;3934,5608777034345;576,2073326468917
416;386,9;627,9599999999999;559,4626314532808;4691,889497825069;576,5051976502072
417;387,78333333333336;624,024;559,7153410376185;4135,603617539892;576,8030626535226
418;388,6666666666667;625,872;559,9680506219561;4343,33054362377;577,1009276568379
419;389,55;632,6159999999999;560,2207602062937;5241,070744788221;577,3987926601533
420;390,4333333333333;635,3280000000001;560,4734697906314;5603,200692865292;577,6966576634687
421;391,31666666666666;635,64;560,726179374969;5612,080520639322;577,9945226667842
422;392,2;642,744;560,9788889593067;6685,533383496912;578,2923876700995
423;393,0833333333333;648,384;561,2315985436443;7595,541079609797;578,5902526734149
424;393,9666666666666;648,2159999999999;561,4843081279819;7522,386374982676;578,8881176767303
425;394,85;657,84;561,7370177123196;9235,783204586221;579,1859826800458
426;395,73333333333335;632,952;561,9897272966572;5035,644147223594;579,4838476833611
427;396,6166666666667;576,9119999999999;562,2424368809948;215,19608210247603;579,7817126866765
428;397,5;532,2959999999999;562,4951464653325;911,9884472346073;580,0795776899919
429;398,3833333333333;461,616;562,7478560496701;10227,652308051192;580,3774426933073
430;399,26666666666665;404,952;563,0005656340077;24979,349098967232;580,6753076966227
431;400,15;398,328;563,2532752183454;27200,346405846976;580,9731726999381
432;401,03333333333336;432,48;563,505984802683;17167,808693512903;581,2710377032535
433;401,9166666666667;460,248;563,7586943870207;10714,463852483197;581,5689027065689
434;402,8;520,992;564,0114039713583;1850,6691180509197;581,8667677098842
435;403,6833333333333;559,1999999999999;564,2641135556959;25,645246104983375;582,1646327131997
436;404,56666666666666;585,12;564,5168231400336;424,4908967230559;582,462497716515
437;405,45;599,64;564,7695327243712;1215,9494880206998;582,7603627198305
438;406,3333333333333;608,208;565,0222423087089;1865,0096673709072;583,0582277231458
439;407,2166666666666;615,3359999999999;565,2749518930465;2506,108537566705;583,3560927264613
440;408,1;624,72;565,5276614773841;3503,732939775965;583,6539577297767
441;408,98333333333335;626,544;565,7803710617218;3692,21860174876;583,9518227330921
442;409,8666666666667;630,576;566,0330806460594;4165,788438729286;584,2496877364074
443;410,75;634,152;566,285790230397;4605,822428491768;584,5475527397228
444;411,6333333333333;635,568;566,5384998147347;4765,071895827543;584,8454177430383
445;412,51666666666665;633,168;566,7912093990723;4405,878330479409;585,1432827463536
446;413,4;636,456;567,04391898341;4818,036991053659;585,441147749669
447;414,28333333333336;639,72;567,2966285677476;5245,144729614;585,7390127529844
448;415,1666666666667;637,68;567,5493381520853;4918,309731226554;586,0368777562999
449;416,05;639,0479999999999;567,8020477364229;5075,985713943894;586,3347427596152
450;416,9333333333333;640,3679999999999;568,0547573207605;5229,205066786581;586,6326077629305
451;417,81666666666666;641,208;568,3074669050982;5314,487725520871;586,930472766246
452;418,7;640,68;568,5601764894358;5201,268943194925;587,2283377695614
453;419,5833333333333;642,744;568,8128860737734;5465,809606372705;587,5262027728768
454;420,4666666666666;643,3679999999999;569,0655956581111;5520,8472909855445;587,8240677761921
455;421,35;642,696;569,3183052424487;5384,286087932379;588,1219327795076
456;422,23333333333335;639,696;569,5710148267863;4917,513545543449;588,419797782823
457;423,1166666666667;636,576;569,823724411124;4455,866296293257;588,7176627861384
458;424,0;607,4399999999999;570,0764339954616;1396,0360645754954;589,0155277894538
459;424,8833333333333;605,16;570,3291435797992;1213,1885589646436;589,3133927927692
460;425,76666666666665;606,3359999999999;570,5818531641369;1278,359015960454;589,6112577960846
461;426,65;610,4159999999999;570,8345627484745;1566,6901748964483;589,9091227993999
462;427,53333333333336;613,752;571,0872723328122;1820,278986915298;590,2069878027154
463;428,4166666666667;644,6159999999999;571,3399819171498;5369,374826078175;590,5048528060308
464;429,3;646,3679999999999;571,5926915014875;5591,346761047709;590,8027178093462
465;430,1833333333333;649,56;571,8454010858251;6039,55888439107;591,1005828126615
466;431,06666666666666;650,928;572,0981106701627;6214,151451754401;591,398447815977
467;431,95;650,592;572,3508202545004;6121,682207967578;591,6963128192924
468;432,8333333333333;652,44;572,603529838838;6373,861967794123;591,9941778226078
469;433,7166666666666;655,0559999999999;572,8562394231756;6756,800638887248;592,2920428259231
470;434,6;654,9119999999999;573,1089490075133;6691,7391516793705;592,5899078292385
471;435,48333333333335;654,9359999999999;573,3616585918509;6654,3731761732615;592,887772832554
472;436,3666666666667;656,4719999999999;573,6143681761885;6865,387151450284;593,1856378358693
473;437,25;655,92;573,8670777605262;6732,682048037132;593,4835028391847
474;438,1333333333333;656,1840000000001;574,1197873448638;6734,534998707435;593,7813678425001
475;439,01666666666665;656,088;574,3724969292015;6677,423442113678;594,0792328458156
476;439,9;657,12;574,6252065135391;6805,3909523738375;594,3770978491309
477;440,78333333333336;661,6080000000001;574,8779160978768;7522,107453669344;594,6749628524464
478;441,6666666666667;664,776;575,1306256822144;8036,2931365758905;594,9728278557617
479;442,55;666,4799999999999;575,383335266552;8298,602325558217;595,2706928590771
480;443,4333333333333;667,2719999999999;575,6360448508896;8397,148276089767;595,5685578623925
481;444,31666666666666;671,1840000000001;575,8887544352273;9081,183827250352;595,8664228657079
482;445,2;670,3679999999999;576,1414640195649;8878,640082872225;596,1642878690233
483;446,0833333333333;667,2719999999999;576,3941736039026;8258,77933047921;596,4621528723387
484;446,9666666666666;666,144;576,6468831882402;8009,733917617786;596,7600178756541
485;447,85;664,1999999999999;576,8995927725778;7621,361102073745;597,0578828789695
486;448,73333333333335;663,5039999999999;577,1523023569155;7456,615685842674;597,355747882285
487;449,6166666666667;661,44;577,4050119412531;7061,87921803375;597,6536128856003
488;450,5;664,7280000000001;577,6577215255907;7581,233393611202;597,9514778889156
489;451,3833333333333;665,7599999999999;577,9104311099284;7717,54675417142;598,2493428922311
490;452,26666666666665;638,088;578,163140694266;3590,988762812015;598,5472078955465
491;453,15;599,568;578,4158502786037;447,41343783636614;598,8450728988619
492;454,03333333333336;564,744;578,6685598629413;193,89336737663407;599,1429379021772
493;454,9166666666667;510,744;578,921269447279;4648,140069286876;599,4408029054927
494;455,8;474,816;579,1739790316166;10890,587787563329;599,7386679088081
495;456,6833333333333;456,912;579,4266886159542;15009,848926664214;600,0365329121234
496;457,56666666666666;461,304;579,6793982002919;14012,73489907767;600,3343979154388
497;458,45;472,992;579,9321077846295;11436,186652988164;600,6322629187542
498;459,3333333333333;510,84;580,1848173689671;4808,703695935399;600,9301279220697
499;460,2166666666666;529,968;580,4375269533048;2547,1731508903604;601,227992925385
500;461,1;561,504;580,6902365376424;368,1116724783621;601,5258579287005
501;461,98333333333335;574,872;580,94294612198;36,85638681598401;601,8237229320158
502;462,8666666666667;583,848;581,1956557063177;7,034930252229008;602,1215879353313
503;463,75;585,6959999999999;581,4483652906553;18,042400624029426;602,4194529386466
504;464,6333333333333;586,872;581,701074874993;26,73846664842854;602,717317941962
505;465,51666666666665;591,024;581,9537844593306;82,26880995420137;603,0151829452774
506;466,4;597,9359999999999;582,2064940436682;247,41735763027643;603,3130479485928
507;467,28333333333336;599,328;582,4592036280059;284,5562910398016;603,6109129519082
508;468,1666666666667;602,328;582,7119132123435;384,79086086087244;603,9087779552236
509;469,05;605,232;582,9646227966812;495,83608751488185;604,206642958539
510;469,9333333333333;606,9359999999999;583,2173323810188;562,5751936197053;604,5045079618544
511;470,81666666666666;607,56;583,4700419653564;580,3260781108891;604,8023729651698
512;471,7;626,544;583,7227515496941;1833,659318842827;605,1002379684852
513;472,5833333333333;624,4799999999999;583,9754611340317;1640,6176687447319;605,3981029718005
514;473,4666666666666;620,688;584,2281707183693;1329,3191512456578;605,695967975116
515;474,35;622,944;584,480880302707;1479,4115768482884;605,9938329784313
516;475,23333333333335;622,296;584,7335898870446;1410,9346534938609;606,2916979817468
517;476,1166666666667;602,376;584,9862994713822;302,401684475011;606,5895629850622
518;477,0;602,448;585,2390090557199;296,1493693203151;606,8874279883776
519;477,8833333333333;603,216;585,4917186400575;314,150149726407;607,1852929916929
520;478,76666666666665;598,2959999999999;585,7444282243952;157,5419540381583;607,4831579950084
521;479,65;597,072;585,9971378087328;122,65257255556068;607,7810229983238
522;480,53333333333336;598,032;586,2498473930705;138,8191200529773;608,0788880016391
523;481,4166666666667;598,4399999999999;586,5025569774081;142,50254591762751;608,3767530049546
524;482,3;597,36;586,7552665617457;112,46037129643007;608,6746180082699
525;483,1833333333333;596,784;587,0079761460834;95,5706423923469;608,9724830115854
526;484,06666666666666;594,672;587,260685730421;54,92757920246628;609,2703480149007
527;484,95;592,896;587,5133953147586;28,97243319758271;609,5682130182162
528;485,8333333333333;592,4879999999999;587,7661048990963;22,296293343938174;609,8660780215315
529;486,7166666666666;597,312;588,0188144834339;86,36329704531495;610,163943024847
530;487,6;600,6239999999999;588,2715240677715;152,5836616562833;610,4618080281623
531;488,48333333333335;591,0;588,5242336521092;6,129419009348747;610,7596730314777
532;489,3666666666667;620,304;588,7769432364468;993,9553081723068;611,0575380347931
533;490,25;618,552;589,0296528207845;871,5689829701369;611,3554030381085
534;491,1333333333333;617,64;589,2823624051221;804,155609962434;611,6532680414239
535;492,01666666666665;617,808;589,5350719894598;799,3584582891901;611,9511330447393
536;492,9;632,784;589,7877815737974;1848,6747989537266;612,2489980480547
537;493,78333333333336;609,9359999999999;590,040491158135;395,8312720767271;612,5468630513701
538;494,6666666666667;614,208;590,2932007424727;571,9176235278286;612,8447280546854
539;495,55;617,784;590,5459103268103;741,9135290447252;613,1425930580009
540;496,4333333333333;617,688;590,7986199111479;723,0387615627577;613,4404580613162
541;497,31666666666666;617,9039999999999;591,0513294954856;721,0659132240135;613,7383230646317
542;498,2;617,064;591,3040390798232;663,5755866090365;614,036188067947
543;499,0833333333333;619,4879999999999;591,5567486641608;780,1548011858187;614,3340530712625
544;499,9666666666666;619,152;591,8094582484985;747,6145894326073;614,6319180745778
545;500,85;620,448;592,062167832836;805,7554678223983;614,9297830778933
546;501,73333333333335;620,28;592,3148774171738;782,0480810724965;615,2276480812087
547;502,6166666666667;599,688;592,5675870015114;50,700281269045874;615,525513084524
548;503,5;598,512;592,820296585849;32,39548775465807;615,8233780878395
549;504,3833333333333;597,024;593,0730061701867;15,6103522432231;616,1212430911548
550;505,26666666666665;596,52;593,3257157545243;10,203451840894443;616,4191080944703
551;506,15;598,8;593,578425338862;27,264841941838345;616,7169730977856
552;507,03333333333336;621,288;593,8311349231996;753,8794398456245;617,0148381011011
553;507,9166666666667;622,3919999999999;594,0838445075372;801,3516673854512;617,3127031044164
554;508,8;628,0799999999999;594,3365540918749;1138,6201417545624;617,6105681077319
555;509,6833333333333;618,7679999999999;594,5892636762125;584,6112902152393;617,9084331110472
556;510,56666666666666;589,1999999999999;594,84197326055;31,831862272762514;618,2062981143627
557;511,45;538,392;595,0946828448878;3215,1942418079225;618,504163117678
558;512,3333333333334;478,416;595,3473924292254;13672,950535437501;618,8020281209934
559;513,2166666666667;474,24;595,600102013563;14728,274360742404;619,0998931243089
560;514,1;438,192;595,8528115979007;24856,93151370872;619,3977581276242
561;514,9833333333333;402,672;596,1055211822382;37416,527116959405;619,6956231309396
562;515,8666666666667;420,84;596,358230766576;30806,64933142902;619,993488134255
563;516,75;459,984;596,6109403509136;18666,920829652096;620,2913531375705
564;517,6333333333333;447,768;596,8636499352513;22229,512829614996;620,5892181408858
565;518,5166666666667;493,056;597,1163595195889;10828,55842334609;620,8870831442011
566;519,4;554,616;597,3690691039264;1827,8249178051117;621,1849481475166
567;520,2833333333333;587,4;597,6217786882642;104,48475955185178;621,482813150832
568;521,1666666666666;609,264;597,8744882726018;129,72097738854245;621,7806781541474
569;522,05;621,456;598,1271978569393;544,2330094300721;622,0785431574627
570;522,9333333333333;629,16;598,379907441277;947,4140979235497;622,3764081607782
571;523,8166666666667;637,2719999999999;598,6326170256146;1493,0019166412155;622,6742731640936
572;524,7;641,832;598,8853266099522;1844,4167552714355;622,972138167409
573;525,5833333333334;643,44;599,13803619429;1962,6639970424478;623,2700031707244
574;526,4666666666667;648,2159999999999;599,3907457786275;2383,9054497816383;623,5678681740397
575;527,35;646,632;599,6434553629653;2207,923327106602;623,8657331773552
576;528,2333333333333;646,296;599,8961649473029;2152,944692917508;624,1635981806705
577;529,1166666666667;643,704;600,1488745316404;1897,048954564539;624,461463183986
578;530,0;647,064;600,4015841159782;2177,381056133411;624,7593281873013
579;530,8833333333333;648,84;600,6542937003157;2321,862291599434;625,0571931906168
580;531,7666666666667;651,3359999999999;600,9070032846535;2543,083709716422;625,3550581939321
581;532,65;653,952;601,159712868991;2787,025580522893;625,6529231972476
582;533,5333333333333;655,776;601,4124224533286;2955,398563672945;625,9507882005629
583;534,4166666666666;654,84;601,6651320376664;2827,5665828116207;626,2486532038783
584;535,3;657,024;601,917841622004;3036,6886911807846;626,5465182071937
585;536,1833333333333;654,9119999999999;602,1705512063415;2781,660420854089;626,8443832105091
586;537,0666666666667;651,7679999999999;602,4232607906793;2434,9032876358683;627,1422482138246
587;537,95;655,704;602,6759703750168;2811,9719259080857;627,4401132171399
588;538,8333333333334;674,952;602,9286799593546;5187,35862967724;627,7379782204553
589;539,7166666666667;669,456;603,1813895436921;4392,323991135352;628,0358432237707
590;540,6;665,712;603,4340991280297;3878,5369370189524;628,3337082270862
591;541,4833333333333;665,6159999999999;603,6868087123675;3835,224733540167;628,6315732304015
592;542,3666666666667;657,864;603,939518296705;2907,8497269689956;628,9294382337168
593;543,25;637,536;604,1922278810428;1111,8071391209469;629,2273032370323
594;544,1333333333333;641,64;604,4449374653803;1383,4726769542654;629,5251682403477
595;545,0166666666667;644,664;604,697647049718;1597,3093681465182;629,8230332436631
596;545,9;642,4799999999999;604,9503566340557;1408,4741311749635;630,1208982469784
597;546,7833333333333;649,2479999999999;605,2030662183932;1939,956191826118;630,4187632502939
598;547,6666666666666;653,0400000000001;605,4557758027308;2264,258392455983;630,7166282536093
599;548,55;652,1999999999999;605,7084853870685;2161,4609310044125;631,0144932569247
600;549,4333333333333;655,152;605,9611949714061;2419,735299361139;631,31235826024
601;550,3166666666667;658,32;606,2139045557437;2715,0451824459483;631,6102232635554
602;551,2;661,032;606,4666141400814;2977,3813340418037;631,9080882668709
603;552,0833333333334;660,7679999999999;606,719323724419;2921,2594071425387;632,2059532701862
604;552,9666666666667;664,848;606,9720333087567;3349,627520445893;632,5038182735017
605;553,85;663,312;607,2247428930943;3145,7804097761405;632,801683276817
606;554,7333333333333;667,944;607,477452477432;3656,203369298963;633,0995482801325
607;555,6166666666667;665,208;607,7301620617696;3303,701854053469;633,3974132834478
608;556,5;665,568;607,9828716461072;3316,047007534302;633,6952782867633
609;557,3833333333333;664,2479999999999;608,235581230445;3137,3910564159955;633,9931432900786
610;558,2666666666667;668,1840000000001;608,4882908147825;3563,5776951260655;634,291008293394
611;559,15;668,256;608,7410003991201;3542,0351774927267;634,5888732967094
612;560,0333333333333;669,0;608,9937099834578;3600,7548415493666;634,8867383000248
613;560,9166666666666;671,136;609,2464195677954;3830,3201660743134;635,1846033033402
614;561,8;672,9599999999999;609,499129152133;4027,282128769641;635,4824683066556
615;562,6833333333333;669,6239999999999;609,7518387364707;3584,675694366042;635,780333309971
616;563,5666666666667;667,6080000000001;610,0045483208083;3318,1576453569755;636,0781983132864
617;564,45;667,0559999999999;610,257257905146;3226,097103557726;636,3760633166019
618;565,3333333333334;666,984;610,5099674894836;3189,3163479988625;636,6739283199172
619;566,2166666666667;668,16;610,7626770738212;3294,4526790920427;636,9717933232326
620;567,1;672,552;611,015386658159;3786,754781583253;637,269658326548
621;567,9833333333333;663,984;611,2680962424965;2778,9665089703713;637,5675233298634
622;568,8666666666667;630,6239999999999;611,5208058268342;364,9320276176705;637,8653883331788
623;569,75;568,608;611,7735154111718;1863,2617207121184;638,1632533364942
624;570,6333333333333;560,64;612,0262249955094;2640,5441192891203;638,4611183398096
625;571,5166666666667;521,352;612,2789345798471;8267,707432087807;638,758983343125
626;572,4;506,76;612,5316441641847;11187,640709194919;639,0568483464403
627;573,2833333333333;469,512;612,7843537485223;20526,967348641723;639,3547133497558
628;574,1666666666666;496,248;613,03706333286;13639,685314166796;639,6525783530711
629;575,05;479,904;613,2897729171976;17791,764416718215;639,9504433563866
630;575,9333333333333;500,592;613,5424825015352;12757,81149732962;640,2483083597019
631;576,8166666666667;517,656;613,7951920858729;9242,744254924384;640,5461733630174
632;577,7;583,4159999999999;614,0479016702105;938,3133999334507;640,8440383663328
633;578,5833333333334;612,456;614,3006112545482;3,4025906804059822;641,1419033696482
634;579,4666666666667;631,3439999999999;614,5533208388858;281,92690669147123;641,4397683729635
635;580,35;644,784;614,8060304232235;898,6786599461341;641,737633376279
636;581,2333333333333;651,312;615,0587400075611;1314,2988600793688;642,0354983795944
637;582,1166666666667;656,52;615,3114495918987;1698,1446267370213;642,3333633829097
638;583,0;653,4719999999999;615,5641591762364;1437,0043959197847;642,6312283862251
639;583,8833333333333;652,872;615,816868760574;1373,0827511710786;642,9290933895405
640;584,7666666666667;656,784;616,0695783449116;1657,6641307083278;643,226958392856
641;585,65;659,112;616,3222879292493;1830,9594590977417;643,5248233961713
642;586,5333333333333;660,576;616,5749975135869;1936,0882198093304;643,8226883994867
643;587,4166666666666;666,5039999999999;616,8277070979245;2467,7340764927844;644,1205534028021
644;588,3;673,992;617,0804166822622;3238,9283157318027;644,4184184061176
645;589,1833333333333;674,208;617,3331262665998;3234,7512621902088;644,7162834094329
646;590,0666666666667;673,296;617,5858358509375;3103,6223895154894;645,0141484127483
647;590,95;673,848;617,8385454352751;3137,059000637974;645,3120134160637
648;591,8333333333334;676,7520000000001;618,0912550196128;3441,0830016540244;645,6098784193791
649;595,3666666666667;675,6;619,1020933569633;3192,013455045289;646,8013384326407
650;597,1333333333333;674,88;619,6075125256386;3055,047871603433;647,3970684392715
651;598,0166666666667;676,032;619,8602221099762;3155,268631326167;647,6949334425868
652;598,9;677,4719999999999;620,1129316943138;3290,0627168963565;647,9927984459023
653;599,7833333333333;681,3599999999999;620,3656412786515;3720,311795828525;648,2906634492176
654;600,6666666666666;679,3919999999999;620,6183508629891;3454,341832880451;648,5885284525331
655;601,55;683,64;620,8710604473267;3939,9397725671497;648,8863934558484
656;602,4333333333333;685,32;621,1237700316644;4121,155942147432;649,1842584591639
657;603,3166666666667;685,536;621,376479616002;4116,444055904644;649,4821234624792
658;604,2;683,16;621,6291892003397;3786,040677663584;649,7799884657946
659;605,0833333333334;689,064;621,8818987846773;4513,434723705855;650,0778534691101
660;605,9666666666667;687,3359999999999;622,134608369015;4251,221470617063;650,3757184724254
661;606,85;685,992;622,3873179533526;4045,5555782551005;650,6735834757408
662;607,7333333333333;686,376;622,6400275376902;4062,2741857163064;650,9714484790562
663;608,6166666666667;691,8960000000001;622,8927371220279;4761,450287806527;651,2693134823717
664;609,5;687,9599999999999;623,1454467063655;4200,926318653373;651,567178485687
665;610,3833333333333;685,968;623,3981562907031;3914,9853418058324;651,8650434890023
666;611,2666666666667;689,64;623,6508658750408;4354,565822561848;652,1629084923178
667;612,15;667,296;623,9035754593784;1882,9025075135412;652,4607734956332
668;613,0333333333333;662,016;624,156285043716;1433,3580165710696;652,7586384989486
669;613,9166666666666;662,7599999999999;624,4089946280537;1470,799613039042;653,0565035022639
670;614,8;662,112;624,6617042123913;1402,5246545793773;653,3543685055794
671;615,6833333333333;660,9599999999999;624,9144137967289;1299,2842847374407;653,6522335088948
672;616,5666666666667;676,872;625,1671233810666;2673,394266179118;653,9500985122102
673;617,45;678,168;625,4198329654043;2782,369125509605;654,2479635155256
674;618,3333333333334;675,6;625,6725425497419;2492,751007447332;654,5458285188411
675;619,2166666666667;681,4799999999999;625,9252521340795;3086,3300104459845;654,8436935221564
676;620,1;683,352;626,1779617184172;3268,8706534238886;655,1415585254717
677;620,9833333333333;690,312;626,4306713027548;4080,824156125481;655,4394235287872
678;621,8666666666667;692,448;626,6833808870924;4324,9851270658055;655,7372885321026
679;622,75;697,176;626,9360904714301;4933,644890581686;656,035153535418
680;623,6333333333333;694,968;627,1888000557677;4594,019945080211;656,3330185387333
681;624,5166666666667;691,6080000000001;627,4415096401053;4117,338485106464;656,6308835420488
682;625,4;694,944;627,694219224443;4522,533014360466;656,9287485453642
683;626,2833333333333;685,176;627,9469288087806;3275,1665894096604;657,2266135486796
684;627,1666666666666;646,776;628,1996383931182;345,08121054962965;657,5244785519949
685;628,05;591,4799999999999;628,4523479774559;1366,9545149660967;657,8223435553103
686;628,9333333333333;504,312;628,7050575617935;15473,632769571674;658,1202085586257
687;629,8166666666667;433,584;628,9577671461312;38170,908888870705;658,4180735619411
688;630,7;425,73599999999993;629,2104767304688;41401,86268073813;658,7159385652566
689;631,5833333333334;405,96;629,4631863148065;49953,67429287113;659,0138035685719
690;632,4666666666667;431,112;629,7158958991441;39443,50746631807;659,3116685718874
691;633,35;495,048;629,9686054834817;18203,569784029318;659,6095335752027
692;634,2333333333333;550,032;630,2213150678194;6430,326251046006;659,9073985785182
693;635,1166666666667;545,736;630,474024652157;7180,532821949574;660,2052635818335
694;636,0;593,568;630,7267342364946;1380,7715300584387;660,5031285851489
695;636,8833333333333;616,464;630,9794438208323;210,69810931573787;660,8009935884643
696;637,7666666666667;636,888;631,2321534051699;31,98860070425134;661,0988585917797
697;638,65;645,3359999999999;631,4848629895075;191,85399648343179;661,3967235950951
698;639,5333333333333;625,2239999999999;631,7375725738452;42,42662767474962;661,6945885984105
699;640,4166666666666;630,6;631,9902821581828;1,9328844793614222;661,9924536017259
700;641,3;636,12;632,2429917425204;15,03119302856491;662,2903186050413
701;642,1833333333333;632,544;632,4957013268581;0,0023327618272640125;662,5881836083566
702;643,0666666666667;646,1999999999999;632,7484109111958;180,94524901403346;662,8860486116721
703;643,95;692,112;633,0011204955334;3494,0960757915623;663,1839136149874
704;644,8333333333334;696,0;633,253830079871;3937,0818396456984;663,4817786183029
705;645,7166666666667;697,176;633,5065396642087;4053,800179450903;663,7796436216183
706;646,6;704,4719999999999;633,7592492485463;5000,293118837193;664,0775086249337
707;647,4833333333333;690,72;634,0119588328839;3215,801933011335;664,375373628249
708;648,3666666666667;685,968;634,2646684172216;2673,2344967587233;664,6732386315645
709;649,25;683,664;634,5173780015592;2415,3904538576217;664,9711036348799
710;650,1333333333333;681,2159999999999;634,7700875858968;2157,222779978534;665,2689686381952
711;651,0166666666667;679,968;635,0227971702345;2020,071257408755;665,5668336415106
712;651,9;688,6080000000001;635,2755067545721;2844,3548357736167;665,864698644826
713;652,7833333333333;687,72;635,5282163389097;2723,9822817260538;666,1625636481415
714;653,6666666666666;686,544;635,7809259232474;2576,889689721868;666,4604286514568
715;654,55;692,16;636,033635507585;3150,168791135418;666,7582936547722
716;655,4333333333333;691,824;636,2863450919226;3084,4311126886873;667,0561586580876
717;656,3166666666667;686,736;636,5390546762603;2519,73331983451;667,3540236614031
718;657,2;683,856;636,791764260598;2215,0422857340013;667,6518886647184
719;658,0833333333334;688,992;637,0444738449356;2698,5454736310935;667,9497536680338
720;658,9666666666667;690,3599999999999;637,2971834292732;2815,662502418586;668,2476186713492
721;659,85;691,7520000000001;637,5498930136109;2937,8684017639744;668,5454836746646
722;660,7333333333333;657,312;637,8026025979485;380,61658699117345;668,84334867798
723;661,6166666666667;660,288;638,0553121822861;494,2924075999238;669,1412136812954
724;662,5;656,784;638,3080217666238;341,3617716801899;669,4390786846108
725;663,3833333333333;651,8159999999999;638,5607313509614;175,7021469581829;669,7369436879262
726;664,2666666666667;655,008;638,813440935299;262,26374330009014;670,0348086912416
727;665,15;689,688;639,0661505196367;2562,571644812555;670,332673694557
728;666,0333333333333;688,0559999999999;639,3188601039743;2375,308805244771;670,6305386978723
729;666,9166666666666;688,4879999999999;639,5715696883119;2392,8171544382317;670,9284037011878
730;667,8;692,496;639,8242792726496;2774,3101643799896;671,2262687045031
731;668,6833333333333;691,3679999999999;640,0769888569872;2630,7678240726555;671,5241337078186
732;669,5666666666667;686,832;640,3296984413249;2162,464050253954;671,821998711134
733;670,45;693,8159999999999;640,5824080256625;2833,8153144902394;672,1198637144494
734;671,3333333333334;677,16;640,8351176100002;1319,4970806473134;672,4177287177647
735;672,2166666666667;675,5039999999999;641,0878271943378;1184,4729505891944;672,7155937210802
736;673,1;671,4;641,3405367786754;903,5713291541641;673,0134587243956
737;673,9833333333333;678,144;641,5932463630131;1335,95759143171;673,3113237277109
738;674,8666666666667;673,152;641,8459559473507;980,0683942264203;673,6091887310263
739;675,75;689,664;642,0986655316883;2262,4610430823586;673,9070537343417
740;676,6333333333333;690,84;642,351375116026;2351,1467431387437;674,2049187376572
741;677,5166666666667;698,928;642,6040847003636;3172,3834346806134;674,5027837409725
742;678,4;697,1039999999999;642,8567942847012;2942,759327917938;674,8006487442879
743;679,2833333333333;694,848;643,1095038690389;2676,8719818934705;675,0985137476033
744;680,1666666666666;697,296;643,3622134533765;2908,85333125675;675,3963787509188
745;681,05;694,6080000000001;643,6149230377141;2600,2938980816184;675,6942437542341
746;681,9333333333333;685,7520000000001;643,8676326220518;1754,3002306509356;675,9921087575494
747;682,8166666666667;685,68;644,1203422063895;1727,205155922004;676,289973760865
748;683,7;665,28;644,3730517907271;437,1004834252174;676,5878387641803
749;684,5833333333334;610,512;644,6257613750647;1163,748715154861;676,8857037674957
750;685,4666666666667;532,704;644,8784709594024;12583,111935021829;677,1835687708111
751;686,35;473,424;645,13118054374;29483,355850280535;677,4814337741266
752;687,2333333333333;430,344;645,3838901280776;46242,15434629569;677,7792987774419
753;688,1166666666667;409,704;645,6365997124153;55664,19160705879;678,0771637807572
754;689,0;414,792;645,8893092967529;53405,96636419909;678,3750287840727
755;689,8833333333333;465,864;646,1420188810905;32500,164091690833;678,6728937873881
756;690,7666666666667;504,312;646,3947284654282;20187,501728180603;678,9707587907035
757;691,65;527,472;646,6474380497658;14202,785034353574;679,2686237940188
758;692,5333333333333;550,536;646,9001476341034;9286,048949247288;679,5664887973343
759;693,4166666666666;578,328;647,1528572184411;4736,860971138809;679,8643538006497
760;694,3;587,04;647,4055668027787;3644,001655420743;680,1622188039651
761;695,1833333333333;590,424;647,6582763871163;3275,7623935568213;680,4600838072804
762;696,0666666666667;590,616;647,910985971454;3282,7154174691136;680,7579488105958
763;696,95;593,784;648,1636955557917;2957,1512887405947;681,0558138139113
764;697,8333333333334;595,848;648,4164051401293;2763,4372189767787;681,3536788172266
765;698,7166666666667;598,656;648,6691147244669;2501,3116444426937;681,6515438205421
766;699,6;602,16;648,9218243088046;2186,6682126875135;681,9494088238574
767;700,4833333333333;605,376;649,1745338931422;1918,311571188729;682,2472738271729
768;701,3666666666667;607,872;649,4272434774798;1726,8382604726314;682,5451388304882
769;702,25;614,208;649,6799530618175;1258,259454019787;682,8430038338037
770;703,1333333333333;613,392;649,9326626461551;1335,2200266201114;683,140868837119
771;704,0166666666667;614,28;650,1853722304927;1289,1957550102386;683,4387338404345
772;704,9;620,424;650,4380818148304;900,845107187335;683,7365988437498
773;705,7833333333333;621,24;650,690791399168;867,3491140373077;684,0344638470652
774;706,6666666666666;619,032;650,9435009835056;1018,3438950202765;684,3323288503806
775;707,55;621,1919999999999;651,1962105678433;900,2526517994864;684,630193853696
776;708,4333333333333;620,976;651,4489201521809;928,5988626011931;684,9280588570114
777;709,3166666666667;619,0799999999999;651,7016297365186;1064,17072666652;685,2259238603268
778;710,2;619,632;651,9543393208562;1044,7336191725706;685,5237888636423
779;711,0833333333334;620,376;652,2070489051939;1013,2156744048482;685,8216538669576
780;711,9666666666667;620,064;652,4597584895315;1049,4851681120551;686,1195188702729
781;712,85;622,3439999999999;652,7124680738691;922,2438531536109;686,4173838735884
782;713,7333333333333;623,4719999999999;652,9651776582068;869,8475283785574;686,7152488769038
783;714,6166666666667;625,0799999999999;653,2178872425444;791,7406984741474;687,0131138802192
784;715,5;624,6239999999999;653,470596826882;832,1261484926839;687,3109788835345
785;716,3833333333333;610,56;653,7233064112197;1863,0710203488452;687,60884388685
786;717,2666666666667;611,52;653,9760159955573;1802,5132942150192;687,9067088901654
787;718,15;612,144;654,2287255798949;1771,1241271350596;688,2045738934808
788;719,0333333333333;612,072;654,4814351642326;1798,5601909492489;688,5024388967961
789;719,9166666666666;614,544;654,7341447485702;1615,2477349110263;688,8003039001115
790;720,8;634,992;654,9868543329078;399,7941997942032;689,098168903427
791;721,6833333333333;637,968;655,2395639172455;298,30692014749826;689,3960339067423
792;722,5666666666667;637,4159999999999;655,4922735015832;326,7516637040416;689,6938989100578
793;723,45;642,288;655,7449830859208;181,0903937747584;689,9917639133731
794;724,3333333333334;640,848;655,9976926702584;229,5131880032825;690,2896289166886
795;725,2166666666667;640,3919999999999;656,2504022545961;251,48892206858093;690,5874939200039
796;726,1;640,008;656,5031118389337;272,0887145789296;690,8853589233194
797;726,9833333333333;642,12;656,7558214232713;214,207268733887;691,1832239266347
798;727,8666666666667;639,696;657,008531007609;299,7237298894225;691,4810889299501
799;728,75;644,28;657,2612405919466;168,5126073060029;691,7789539332655
800;729,6333333333333;645,6479999999999;657,5139501762842;140,8007735860611;692,0768189365809
801;730,5166666666667;644,88;657,7666597606219;166,06599978603194;692,3746839398963
802;731,4;645,408;658,0193693449595;159,04663675498384;692,6725489432117
803;732,2833333333333;643,824;658,2720789292971;208,74698474719997;692,9704139465271
804;733,1666666666666;630,9599999999999;658,5247885136348;759,8175658014175;693,2682789498425
805;734,05;633,888;658,7774980979724;619,4871155689699;693,5661439531578
806;734,9333333333333;637,56;659,0302076823101;460,96981792153025;693,8640089564733
807;735,8166666666667;638,448;659,2829172666477;434,0937775080554;694,1618739597887
808;736,7;644,1840000000001;659,5356268509854;235,67244697189363;694,4597389631041
809;737,5833333333334;658,7520000000001;659,788336435323;1,0739932071778524;694,7576039664195
810;738,4666666666667;654,432;660,0410460196606;31,461397250670217;695,0554689697349
811;739,35;652,464;660,2937556039983;61,30507281834202;695,3533339730503
812;740,2333333333333;655,632;660,5464651883359;24,151968087365933;695,6511989763657
813;741,1166666666667;647,496;660,7991747726735;176,97445903229703;695,9490639796811
814;742,0;621,288;661,0518843570112;1581,1664991577595;696,2469289829965
815;742,8833333333333;574,872;661,3045939413488;7470,593295430092;696,5447939863119
816;743,7666666666667;506,64;661,5573035256864;23999,37093166965;696,8426589896272
817;744,65;474,84;661,8100131100241;34957,785802362596;697,1405239929427
818;745,5333333333333;461,832;662,0627226943617;40092,34231070637;697,438388996258
819;746,4166666666666;430,224;662,3154322786994;53866,43293717811;697,7362539995735
820;747,3;458,664;662,568141863037;41576,899068901526;698,0341190028888
821;748,1833333333333;520,68;662,8208514473746;20204,021650184626;698,3319840062043
822;749,0666666666667;549,528;663,0735610317123;12892,594430006298;698,6298490095196
823;749,95;570,432;663,3262706160499;8629,345513287908;698,927714012835
824;750,8333333333334;630,168;663,5789802003876;1116,2935979506922;699,2255790161505
825;751,7166666666667;622,872;663,8316897847252;1677,6961872609254;699,5234440194658
826;752,6;632,088;664,0843993690628;1023,7695725845642;699,8213090227812
827;753,4833333333333;639,9119999999999;664,3371089534005;596,5859473854892;700,1191740260966
828;754,3666666666667;613,848;664,5898185377381;2574,732148516746;700,4170390294121
829;755,25;615,0;664,8425281220757;2484,277609599906;700,7149040327274
830;756,1333333333333;645,0719999999999;665,0952377064134;400,9300482475398;701,0127690360428
831;757,0166666666667;652,296;665,347947290751;170,35332808054093;701,3106340393582
832;757,9;655,68;665,6006568750886;98,41943283324348;701,6084990426737
833;758,7833333333333;687,168;665,8533664594263;454,31360296894974;701,906364045989
834;759,6666666666666;689,112;666,1060760437639;529,2725370801169;702,2042290493043
835;760,55;691,296;666,3587856281016;621,8646606300185;702,5020940526198
836;761,4333333333333;657,312;666,6114952124392;86,48061120617929;702,7999590559352
837;762,3166666666667;652,0559999999999;666,8642047967769;219,28292930328865;703,0978240592506
838;763,2;651,264;667,1169143811145;251,31489437494653;703,395689062566
839;764,0833333333334;652,2719999999999;667,3696239654521;227,93824940219534;703,6935540658815
840;764,9666666666667;649,7520000000001;667,6223335497898;319,3488211807406;703,9914190691968
841;765,85;680,0400000000001;667,8750431341274;147,98617554854292;704,2892840725121
842;766,7333333333333;681,264;668,127752718465;172,5609926416362;704,5871490758276
843;767,6166666666667;682,2479999999999;668,3804623028027;192,30860178318642;704,885014079143
844;768,5;682,1999999999999;668,6331718871403;184,05882504387864;705,1828790824584
845;769,3833333333333;702,3599999999999;668,8858814714779;1120,5166112615407;705,4807440857737
846;770,2666666666667;706,848;669,1385910558156;1421,9995229197314;705,7786090890892
847;771,15;707,16;669,3913006401532;1426,4746513344903;706,0764740924046
848;772,0333333333333;706,4879999999999;669,6440102244909;1357,4795825778149;706,37433909572
849;772,9166666666666;708,984;669,8967198088285;1527,8154727431513;706,6722040990353
850;773,8;695,3280000000001;670,1494293931662;633,9604178033194;706,9700691023506
851;774,6833333333333;695,496;670,4021389775038;629,7018610163533;707,2679341056661
852;775,5666666666667;722,208;670,6548485618414;2657,727423205712;707,5657991089815
853;776,45;720,456;670,9075581461791;2455,0480901414726;707,8636641122969
854;777,3333333333334;718,5840000000001;671,1602677305167;2249,010382367638;708,1615291156123
855;778,2166666666667;717,6719999999999;671,4129773148543;2139,8971797848176;708,4593941189278
856;779,1;714,168;671,665686899192;1806,4466189191162;708,7572591222431
857;779,9833333333333;688,776;671,9183964835296;284,17879631851395;709,0551241255585
858;780,8666666666667;687,6479999999999;672,1711060678672;239,53424578648676;709,3529891288739
859;781,75;688,536;672,4238156522049;259,6024844573318;709,6508541321894
860;782,6333333333333;680,64;672,6765252365425;63,41693030822445;709,9487191355047
861;783,5166666666667;681,6479999999999;672,9292348208802;76,01686624863042;710,24658413882
862;784,4;682,968;673,1819444052178;95,7668841041674;710,5444491421355
863;785,2833333333333;681,12;673,4346539895554;59,064543300257014;710,8423141454509
864;786,1666666666666;680,808;673,6873635738931;50,70346311280042;711,1401791487663
865;791,4666666666667;690,9359999999999;675,2036210799189;247,50774648501005;712,9273691686587
866;792,35;677,376;675,4563306642565;3,6851303585938613;713,2252341719741
867;793,2333333333333;676,2719999999999;675,7090402485942;0,31692368170281515;713,5230991752894
868;794,1166666666667;681,0479999999999;675,9617498329318;25,869940762000287;713,8209641786049
869;795,0;683,064;676,2144594172694;46,91620619447322;714,1188291819203
870;795,8833333333333;682,656;676,4671690016071;38,30162912666836;714,4166941852357
871;796,7666666666667;699,144;676,7198785859447;502,8412211922944;714,714559188551
872;797,65;701,976;676,9725881702824;625,1706031264623;715,0124241918664
873;798,5333333333333;695,952;677,22529775462;350,68937698712074;715,3102891951819
874;799,4166666666666;667,176;677,4780073389577;106,1313552119373;715,6081541984972
875;800,3;613,68;677,7307169232953;4102,494338388112;715,9060192018126
876;801,1833333333333;545,808;677,9834265076329;17470,343372474665;716,203884205128
877;802,0666666666667;448,152;678,2361360919706;52938,70968118845;716,5017492084435
878;802,95;394,296;678,4888456763082;80765,57353359793;716,7996142117588
879;803,8333333333334;381,216;678,7415552606458;88521,45603315558;717,0974792150741
880;804,7166666666667;400,656;678,9942648449835;77472,18967691617;717,3953442183896
881;805,6;447,576;679,2469744293211;53671,44039303113;717,693209221705
882;806,4833333333333;527,664;679,4996840136587;23054,07493989561;717,9910742250204
883;807,3666666666667;566,136;679,7523935979964;12908,684894214843;718,2889392283357
884;808,25;597,096;680,005103182334;6873,919390498902;718,5868042316512
885;809,1333333333333;622,032;680,2578127666717;3390,2452723395036;718,8846692349666
886;810,0166666666667;634,2479999999999;680,5105223510093;2140,22097427764;719,182534238282
887;810,9;644,712;680,763231935347;1299,6913240561837;719,4803992415973
888;811,7833333333333;618,7919999999999;681,0159415196846;3871,818898245138;719,7782642449127
889;812,6666666666666;621,9359999999999;681,2686511040222;3520,363487031634;720,0761292482282
890;813,55;631,704;681,5213606883599;2481,7694259541504;720,3739942515435
891;814,4333333333333;639,0479999999999;681,7740702726975;1825,5170809474935;720,6718592548589
892;815,3166666666667;641,64;682,0267798570351;1631,0919872206157;720,9697242581744
893;816,2;686,664;682,2794894413728;19,223932838713388;721,2675892614898
894;817,0833333333334;658,704;682,5321990257104;567,7830688088676;721,5654542648051
895;817,9666666666667;653,808;682,784908610048;839,6612325950731;721,8633192681206
896;818,85;606,9359999999999;683,0376181943857;5791,4562918040665;722,161184271436
897;819,7333333333333;604,944;683,2903277787233;6138,147076411154;722,4590492747514
898;820,6166666666667;608,496;683,543037363061;5632,057816972675;722,7569142780667
899;821,5;635,712;683,7957469473986;2312,046720501464;723,0547792813821
900;822,3833333333333;636,9359999999999;684,0484565317362;2219,5835604547383;723,3526442846976
901;823,2666666666667;671,592;684,3011661160739;161,52290336596099;723,6505092880129
902;824,15;672,888;684,5538757004115;136,0926558574503;723,9483742913283
903;825,0333333333333;642,0719999999999;684,8065852847492;1826,2447794595114;724,2462392946437
904;825,9166666666666;640,32;685,0592948690868;2001,6045053830906;724,5441042979592
905;826,8;637,92;685,3120044534244;2246,0020861134;724,8419693012745
906;827,6833333333333;651,72;685,5647140377621;1145,4646682978882;725,1398343045898
907;828,5666666666667;653,832;685,8174236220997;1023,0673242851727;725,4376993079054
908;829,45;681,864;686,0701332064373;17,69155655029405;725,7355643112207
909;830,3333333333334;690,096;686,322842790775;14,236715325526733;726,0334293145361
910;831,2166666666667;694,2479999999999;686,5755523751126;58,86645255663961;726,3312943178515
911;832,1;692,64;686,8282619594502;33,77629905197377;726,629159321167
912;832,9833333333333;695,088;687,0809715437879;64,11250469859006;726,9270243244823
913;833,8666666666667;695,7599999999999;687,3336811281255;71,00284973050667;727,2248893277977
914;834,75;698,448;687,5863907124632;117,97455631510554;727,5227543311131
915;835,6333333333333;697,56;687,8391002968008;94,49589103965764;727,8206193344286
916;836,5166666666667;701,9039999999999;688,0918098811385;190,77659587957234;728,1184843377439
917;837,4;697,008;688,3445194654761;75,05589497207548;728,4163493410592
918;838,2833333333333;701,064;688,5972290498137;155,4203779244087;728,7142143443747
919;839,1666666666666;699,144;688,8499386341514;105,96769940385715;729,0120793476901
920;840,05;699,528;689,102648218489;108,68795976825541;729,3099443510055
921;840,9333333333333;695,832;689,3553578028266;41,946894150207335;729,6078093543208
922;841,8166666666667;701,88;689,6080673871643;150,60033005398077;729,9056743576363
923;842,7;700,824;689,8607769715019;120,19225917259057;730,2035393609517
924;843,5833333333334;699,8159999999999;690,1134865558395;94,13876713411418;730,501404364267
925;844,4666666666667;700,128;690,3661961401772;95,29281459765254;730,7992693675824
926;845,35;690,6479999999999;690,6189057245148;0,0008464768660049721;731,0971343708978
927;846,2333333333333;687,72;690,8716153088525;9,932679054993162;731,3949993742133
928;847,1166666666667;688,512;691,1243248931901;6,824241347580847;731,6928643775286
929;848,0;693,288;691,3770344775278;3,6517892280775426;731,990729380844
930;848,8833333333333;689,088;691,6297440618654;6,460462876028101;732,2885943841594
931;849,7666666666667;675,384;691,882453646203;272,19897271590776;732,5864593874749
932;850,65;676,464;692,1351632305407;245,58535699824859;732,8843243907902
933;851,5333333333333;679,1999999999999;692,3878728148783;173,91998938140733;733,1821893941055
934;852,4166666666666;679,992;692,6405823992159;159,98663670975455;733,480054397421
935;853,3;687,288;692,8932919835536;31,41929822088992;733,7779194007364
936;854,1833333333333;717,0479999999999;693,1460015678912;571,3055290485273;734,0757844040518
937;855,0666666666667;726,456;693,3987111522288;1092,7843459649812;734,3736494073672
938;855,95;700,2719999999999;693,6514207365665;43,83206978340508;734,6715144106827
939;856,8333333333334;655,3919999999999;693,9041303209041;1483,1841818543037;734,969379413998
940;857,7166666666667;582,024;694,1568399052418;12573,773785214584;735,2672444173133
941;858,6;502,536;694,4095494895794;36815,45899373006;735,5651094206288
942;859,4833333333333;461,448;694,662259073917;54388,89063539608;735,8629744239443
943;860,3666666666667;418,2;694,9149686582547;76571,17387953888;736,1608394272596
944;861,25;410,232;695,1676782425923;81188,34073556606;736,4587044305749
945;862,1333333333333;451,848;695,42038782693;59327,508111712385;736,7565694338904
946;863,0166666666667;509,424;695,6730974112676;34688,72628651185;737,0544344372058
947;863,9;536,76;695,9258069956052;25333,75411656224;737,3522994405212
948;864,7833333333333;602,016;696,1785165799429;8866,579528668024;737,6501644438365
949;865,6666666666666;651,9119999999999;696,4312261642805;1981,9614982663622;737,948029447152
950;866,55;683,712;696,6839357486181;168,2711170662757;738,2458944504674
951;867,4333333333333;702,1919999999999;696,9366453329558;27,618752676422375;738,5437594537827
952;868,3166666666667;711,432;697,1893549172934;202,85293895194778;738,8416244570981
953;869,2;721,032;697,442064501631;556,4850568172133;739,1394894604135
954;870,0833333333334;724,32;697,6947740859687;708,9026549732079;739,437354463729
955;870,9666666666667;727,4879999999999;697,9474836703063;872,6421050248986;739,7352194670443
956;871,85;707,9039999999999;698,200193254644;94,16386535121477;740,0330844703597
957;872,7333333333333;708,384;698,4529028389816;98,62669082158857;740,3309494736751
958;873,6166666666667;692,952;698,7056124233193;33,104055917773984;740,6288144769906
959;874,5;695,688;698,9583220076569;10,69500603376497;740,9266794803059
960;875,3833333333333;698,064;699,2110315919945;1,3156814730334487;741,2245444836212
961;876,2666666666667;722,712;699,4637411763322;540,4815383322482;741,5224094869367
962;877,15;723,288;699,7164507606698;555,6179335421699;741,8202744902521
963;878,0333333333333;736,7280000000001;699,9691603450074;1351,2122927814637;742,1181394935675
964;878,9166666666666;737,016;700,2218699293451;1353,8080076562703;742,4160044968828
965;879,8;735,1919999999999;700,4745795136827;1205,299285223759;742,7138695001983
966;880,6833333333333;733,4879999999999;700,7272890980203;1073,26417880309;743,0117345035137
967;881,5666666666667;737,808;700,979998682358;1356,3016810522424;743,309599506829
968;882,45;739,032;701,2327082666956;1428,7864555394597;743,6074645101445
969;883,3333333333334;741,312;701,4854178510333;1586,1566456683959;743,90532951346
970;884,2166666666667;739,944;701,7381274353709;1459,6886984246778;744,2031945167753
971;885,1;745,536;701,9908370197085;1896,1812189801476;744,5010595200906
972;885,9833333333333;742,4879999999999;702,2435466040462;1619,616029139095;744,7989245234061
973;886,8666666666667;741,6239999999999;702,4962561883838;1530,9803357874653;745,0967895267215
974;887,75;739,3679999999999;702,7489657727215;1340,9536677385915;745,3946545300369
975;888,6333333333333;746,064;703,0016753570591;1854,3638036540347;745,6925195333522
976;889,5166666666667;745,176;703,2543849413967;1757,4218091217217;745,9903845366676
977;890,4;743,28;703,5070945257344;1581,8840098648664;746,2882495399831
978;891,2833333333333;745,512;703,759804110072;1743,2458616309184;746,5861145432984
979;892,1666666666666;747,984;704,0125136944096;1933,4916079227305;746,8839795466138
980;893,05;746,352;704,2652232787473;1771,2967747845785;747,1818445499292
981;893,9333333333333;744,0479999999999;704,5179328630849;1562,626207849009;747,4797095532447
982;894,8166666666667;748,7280000000001;704,7706424474226;1932,2492830051415;747,77757455656
983;895,7;749,496;705,0233520317602;1977,8164173069847;748,0754395598755
984;896,5833333333334;750,3599999999999;705,2760616160979;2032,5615002034742;748,3733045631909
985;897,4666666666667;747,408;705,5287712004354;1753,869804846286;748,6711695665063
986;898,35;750,7919999999999;705,7814807847731;2025,9468400243054;748,9690345698216
987;899,2333333333333;749,832;706,0341903691108;1918,2481284636124;749,266899573137
988;900,1166666666667;748,4879999999999;706,2868999534484;1780,9328451390552;749,5647645764525
989;901,0;715,848;706,539609537786;86,64613299703643;749,8626295797678
990;901,8833333333332;720,84;706,7923191221236;197,33733804665633;750,1604945830832
991;902,7666666666668;721,0559999999999;707,0450287064613;196,3073165883644;750,4583595863986
992;903,65;721,656;707,2977382907989;206,15967930991013;750,7562245897141
993;904,5333333333332;719,856;707,5504478751366;151,42661309773075;751,0540895930294
994;905,4166666666666;749,712;707,8031574594742;1756,351083086587;751,3519545963447
995;906,3;747,7919999999999;708,0558670438118;1578,9602623118626;751,6498195996602
996;907,1833333333332;746,208;708,3085766281495;1436,3662919187682;751,9476846029755
997;908,0666666666668;747,144;708,5612862124872;1488,6258032091325;752,245549606291
998;908,95;751,3919999999999;708,8139957968247;1812,886441925612;752,5434146096063
999;909,8333333333334;755,112;709,0667053811624;2120,169156535555;752,8412796129218
1000;910,7166666666668;753,9599999999999;709,3194149655001;1992,781832222412;753,1391446162372
1001;911,6;758,1840000000001;709,5721245498377;2363,114434782103;753,4370096195526
1002;912,4833333333332;760,8;709,8248341341753;2598,467535048339;753,7348746228679
1003;913,3666666666668;746,496;710,077543718513;1326,3039579265808;754,0327396261835
1004;914,25;685,848;710,3302533028506;599,3807267849395;754,3306046294988
1005;915,1333333333332;624,3359999999999;710,5829628871882;7438,538607264029;754,6284696328141
1006;916,0166666666668;559,944;710,8356724715259;22768,29682125425;754,9263346361296
1007;916,9;563,784;711,0883820558635;21698,580972859792;755,2241996394449
